Provincias con mayor número de pernoctaciones;Periodo;Total
02 Albacete;2026M06;2,54
02 Albacete;2026M05;2,61
02 Albacete;2026M04;2,68
02 Albacete;2026M03;2,48
02 Albacete;2026M02;2,96
02 Albacete;2026M01;3,07
02 Albacete;2025M12;2,58
02 Albacete;2025M11;2,22
02 Albacete;2025M10;2,25
02 Albacete;2025M09;2,32
02 Albacete;2025M08;3,17
02 Albacete;2025M07;2,77
02 Albacete;2025M06;2,29
02 Albacete;2025M05;2,32
02 Albacete;2025M04;2,44
02 Albacete;2025M03;2,25
02 Albacete;2025M02;2,3
02 Albacete;2025M01;2,47
02 Albacete;2024M12;2,67
02 Albacete;2024M11;2,18
02 Albacete;2024M10;2,22
02 Albacete;2024M09;2,32
02 Albacete;2024M08;3,49
02 Albacete;2024M07;3,04
02 Albacete;2024M06;2,22
02 Albacete;2024M05;2,24
02 Albacete;2024M04;2,2
02 Albacete;2024M03;2,53
02 Albacete;2024M02;2,16
02 Albacete;2024M01;2,15
02 Albacete;2023M12;2,48
02 Albacete;2023M11;2,04
02 Albacete;2023M10;2,33
02 Albacete;2023M09;2,49
02 Albacete;2023M08;4,08
02 Albacete;2023M07;3,04
02 Albacete;2023M06;2,13
02 Albacete;2023M05;2,23
02 Albacete;2023M04;2,65
02 Albacete;2023M03;2,09
02 Albacete;2023M02;2,11
02 Albacete;2023M01;2,02
02 Albacete;2022M12;2,31
02 Albacete;2022M11;2,02
02 Albacete;2022M10;2,17
02 Albacete;2022M09;2,51
02 Albacete;2022M08;3,72
02 Albacete;2022M07;2,77
02 Albacete;2022M06;2,32
02 Albacete;2022M05;2,12
02 Albacete;2022M04;2,61
02 Albacete;2022M03;2,45
02 Albacete;2022M02;2,23
02 Albacete;2022M01;2,32
02 Albacete;2021M12;2,57
02 Albacete;2021M11;2,36
02 Albacete;2021M10;2,42
02 Albacete;2021M09;2,7
02 Albacete;2021M08;4,08
02 Albacete;2021M07;3,2
02 Albacete;2021M06;2,18
02 Albacete;2021M05;2,34
02 Albacete;2021M04;2,71
02 Albacete;2021M03;3,05
02 Albacete;2021M02;7,26
02 Albacete;2021M01;29,29
02 Albacete;2020M12;5,72
02 Albacete;2020M11;7,96
02 Albacete;2020M10;2,96
02 Albacete;2020M09;2,88
02 Albacete;2020M08;3,69
02 Albacete;2020M07;2,96
02 Albacete;2020M06;2,86
02 Albacete;2020M05;2,96
02 Albacete;2020M04;.
02 Albacete;2020M03;2,76
02 Albacete;2020M02;2,14
02 Albacete;2020M01;2
02 Albacete;2019M12;2,38
02 Albacete;2019M11;2,13
02 Albacete;2019M10;2,03
02 Albacete;2019M09;2,31
02 Albacete;2019M08;3,51
02 Albacete;2019M07;2,7
02 Albacete;2019M06;2,04
02 Albacete;2019M05;2,18
02 Albacete;2019M04;2,29
02 Albacete;2019M03;1,89
02 Albacete;2019M02;2,02
02 Albacete;2019M01;2,1
02 Albacete;2018M12;2,54
02 Albacete;2018M11;2,01
02 Albacete;2018M10;2,23
02 Albacete;2018M09;2,04
02 Albacete;2018M08;3,51
02 Albacete;2018M07;2,79
02 Albacete;2018M06;2,09
02 Albacete;2018M05;2,15
02 Albacete;2018M04;2,16
02 Albacete;2018M03;2,42
02 Albacete;2018M02;2,17
02 Albacete;2018M01;2,19
02 Albacete;2017M12;2,59
02 Albacete;2017M11;2,15
02 Albacete;2017M10;2,19
02 Albacete;2017M09;2,24
02 Albacete;2017M08;4,02
02 Albacete;2017M07;2,4
02 Albacete;2017M06;1,85
02 Albacete;2017M05;1,97
02 Albacete;2017M04;2,58
02 Albacete;2017M03;1,87
02 Albacete;2017M02;1,98
02 Albacete;2017M01;2,36
02 Albacete;2016M12;2,32
02 Albacete;2016M11;2,14
02 Albacete;2016M10;2,2
02 Albacete;2016M09;2,21
02 Albacete;2016M08;3,76
02 Albacete;2016M07;2,97
02 Albacete;2016M06;2,2
02 Albacete;2016M05;2,19
02 Albacete;2016M04;2,23
02 Albacete;2016M03;2,99
02 Albacete;2016M02;2,11
02 Albacete;2016M01;2,58
02 Albacete;2015M12;2,6
02 Albacete;2015M11;2,35
02 Albacete;2015M10;2,4
02 Albacete;2015M09;2,6
02 Albacete;2015M08;4,92
02 Albacete;2015M07;3,08
02 Albacete;2015M06;2,04
02 Albacete;2015M05;2,3
02 Albacete;2015M04;2,47
02 Albacete;2015M03;2,23
02 Albacete;2015M02;2,07
02 Albacete;2015M01;2,66
02 Albacete;2014M12;2,37
02 Albacete;2014M11;2,04
02 Albacete;2014M10;2,03
02 Albacete;2014M09;2,57
02 Albacete;2014M08;4,24
02 Albacete;2014M07;3,79
02 Albacete;2014M06;2,26
02 Albacete;2014M05;2,14
02 Albacete;2014M04;2,83
02 Albacete;2014M03;2,23
02 Albacete;2014M02;1,97
02 Albacete;2014M01;2,41
02 Albacete;2013M12;2,5
02 Albacete;2013M11;2,36
02 Albacete;2013M10;2,29
02 Albacete;2013M09;3,06
02 Albacete;2013M08;4,4
02 Albacete;2013M07;3,38
02 Albacete;2013M06;2,13
02 Albacete;2013M05;2,44
02 Albacete;2013M04;2,02
02 Albacete;2013M03;2,66
02 Albacete;2013M02;2,04
02 Albacete;2013M01;2,08
02 Albacete;2012M12;3,13
02 Albacete;2012M11;4,16
02 Albacete;2012M10;2,37
02 Albacete;2012M09;3,6
02 Albacete;2012M08;4,58
02 Albacete;2012M07;2,38
02 Albacete;2012M06;2,51
02 Albacete;2012M05;2,14
02 Albacete;2012M04;3,1
02 Albacete;2012M03;2,38
02 Albacete;2012M02;2,07
02 Albacete;2012M01;3,13
02 Albacete;2011M12;2,14
02 Albacete;2011M11;2,11
02 Albacete;2011M10;2,3
02 Albacete;2011M09;2,49
02 Albacete;2011M08;4,26
02 Albacete;2011M07;2,33
02 Albacete;2011M06;2,58
02 Albacete;2011M05;2,42
02 Albacete;2011M04;2,69
02 Albacete;2011M03;2,35
02 Albacete;2011M02;2,39
02 Albacete;2011M01;2,96
02 Albacete;2010M12;4,02
02 Albacete;2010M11;2,55
02 Albacete;2010M10;3,18
02 Albacete;2010M09;2,98
02 Albacete;2010M08;6,52
02 Albacete;2010M07;3,73
02 Albacete;2010M06;2,5
02 Albacete;2010M05;2,17
02 Albacete;2010M04;3,1
02 Albacete;2010M03;2,63
02 Albacete;2010M02;2,49
02 Albacete;2010M01;2,84
02 Albacete;2009M12;3,17
02 Albacete;2009M11;2,04
02 Albacete;2009M10;2,79
02 Albacete;2009M09;3,01
02 Albacete;2009M08;5,57
02 Albacete;2009M07;2,94
02 Albacete;2009M06;2,44
02 Albacete;2009M05;2,68
02 Albacete;2009M04;2,87
02 Albacete;2009M03;2,45
02 Albacete;2009M02;2,46
02 Albacete;2009M01;6,32
02 Albacete;2008M12;2,75
02 Albacete;2008M11;1,89
02 Albacete;2008M10;2,46
02 Albacete;2008M09;2,64
02 Albacete;2008M08;4,65
02 Albacete;2008M07;3,18
02 Albacete;2008M06;2,35
02 Albacete;2008M05;3,34
02 Albacete;2008M04;2,2
02 Albacete;2008M03;3,6
02 Albacete;2008M02;1,91
02 Albacete;2008M01;2,72
02 Albacete;2007M12;2,81
02 Albacete;2007M11;2,7
02 Albacete;2007M10;2,56
02 Albacete;2007M09;2,36
02 Albacete;2007M08;4,46
02 Albacete;2007M07;3,55
02 Albacete;2007M06;2,35
02 Albacete;2007M05;2,33
02 Albacete;2007M04;3,14
02 Albacete;2007M03;2,04
02 Albacete;2007M02;2,14
02 Albacete;2007M01;2,25
02 Albacete;2006M12;2,88
02 Albacete;2006M11;2,17
02 Albacete;2006M10;2,53
02 Albacete;2006M09;2,49
02 Albacete;2006M08;5,14
02 Albacete;2006M07;3,1
02 Albacete;2006M06;2,01
02 Albacete;2006M05;2,36
02 Albacete;2006M04;2,84
02 Albacete;2006M03;2,23
02 Albacete;2006M02;2,05
02 Albacete;2006M01;2,15
02 Albacete;2005M12;2,38
02 Albacete;2005M11;2,11
02 Albacete;2005M10;2,44
02 Albacete;2005M09;2,82
02 Albacete;2005M08;5,97
02 Albacete;2005M07;2,77
02 Albacete;2005M06;1,96
02 Albacete;2005M05;2,66
02 Albacete;2005M04;1,95
02 Albacete;2005M03;3,71
02 Albacete;2005M02;2,24
02 Albacete;2005M01;2,31
03 Alicante/Alacant;2026M06;2,4
03 Alicante/Alacant;2026M05;2,51
03 Alicante/Alacant;2026M04;2,52
03 Alicante/Alacant;2026M03;2,03
03 Alicante/Alacant;2026M02;2,23
03 Alicante/Alacant;2026M01;2,24
03 Alicante/Alacant;2025M12;2,58
03 Alicante/Alacant;2025M11;2,21
03 Alicante/Alacant;2025M10;2,42
03 Alicante/Alacant;2025M09;2,93
03 Alicante/Alacant;2025M08;3,3
03 Alicante/Alacant;2025M07;3,33
03 Alicante/Alacant;2025M06;2,53
03 Alicante/Alacant;2025M05;2,43
03 Alicante/Alacant;2025M04;2,74
03 Alicante/Alacant;2025M03;2,34
03 Alicante/Alacant;2025M02;1,91
03 Alicante/Alacant;2025M01;1,7
03 Alicante/Alacant;2024M12;2,23
03 Alicante/Alacant;2024M11;2,05
03 Alicante/Alacant;2024M10;2,16
03 Alicante/Alacant;2024M09;2,18
03 Alicante/Alacant;2024M08;2,82
03 Alicante/Alacant;2024M07;2,64
03 Alicante/Alacant;2024M06;2,11
03 Alicante/Alacant;2024M05;2,25
03 Alicante/Alacant;2024M04;2,51
03 Alicante/Alacant;2024M03;2,31
03 Alicante/Alacant;2024M02;1,95
03 Alicante/Alacant;2024M01;1,66
03 Alicante/Alacant;2023M12;2,12
03 Alicante/Alacant;2023M11;2,21
03 Alicante/Alacant;2023M10;1,84
03 Alicante/Alacant;2023M09;2,03
03 Alicante/Alacant;2023M08;2,5
03 Alicante/Alacant;2023M07;2,06
03 Alicante/Alacant;2023M06;2,09
03 Alicante/Alacant;2023M05;2,06
03 Alicante/Alacant;2023M04;2,29
03 Alicante/Alacant;2023M03;2,2
03 Alicante/Alacant;2023M02;1,97
03 Alicante/Alacant;2023M01;1,97
03 Alicante/Alacant;2022M12;2,34
03 Alicante/Alacant;2022M11;2,3
03 Alicante/Alacant;2022M10;2,21
03 Alicante/Alacant;2022M09;2,2
03 Alicante/Alacant;2022M08;3,68
03 Alicante/Alacant;2022M07;2,8
03 Alicante/Alacant;2022M06;2,39
03 Alicante/Alacant;2022M05;2,3
03 Alicante/Alacant;2022M04;2,61
03 Alicante/Alacant;2022M03;2,54
03 Alicante/Alacant;2022M02;2,6
03 Alicante/Alacant;2022M01;2,57
03 Alicante/Alacant;2021M12;2,56
03 Alicante/Alacant;2021M11;2,36
03 Alicante/Alacant;2021M10;2,48
03 Alicante/Alacant;2021M09;2,35
03 Alicante/Alacant;2021M08;3,91
03 Alicante/Alacant;2021M07;3,46
03 Alicante/Alacant;2021M06;2,67
03 Alicante/Alacant;2021M05;2,27
03 Alicante/Alacant;2021M04;2,16
03 Alicante/Alacant;2021M03;2,37
03 Alicante/Alacant;2021M02;3,15
03 Alicante/Alacant;2021M01;2,61
03 Alicante/Alacant;2020M12;2,07
03 Alicante/Alacant;2020M11;2,2
03 Alicante/Alacant;2020M10;2,12
03 Alicante/Alacant;2020M09;1,95
03 Alicante/Alacant;2020M08;2,96
03 Alicante/Alacant;2020M07;3,11
03 Alicante/Alacant;2020M06;2,09
03 Alicante/Alacant;2020M05;3,09
03 Alicante/Alacant;2020M04;.
03 Alicante/Alacant;2020M03;2,81
03 Alicante/Alacant;2020M02;1,86
03 Alicante/Alacant;2020M01;2,26
03 Alicante/Alacant;2019M12;2,5
03 Alicante/Alacant;2019M11;2,27
03 Alicante/Alacant;2019M10;2,44
03 Alicante/Alacant;2019M09;2,51
03 Alicante/Alacant;2019M08;3,03
03 Alicante/Alacant;2019M07;3,14
03 Alicante/Alacant;2019M06;2,11
03 Alicante/Alacant;2019M05;2,47
03 Alicante/Alacant;2019M04;2,57
03 Alicante/Alacant;2019M03;2,25
03 Alicante/Alacant;2019M02;1,87
03 Alicante/Alacant;2019M01;2,45
03 Alicante/Alacant;2018M12;2,6
03 Alicante/Alacant;2018M11;2,29
03 Alicante/Alacant;2018M10;2,47
03 Alicante/Alacant;2018M09;2,53
03 Alicante/Alacant;2018M08;3,58
03 Alicante/Alacant;2018M07;3,76
03 Alicante/Alacant;2018M06;2,53
03 Alicante/Alacant;2018M05;2,51
03 Alicante/Alacant;2018M04;2,52
03 Alicante/Alacant;2018M03;2,9
03 Alicante/Alacant;2018M02;2,07
03 Alicante/Alacant;2018M01;2,4
03 Alicante/Alacant;2017M12;2,65
03 Alicante/Alacant;2017M11;2,42
03 Alicante/Alacant;2017M10;2,63
03 Alicante/Alacant;2017M09;2,91
03 Alicante/Alacant;2017M08;4,22
03 Alicante/Alacant;2017M07;3,67
03 Alicante/Alacant;2017M06;2,52
03 Alicante/Alacant;2017M05;2,59
03 Alicante/Alacant;2017M04;2,74
03 Alicante/Alacant;2017M03;2,51
03 Alicante/Alacant;2017M02;2,44
03 Alicante/Alacant;2017M01;2,26
03 Alicante/Alacant;2016M12;2,4
03 Alicante/Alacant;2016M11;2,11
03 Alicante/Alacant;2016M10;2,6
03 Alicante/Alacant;2016M09;2,95
03 Alicante/Alacant;2016M08;4,25
03 Alicante/Alacant;2016M07;3,81
03 Alicante/Alacant;2016M06;2,41
03 Alicante/Alacant;2016M05;2,48
03 Alicante/Alacant;2016M04;2,69
03 Alicante/Alacant;2016M03;3,04
03 Alicante/Alacant;2016M02;2,96
03 Alicante/Alacant;2016M01;3,63
03 Alicante/Alacant;2015M12;3,2
03 Alicante/Alacant;2015M11;2,93
03 Alicante/Alacant;2015M10;3,05
03 Alicante/Alacant;2015M09;3,33
03 Alicante/Alacant;2015M08;4,62
03 Alicante/Alacant;2015M07;4
03 Alicante/Alacant;2015M06;3,05
03 Alicante/Alacant;2015M05;3,01
03 Alicante/Alacant;2015M04;3,23
03 Alicante/Alacant;2015M03;2,78
03 Alicante/Alacant;2015M02;3,86
03 Alicante/Alacant;2015M01;3,82
03 Alicante/Alacant;2014M12;2,72
03 Alicante/Alacant;2014M11;2,46
03 Alicante/Alacant;2014M10;2,57
03 Alicante/Alacant;2014M09;2,83
03 Alicante/Alacant;2014M08;3,9
03 Alicante/Alacant;2014M07;3,41
03 Alicante/Alacant;2014M06;2,87
03 Alicante/Alacant;2014M05;3,45
03 Alicante/Alacant;2014M04;3,04
03 Alicante/Alacant;2014M03;2,56
03 Alicante/Alacant;2014M02;3,38
03 Alicante/Alacant;2014M01;2,92
03 Alicante/Alacant;2013M12;3,14
03 Alicante/Alacant;2013M11;2,2
03 Alicante/Alacant;2013M10;2,47
03 Alicante/Alacant;2013M09;3,28
03 Alicante/Alacant;2013M08;6,17
03 Alicante/Alacant;2013M07;4,52
03 Alicante/Alacant;2013M06;3,25
03 Alicante/Alacant;2013M05;2,36
03 Alicante/Alacant;2013M04;2,33
03 Alicante/Alacant;2013M03;2,59
03 Alicante/Alacant;2013M02;2,53
03 Alicante/Alacant;2013M01;4,62
03 Alicante/Alacant;2012M12;2,77
03 Alicante/Alacant;2012M11;2,5
03 Alicante/Alacant;2012M10;2,56
03 Alicante/Alacant;2012M09;3,51
03 Alicante/Alacant;2012M08;4,52
03 Alicante/Alacant;2012M07;2,88
03 Alicante/Alacant;2012M06;2,32
03 Alicante/Alacant;2012M05;2,33
03 Alicante/Alacant;2012M04;2,74
03 Alicante/Alacant;2012M03;2,35
03 Alicante/Alacant;2012M02;1,88
03 Alicante/Alacant;2012M01;2,65
03 Alicante/Alacant;2011M12;2,27
03 Alicante/Alacant;2011M11;1,67
03 Alicante/Alacant;2011M10;2,49
03 Alicante/Alacant;2011M09;2,69
03 Alicante/Alacant;2011M08;4,84
03 Alicante/Alacant;2011M07;3,43
03 Alicante/Alacant;2011M06;2,59
03 Alicante/Alacant;2011M05;3,54
03 Alicante/Alacant;2011M04;2,59
03 Alicante/Alacant;2011M03;2,58
03 Alicante/Alacant;2011M02;3,06
03 Alicante/Alacant;2011M01;4,4
03 Alicante/Alacant;2010M12;2,84
03 Alicante/Alacant;2010M11;2,77
03 Alicante/Alacant;2010M10;2,24
03 Alicante/Alacant;2010M09;3,26
03 Alicante/Alacant;2010M08;4,66
03 Alicante/Alacant;2010M07;4,79
03 Alicante/Alacant;2010M06;2,57
03 Alicante/Alacant;2010M05;2,5
03 Alicante/Alacant;2010M04;3,6
03 Alicante/Alacant;2010M03;2,76
03 Alicante/Alacant;2010M02;2,46
03 Alicante/Alacant;2010M01;3,22
03 Alicante/Alacant;2009M12;1,96
03 Alicante/Alacant;2009M11;1,96
03 Alicante/Alacant;2009M10;2,86
03 Alicante/Alacant;2009M09;2,37
03 Alicante/Alacant;2009M08;4,26
03 Alicante/Alacant;2009M07;4,28
03 Alicante/Alacant;2009M06;2,45
03 Alicante/Alacant;2009M05;2,04
03 Alicante/Alacant;2009M04;2,75
03 Alicante/Alacant;2009M03;2,54
03 Alicante/Alacant;2009M02;2,16
03 Alicante/Alacant;2009M01;4,32
03 Alicante/Alacant;2008M12;2,29
03 Alicante/Alacant;2008M11;1,91
03 Alicante/Alacant;2008M10;2,74
03 Alicante/Alacant;2008M09;3,4
03 Alicante/Alacant;2008M08;5,66
03 Alicante/Alacant;2008M07;4,88
03 Alicante/Alacant;2008M06;2,88
03 Alicante/Alacant;2008M05;2,31
03 Alicante/Alacant;2008M04;2,54
03 Alicante/Alacant;2008M03;3,13
03 Alicante/Alacant;2008M02;2,75
03 Alicante/Alacant;2008M01;2,57
03 Alicante/Alacant;2007M12;2,68
03 Alicante/Alacant;2007M11;2,08
03 Alicante/Alacant;2007M10;2,55
03 Alicante/Alacant;2007M09;2,52
03 Alicante/Alacant;2007M08;5,36
03 Alicante/Alacant;2007M07;3,55
03 Alicante/Alacant;2007M06;2,55
03 Alicante/Alacant;2007M05;2,57
03 Alicante/Alacant;2007M04;2,94
03 Alicante/Alacant;2007M03;2
03 Alicante/Alacant;2007M02;2,21
03 Alicante/Alacant;2007M01;2,45
03 Alicante/Alacant;2006M12;2,25
03 Alicante/Alacant;2006M11;2,66
03 Alicante/Alacant;2006M10;2,86
03 Alicante/Alacant;2006M09;2,85
03 Alicante/Alacant;2006M08;4,95
03 Alicante/Alacant;2006M07;3,39
03 Alicante/Alacant;2006M06;1,93
03 Alicante/Alacant;2006M05;2,31
03 Alicante/Alacant;2006M04;2,56
03 Alicante/Alacant;2006M03;2,05
03 Alicante/Alacant;2006M02;2,09
03 Alicante/Alacant;2006M01;3,04
03 Alicante/Alacant;2005M12;2,58
03 Alicante/Alacant;2005M11;4,74
03 Alicante/Alacant;2005M10;4,46
03 Alicante/Alacant;2005M09;2,87
03 Alicante/Alacant;2005M08;6,04
03 Alicante/Alacant;2005M07;6,01
03 Alicante/Alacant;2005M06;3,58
03 Alicante/Alacant;2005M05;3,38
03 Alicante/Alacant;2005M04;2,55
03 Alicante/Alacant;2005M03;3,4
03 Alicante/Alacant;2005M02;3,95
03 Alicante/Alacant;2005M01;2,89
04 Almería;2026M06;2,75
04 Almería;2026M05;2,29
04 Almería;2026M04;2,25
04 Almería;2026M03;2,23
04 Almería;2026M02;2,35
04 Almería;2026M01;2,4
04 Almería;2025M12;2,22
04 Almería;2025M11;1,94
04 Almería;2025M10;2,51
04 Almería;2025M09;2,72
04 Almería;2025M08;3,33
04 Almería;2025M07;2,8
04 Almería;2025M06;2,7
04 Almería;2025M05;2,19
04 Almería;2025M04;2,45
04 Almería;2025M03;2,01
04 Almería;2025M02;2,39
04 Almería;2025M01;2,26
04 Almería;2024M12;2,24
04 Almería;2024M11;2,12
04 Almería;2024M10;2,54
04 Almería;2024M09;2,98
04 Almería;2024M08;3,47
04 Almería;2024M07;3,11
04 Almería;2024M06;2,59
04 Almería;2024M05;2,05
04 Almería;2024M04;2,39
04 Almería;2024M03;2,26
04 Almería;2024M02;2,2
04 Almería;2024M01;2,15
04 Almería;2023M12;3,13
04 Almería;2023M11;2,69
04 Almería;2023M10;2,79
04 Almería;2023M09;2,79
04 Almería;2023M08;3,87
04 Almería;2023M07;3,57
04 Almería;2023M06;2,85
04 Almería;2023M05;2,46
04 Almería;2023M04;2,87
04 Almería;2023M03;2,53
04 Almería;2023M02;2,82
04 Almería;2023M01;3,1
04 Almería;2022M12;2,95
04 Almería;2022M11;2,65
04 Almería;2022M10;2,59
04 Almería;2022M09;2,81
04 Almería;2022M08;3,37
04 Almería;2022M07;3,02
04 Almería;2022M06;2,76
04 Almería;2022M05;2,53
04 Almería;2022M04;2,84
04 Almería;2022M03;2,68
04 Almería;2022M02;2,46
04 Almería;2022M01;2,51
04 Almería;2021M12;2,76
04 Almería;2021M11;2,34
04 Almería;2021M10;2,5
04 Almería;2021M09;2,74
04 Almería;2021M08;3,78
04 Almería;2021M07;3,26
04 Almería;2021M06;2,26
04 Almería;2021M05;2,99
04 Almería;2021M04;2,98
04 Almería;2021M03;3,53
04 Almería;2021M02;7,68
04 Almería;2021M01;5,5
04 Almería;2020M12;7,88
04 Almería;2020M11;.
04 Almería;2020M10;2,38
04 Almería;2020M09;2,35
04 Almería;2020M08;4,09
04 Almería;2020M07;2,71
04 Almería;2020M06;1,83
04 Almería;2020M05;.
04 Almería;2020M04;.
04 Almería;2020M03;2,69
04 Almería;2020M02;2,29
04 Almería;2020M01;2,45
04 Almería;2019M12;2,36
04 Almería;2019M11;2,29
04 Almería;2019M10;2,72
04 Almería;2019M09;3,41
04 Almería;2019M08;3,64
04 Almería;2019M07;2,99
04 Almería;2019M06;2,53
04 Almería;2019M05;2,73
04 Almería;2019M04;2,8
04 Almería;2019M03;2,36
04 Almería;2019M02;2,12
04 Almería;2019M01;1,98
04 Almería;2018M12;2,99
04 Almería;2018M11;2,44
04 Almería;2018M10;2,5
04 Almería;2018M09;3
04 Almería;2018M08;3,61
04 Almería;2018M07;3,19
04 Almería;2018M06;2,53
04 Almería;2018M05;2,68
04 Almería;2018M04;2,52
04 Almería;2018M03;2,44
04 Almería;2018M02;2,4
04 Almería;2018M01;2,17
04 Almería;2017M12;2,37
04 Almería;2017M11;2,06
04 Almería;2017M10;2,61
04 Almería;2017M09;3,02
04 Almería;2017M08;3,48
04 Almería;2017M07;3,13
04 Almería;2017M06;2,86
04 Almería;2017M05;3,26
04 Almería;2017M04;2,5
04 Almería;2017M03;2,2
04 Almería;2017M02;2,33
04 Almería;2017M01;3,37
04 Almería;2016M12;2,67
04 Almería;2016M11;2,36
04 Almería;2016M10;2,64
04 Almería;2016M09;3,47
04 Almería;2016M08;4,44
04 Almería;2016M07;3,24
04 Almería;2016M06;2,96
04 Almería;2016M05;3,11
04 Almería;2016M04;3,06
04 Almería;2016M03;3,12
04 Almería;2016M02;2,94
04 Almería;2016M01;3,49
04 Almería;2015M12;2,33
04 Almería;2015M11;2,29
04 Almería;2015M10;2,69
04 Almería;2015M09;3,53
04 Almería;2015M08;5,11
04 Almería;2015M07;4,55
04 Almería;2015M06;3,25
04 Almería;2015M05;2,33
04 Almería;2015M04;3,1
04 Almería;2015M03;2,42
04 Almería;2015M02;2,44
04 Almería;2015M01;4,27
04 Almería;2014M12;2,74
04 Almería;2014M11;2,55
04 Almería;2014M10;3,29
04 Almería;2014M09;3,63
04 Almería;2014M08;5,72
04 Almería;2014M07;4,19
04 Almería;2014M06;3,02
04 Almería;2014M05;3,22
04 Almería;2014M04;3,36
04 Almería;2014M03;2,28
04 Almería;2014M02;1,95
04 Almería;2014M01;2,34
04 Almería;2013M12;2,42
04 Almería;2013M11;2,78
04 Almería;2013M10;2,31
04 Almería;2013M09;3,97
04 Almería;2013M08;5,6
04 Almería;2013M07;3,13
04 Almería;2013M06;2,73
04 Almería;2013M05;2,58
04 Almería;2013M04;2,63
04 Almería;2013M03;2,59
04 Almería;2013M02;1,9
04 Almería;2013M01;3,17
04 Almería;2012M12;2,12
04 Almería;2012M11;2,58
04 Almería;2012M10;3,15
04 Almería;2012M09;3,78
04 Almería;2012M08;4,17
04 Almería;2012M07;2,67
04 Almería;2012M06;2,94
04 Almería;2012M05;3,26
04 Almería;2012M04;2,28
04 Almería;2012M03;2,84
04 Almería;2012M02;2,06
04 Almería;2012M01;1,99
04 Almería;2011M12;1,95
04 Almería;2011M11;1,85
04 Almería;2011M10;2,68
04 Almería;2011M09;2,38
04 Almería;2011M08;4,29
04 Almería;2011M07;3,55
04 Almería;2011M06;3,5
04 Almería;2011M05;3,45
04 Almería;2011M04;2,54
04 Almería;2011M03;3,79
04 Almería;2011M02;2,57
04 Almería;2011M01;5,15
04 Almería;2010M12;2,85
04 Almería;2010M11;2,67
04 Almería;2010M10;3,56
04 Almería;2010M09;3,31
04 Almería;2010M08;5,71
04 Almería;2010M07;3,35
04 Almería;2010M06;2,99
04 Almería;2010M05;3,52
04 Almería;2010M04;4,33
04 Almería;2010M03;3,24
04 Almería;2010M02;1,89
04 Almería;2010M01;6,38
04 Almería;2009M12;2,14
04 Almería;2009M11;3,38
04 Almería;2009M10;3,1
04 Almería;2009M09;2,75
04 Almería;2009M08;5,51
04 Almería;2009M07;3,74
04 Almería;2009M06;2,82
04 Almería;2009M05;3,64
04 Almería;2009M04;3,23
04 Almería;2009M03;2,76
04 Almería;2009M02;2,45
04 Almería;2009M01;4,53
04 Almería;2008M12;2,65
04 Almería;2008M11;3,59
04 Almería;2008M10;2,96
04 Almería;2008M09;3,92
04 Almería;2008M08;6,58
04 Almería;2008M07;4,42
04 Almería;2008M06;2,77
04 Almería;2008M05;3,55
04 Almería;2008M04;2,49
04 Almería;2008M03;3,49
04 Almería;2008M02;2,29
04 Almería;2008M01;2,58
04 Almería;2007M12;2,78
04 Almería;2007M11;2,84
04 Almería;2007M10;2,88
04 Almería;2007M09;3,7
04 Almería;2007M08;6,01
04 Almería;2007M07;4,09
04 Almería;2007M06;2,88
04 Almería;2007M05;3,27
04 Almería;2007M04;3,46
04 Almería;2007M03;2,65
04 Almería;2007M02;1,99
04 Almería;2007M01;2,58
04 Almería;2006M12;2,95
04 Almería;2006M11;2,54
04 Almería;2006M10;3,13
04 Almería;2006M09;4,46
04 Almería;2006M08;6,61
04 Almería;2006M07;3,89
04 Almería;2006M06;3,52
04 Almería;2006M05;3,51
04 Almería;2006M04;3,29
04 Almería;2006M03;3,32
04 Almería;2006M02;2,49
04 Almería;2006M01;3,26
04 Almería;2005M12;3,67
04 Almería;2005M11;2,66
04 Almería;2005M10;3,37
04 Almería;2005M09;3,36
04 Almería;2005M08;7,33
04 Almería;2005M07;5,62
04 Almería;2005M06;5,07
04 Almería;2005M05;4,45
04 Almería;2005M04;2,76
04 Almería;2005M03;2,92
04 Almería;2005M02;2,17
04 Almería;2005M01;2,96
01 Araba/Álava;2026M06;2,15
01 Araba/Álava;2026M05;2,27
01 Araba/Álava;2026M04;2,43
01 Araba/Álava;2026M03;2,72
01 Araba/Álava;2026M02;2,71
01 Araba/Álava;2026M01;2,32
01 Araba/Álava;2025M12;2,52
01 Araba/Álava;2025M11;2,29
01 Araba/Álava;2025M10;2,18
01 Araba/Álava;2025M09;2,39
01 Araba/Álava;2025M08;4,23
01 Araba/Álava;2025M07;2,93
01 Araba/Álava;2025M06;2,33
01 Araba/Álava;2025M05;2,28
01 Araba/Álava;2025M04;2,79
01 Araba/Álava;2025M03;2,11
01 Araba/Álava;2025M02;2
01 Araba/Álava;2025M01;2,2
01 Araba/Álava;2024M12;2,38
01 Araba/Álava;2024M11;2,16
01 Araba/Álava;2024M10;2,01
01 Araba/Álava;2024M09;2,09
01 Araba/Álava;2024M08;3,09
01 Araba/Álava;2024M07;2,57
01 Araba/Álava;2024M06;2,15
01 Araba/Álava;2024M05;1,94
01 Araba/Álava;2024M04;1,98
01 Araba/Álava;2024M03;2,28
01 Araba/Álava;2024M02;1,98
01 Araba/Álava;2024M01;1,96
01 Araba/Álava;2023M12;2,55
01 Araba/Álava;2023M11;1,99
01 Araba/Álava;2023M10;2,13
01 Araba/Álava;2023M09;2,11
01 Araba/Álava;2023M08;3,21
01 Araba/Álava;2023M07;2,48
01 Araba/Álava;2023M06;1,91
01 Araba/Álava;2023M05;1,9
01 Araba/Álava;2023M04;2,4
01 Araba/Álava;2023M03;1,71
01 Araba/Álava;2023M02;1,81
01 Araba/Álava;2023M01;1,89
01 Araba/Álava;2022M12;2,54
01 Araba/Álava;2022M11;1,89
01 Araba/Álava;2022M10;2,32
01 Araba/Álava;2022M09;2,04
01 Araba/Álava;2022M08;3,49
01 Araba/Álava;2022M07;2,6
01 Araba/Álava;2022M06;2,08
01 Araba/Álava;2022M05;2,08
01 Araba/Álava;2022M04;2,52
01 Araba/Álava;2022M03;2,13
01 Araba/Álava;2022M02;2,16
01 Araba/Álava;2022M01;2,53
01 Araba/Álava;2021M12;2,71
01 Araba/Álava;2021M11;2
01 Araba/Álava;2021M10;2,07
01 Araba/Álava;2021M09;2,13
01 Araba/Álava;2021M08;3,71
01 Araba/Álava;2021M07;2,64
01 Araba/Álava;2021M06;2,25
01 Araba/Álava;2021M05;2,1
01 Araba/Álava;2021M04;3,3
01 Araba/Álava;2021M03;3,79
01 Araba/Álava;2021M02;8,77
01 Araba/Álava;2021M01;4,23
01 Araba/Álava;2020M12;3,35
01 Araba/Álava;2020M11;4,25
01 Araba/Álava;2020M10;2,13
01 Araba/Álava;2020M09;2,55
01 Araba/Álava;2020M08;3,56
01 Araba/Álava;2020M07;2,46
01 Araba/Álava;2020M06;2,36
01 Araba/Álava;2020M05;2,89
01 Araba/Álava;2020M04;.
01 Araba/Álava;2020M03;2,75
01 Araba/Álava;2020M02;2,08
01 Araba/Álava;2020M01;2,01
01 Araba/Álava;2019M12;2,3
01 Araba/Álava;2019M11;2,17
01 Araba/Álava;2019M10;1,78
01 Araba/Álava;2019M09;2,16
01 Araba/Álava;2019M08;2,98
01 Araba/Álava;2019M07;2,25
01 Araba/Álava;2019M06;1,86
01 Araba/Álava;2019M05;1,94
01 Araba/Álava;2019M04;2,41
01 Araba/Álava;2019M03;1,85
01 Araba/Álava;2019M02;2,14
01 Araba/Álava;2019M01;2,64
01 Araba/Álava;2018M12;2,67
01 Araba/Álava;2018M11;2,21
01 Araba/Álava;2018M10;2,17
01 Araba/Álava;2018M09;1,96
01 Araba/Álava;2018M08;2,82
01 Araba/Álava;2018M07;2,42
01 Araba/Álava;2018M06;1,9
01 Araba/Álava;2018M05;1,84
01 Araba/Álava;2018M04;2,27
01 Araba/Álava;2018M03;2,3
01 Araba/Álava;2018M02;2,06
01 Araba/Álava;2018M01;2,2
01 Araba/Álava;2017M12;2,58
01 Araba/Álava;2017M11;1,88
01 Araba/Álava;2017M10;2,2
01 Araba/Álava;2017M09;1,94
01 Araba/Álava;2017M08;3
01 Araba/Álava;2017M07;2,28
01 Araba/Álava;2017M06;1,87
01 Araba/Álava;2017M05;1,86
01 Araba/Álava;2017M04;2,32
01 Araba/Álava;2017M03;1,74
01 Araba/Álava;2017M02;1,93
01 Araba/Álava;2017M01;1,88
01 Araba/Álava;2016M12;2,07
01 Araba/Álava;2016M11;1,76
01 Araba/Álava;2016M10;2,06
01 Araba/Álava;2016M09;1,92
01 Araba/Álava;2016M08;3,07
01 Araba/Álava;2016M07;2,25
01 Araba/Álava;2016M06;2,34
01 Araba/Álava;2016M05;2,04
01 Araba/Álava;2016M04;2,04
01 Araba/Álava;2016M03;2,69
01 Araba/Álava;2016M02;2,45
01 Araba/Álava;2016M01;2,77
01 Araba/Álava;2015M12;2,42
01 Araba/Álava;2015M11;2
01 Araba/Álava;2015M10;2,2
01 Araba/Álava;2015M09;2,12
01 Araba/Álava;2015M08;3,42
01 Araba/Álava;2015M07;2,39
01 Araba/Álava;2015M06;2,05
01 Araba/Álava;2015M05;2,17
01 Araba/Álava;2015M04;2,5
01 Araba/Álava;2015M03;2
01 Araba/Álava;2015M02;1,98
01 Araba/Álava;2015M01;2,35
01 Araba/Álava;2014M12;2,27
01 Araba/Álava;2014M11;1,96
01 Araba/Álava;2014M10;1,76
01 Araba/Álava;2014M09;1,85
01 Araba/Álava;2014M08;2,76
01 Araba/Álava;2014M07;2,23
01 Araba/Álava;2014M06;1,8
01 Araba/Álava;2014M05;1,94
01 Araba/Álava;2014M04;2,42
01 Araba/Álava;2014M03;1,69
01 Araba/Álava;2014M02;1,46
01 Araba/Álava;2014M01;2,03
01 Araba/Álava;2013M12;2,19
01 Araba/Álava;2013M11;1,9
01 Araba/Álava;2013M10;1,84
01 Araba/Álava;2013M09;2,2
01 Araba/Álava;2013M08;3
01 Araba/Álava;2013M07;2,58
01 Araba/Álava;2013M06;1,92
01 Araba/Álava;2013M05;2,09
01 Araba/Álava;2013M04;1,93
01 Araba/Álava;2013M03;2,59
01 Araba/Álava;2013M02;2,07
01 Araba/Álava;2013M01;2,1
01 Araba/Álava;2012M12;2,21
01 Araba/Álava;2012M11;2,12
01 Araba/Álava;2012M10;2,3
01 Araba/Álava;2012M09;2,42
01 Araba/Álava;2012M08;3,53
01 Araba/Álava;2012M07;2,74
01 Araba/Álava;2012M06;1,9
01 Araba/Álava;2012M05;2,35
01 Araba/Álava;2012M04;2,65
01 Araba/Álava;2012M03;1,75
01 Araba/Álava;2012M02;2,16
01 Araba/Álava;2012M01;2,43
01 Araba/Álava;2011M12;2,38
01 Araba/Álava;2011M11;1,82
01 Araba/Álava;2011M10;1,93
01 Araba/Álava;2011M09;2,04
01 Araba/Álava;2011M08;3,54
01 Araba/Álava;2011M07;2,72
01 Araba/Álava;2011M06;2,06
01 Araba/Álava;2011M05;2,13
01 Araba/Álava;2011M04;2,71
01 Araba/Álava;2011M03;1,97
01 Araba/Álava;2011M02;2,42
01 Araba/Álava;2011M01;2,39
01 Araba/Álava;2010M12;2,99
01 Araba/Álava;2010M11;2,07
01 Araba/Álava;2010M10;2,34
01 Araba/Álava;2010M09;2,22
01 Araba/Álava;2010M08;3,95
01 Araba/Álava;2010M07;2,39
01 Araba/Álava;2010M06;2,05
01 Araba/Álava;2010M05;1,9
01 Araba/Álava;2010M04;2,5
01 Araba/Álava;2010M03;1,84
01 Araba/Álava;2010M02;2,34
01 Araba/Álava;2010M01;2,8
01 Araba/Álava;2009M12;2,33
01 Araba/Álava;2009M11;2,07
01 Araba/Álava;2009M10;2,29
01 Araba/Álava;2009M09;2,11
01 Araba/Álava;2009M08;3,82
01 Araba/Álava;2009M07;2,44
01 Araba/Álava;2009M06;2,09
01 Araba/Álava;2009M05;2,21
01 Araba/Álava;2009M04;2,27
01 Araba/Álava;2009M03;2,4
01 Araba/Álava;2009M02;2,45
01 Araba/Álava;2009M01;2,5
01 Araba/Álava;2008M12;2,58
01 Araba/Álava;2008M11;2,18
01 Araba/Álava;2008M10;2,05
01 Araba/Álava;2008M09;2,24
01 Araba/Álava;2008M08;3,74
01 Araba/Álava;2008M07;2,43
01 Araba/Álava;2008M06;2,14
01 Araba/Álava;2008M05;2,47
01 Araba/Álava;2008M04;1,96
01 Araba/Álava;2008M03;2,83
01 Araba/Álava;2008M02;2,26
01 Araba/Álava;2008M01;1,78
01 Araba/Álava;2007M12;2,39
01 Araba/Álava;2007M11;2,26
01 Araba/Álava;2007M10;2,38
01 Araba/Álava;2007M09;2,26
01 Araba/Álava;2007M08;3,89
01 Araba/Álava;2007M07;2,53
01 Araba/Álava;2007M06;1,99
01 Araba/Álava;2007M05;2,48
01 Araba/Álava;2007M04;2,67
01 Araba/Álava;2007M03;1,79
01 Araba/Álava;2007M02;2,14
01 Araba/Álava;2007M01;1,99
01 Araba/Álava;2006M12;2,32
01 Araba/Álava;2006M11;2
01 Araba/Álava;2006M10;2,26
01 Araba/Álava;2006M09;2,3
01 Araba/Álava;2006M08;3,59
01 Araba/Álava;2006M07;2,85
01 Araba/Álava;2006M06;1,95
01 Araba/Álava;2006M05;1,99
01 Araba/Álava;2006M04;2,34
01 Araba/Álava;2006M03;1,78
01 Araba/Álava;2006M02;1,8
01 Araba/Álava;2006M01;1,75
01 Araba/Álava;2005M12;2,08
01 Araba/Álava;2005M11;1,79
01 Araba/Álava;2005M10;2,03
01 Araba/Álava;2005M09;1,88
01 Araba/Álava;2005M08;3,57
01 Araba/Álava;2005M07;2,57
01 Araba/Álava;2005M06;1,75
01 Araba/Álava;2005M05;1,98
01 Araba/Álava;2005M04;1,64
01 Araba/Álava;2005M03;2,52
01 Araba/Álava;2005M02;2,1
01 Araba/Álava;2005M01;1,76
33 Asturias;2026M06;2,66
33 Asturias;2026M05;2,13
33 Asturias;2026M04;2,53
33 Asturias;2026M03;2,42
33 Asturias;2026M02;2,33
33 Asturias;2026M01;2,95
33 Asturias;2025M12;2,3
33 Asturias;2025M11;2,1
33 Asturias;2025M10;2,23
33 Asturias;2025M09;2,76
33 Asturias;2025M08;4,06
33 Asturias;2025M07;4,01
33 Asturias;2025M06;2,66
33 Asturias;2025M05;2,21
33 Asturias;2025M04;2,56
33 Asturias;2025M03;2,55
33 Asturias;2025M02;1,96
33 Asturias;2025M01;2,59
33 Asturias;2024M12;3,24
33 Asturias;2024M11;2,31
33 Asturias;2024M10;2,34
33 Asturias;2024M09;3,1
33 Asturias;2024M08;4,28
33 Asturias;2024M07;3,55
33 Asturias;2024M06;2,35
33 Asturias;2024M05;2,37
33 Asturias;2024M04;1,98
33 Asturias;2024M03;2,59
33 Asturias;2024M02;2,14
33 Asturias;2024M01;2,06
33 Asturias;2023M12;2,75
33 Asturias;2023M11;2,01
33 Asturias;2023M10;2,5
33 Asturias;2023M09;2,95
33 Asturias;2023M08;4,38
33 Asturias;2023M07;3,8
33 Asturias;2023M06;2,61
33 Asturias;2023M05;2,45
33 Asturias;2023M04;2,67
33 Asturias;2023M03;2,08
33 Asturias;2023M02;2,07
33 Asturias;2023M01;2,3
33 Asturias;2022M12;2,84
33 Asturias;2022M11;2,64
33 Asturias;2022M10;2,54
33 Asturias;2022M09;3,22
33 Asturias;2022M08;4,59
33 Asturias;2022M07;4,15
33 Asturias;2022M06;2,79
33 Asturias;2022M05;2,08
33 Asturias;2022M04;3,04
33 Asturias;2022M03;2,48
33 Asturias;2022M02;2,42
33 Asturias;2022M01;2,5
33 Asturias;2021M12;2,97
33 Asturias;2021M11;2,41
33 Asturias;2021M10;2,62
33 Asturias;2021M09;3,04
33 Asturias;2021M08;4,76
33 Asturias;2021M07;4,49
33 Asturias;2021M06;2,89
33 Asturias;2021M05;2,16
33 Asturias;2021M04;3,02
33 Asturias;2021M03;5,8
33 Asturias;2021M02;7,78
33 Asturias;2021M01;7,7
33 Asturias;2020M12;4,48
33 Asturias;2020M11;4,32
33 Asturias;2020M10;2,53
33 Asturias;2020M09;3,03
33 Asturias;2020M08;4,7
33 Asturias;2020M07;4,45
33 Asturias;2020M06;2,43
33 Asturias;2020M05;1,64
33 Asturias;2020M04;.
33 Asturias;2020M03;2,24
33 Asturias;2020M02;1,96
33 Asturias;2020M01;2,12
33 Asturias;2019M12;2,52
33 Asturias;2019M11;2,17
33 Asturias;2019M10;2,21
33 Asturias;2019M09;2,92
33 Asturias;2019M08;4,76
33 Asturias;2019M07;4
33 Asturias;2019M06;2,47
33 Asturias;2019M05;2,48
33 Asturias;2019M04;2,92
33 Asturias;2019M03;2,23
33 Asturias;2019M02;1,97
33 Asturias;2019M01;2,12
33 Asturias;2018M12;2,71
33 Asturias;2018M11;2,48
33 Asturias;2018M10;2,47
33 Asturias;2018M09;3,01
33 Asturias;2018M08;4,52
33 Asturias;2018M07;4,06
33 Asturias;2018M06;2,64
33 Asturias;2018M05;2,35
33 Asturias;2018M04;2,43
33 Asturias;2018M03;2,87
33 Asturias;2018M02;2,1
33 Asturias;2018M01;1,84
33 Asturias;2017M12;2,8
33 Asturias;2017M11;2,17
33 Asturias;2017M10;2,58
33 Asturias;2017M09;3,13
33 Asturias;2017M08;4,9
33 Asturias;2017M07;4,01
33 Asturias;2017M06;2,64
33 Asturias;2017M05;2,2
33 Asturias;2017M04;2,8
33 Asturias;2017M03;2,21
33 Asturias;2017M02;2,05
33 Asturias;2017M01;2,39
33 Asturias;2016M12;2,73
33 Asturias;2016M11;2,5
33 Asturias;2016M10;2,76
33 Asturias;2016M09;2,97
33 Asturias;2016M08;4,79
33 Asturias;2016M07;4,04
33 Asturias;2016M06;2,66
33 Asturias;2016M05;2,39
33 Asturias;2016M04;2,02
33 Asturias;2016M03;3,05
33 Asturias;2016M02;2,08
33 Asturias;2016M01;2,39
33 Asturias;2015M12;2,62
33 Asturias;2015M11;2,13
33 Asturias;2015M10;2,45
33 Asturias;2015M09;3,01
33 Asturias;2015M08;4,54
33 Asturias;2015M07;3,9
33 Asturias;2015M06;2,69
33 Asturias;2015M05;2,18
33 Asturias;2015M04;2,63
33 Asturias;2015M03;2,14
33 Asturias;2015M02;2,09
33 Asturias;2015M01;2,27
33 Asturias;2014M12;2,54
33 Asturias;2014M11;2,29
33 Asturias;2014M10;2,18
33 Asturias;2014M09;2,92
33 Asturias;2014M08;4,2
33 Asturias;2014M07;3,81
33 Asturias;2014M06;2,68
33 Asturias;2014M05;2,35
33 Asturias;2014M04;2,73
33 Asturias;2014M03;2,16
33 Asturias;2014M02;2,02
33 Asturias;2014M01;2,37
33 Asturias;2013M12;2,44
33 Asturias;2013M11;2,2
33 Asturias;2013M10;2,2
33 Asturias;2013M09;2,85
33 Asturias;2013M08;4,68
33 Asturias;2013M07;4,26
33 Asturias;2013M06;2,39
33 Asturias;2013M05;2,45
33 Asturias;2013M04;2,18
33 Asturias;2013M03;2,68
33 Asturias;2013M02;2,13
33 Asturias;2013M01;2,35
33 Asturias;2012M12;2,29
33 Asturias;2012M11;2,48
33 Asturias;2012M10;2,33
33 Asturias;2012M09;3,08
33 Asturias;2012M08;4,83
33 Asturias;2012M07;4,07
33 Asturias;2012M06;2,49
33 Asturias;2012M05;2,07
33 Asturias;2012M04;2,7
33 Asturias;2012M03;2,03
33 Asturias;2012M02;2
33 Asturias;2012M01;2,19
33 Asturias;2011M12;2,19
33 Asturias;2011M11;2,16
33 Asturias;2011M10;2,77
33 Asturias;2011M09;3,63
33 Asturias;2011M08;6,06
33 Asturias;2011M07;4,59
33 Asturias;2011M06;2,66
33 Asturias;2011M05;2,1
33 Asturias;2011M04;2,62
33 Asturias;2011M03;2,03
33 Asturias;2011M02;2,07
33 Asturias;2011M01;2,69
33 Asturias;2010M12;3,24
33 Asturias;2010M11;2,54
33 Asturias;2010M10;2,71
33 Asturias;2010M09;3,59
33 Asturias;2010M08;5,44
33 Asturias;2010M07;4,4
33 Asturias;2010M06;2,91
33 Asturias;2010M05;2,12
33 Asturias;2010M04;3,68
33 Asturias;2010M03;2,37
33 Asturias;2010M02;2,33
33 Asturias;2010M01;2,54
33 Asturias;2009M12;2,76
33 Asturias;2009M11;2,6
33 Asturias;2009M10;2,93
33 Asturias;2009M09;3,2
33 Asturias;2009M08;5,51
33 Asturias;2009M07;4,26
33 Asturias;2009M06;2,95
33 Asturias;2009M05;2,35
33 Asturias;2009M04;2,96
33 Asturias;2009M03;2,74
33 Asturias;2009M02;2,47
33 Asturias;2009M01;2,81
33 Asturias;2008M12;2,76
33 Asturias;2008M11;2,59
33 Asturias;2008M10;2,19
33 Asturias;2008M09;3,4
33 Asturias;2008M08;5,87
33 Asturias;2008M07;4,66
33 Asturias;2008M06;2,7
33 Asturias;2008M05;2,97
33 Asturias;2008M04;2,1
33 Asturias;2008M03;3,63
33 Asturias;2008M02;2,22
33 Asturias;2008M01;2,62
33 Asturias;2007M12;2,73
33 Asturias;2007M11;2,88
33 Asturias;2007M10;2,62
33 Asturias;2007M09;3,5
33 Asturias;2007M08;6,22
33 Asturias;2007M07;5,1
33 Asturias;2007M06;2,83
33 Asturias;2007M05;2,51
33 Asturias;2007M04;3,26
33 Asturias;2007M03;2,32
33 Asturias;2007M02;2,2
33 Asturias;2007M01;2,8
33 Asturias;2006M12;2,55
33 Asturias;2006M11;2,24
33 Asturias;2006M10;2,69
33 Asturias;2006M09;4,62
33 Asturias;2006M08;6,24
33 Asturias;2006M07;4,82
33 Asturias;2006M06;2,88
33 Asturias;2006M05;2,41
33 Asturias;2006M04;2,91
33 Asturias;2006M03;2,09
33 Asturias;2006M02;2,4
33 Asturias;2006M01;2,72
33 Asturias;2005M12;2,75
33 Asturias;2005M11;1,92
33 Asturias;2005M10;2,42
33 Asturias;2005M09;3,74
33 Asturias;2005M08;5,77
33 Asturias;2005M07;5,52
33 Asturias;2005M06;2,96
33 Asturias;2005M05;2,19
33 Asturias;2005M04;1,55
33 Asturias;2005M03;3,01
33 Asturias;2005M02;2,13
33 Asturias;2005M01;2,79
05 Ávila;2026M06;1,99
05 Ávila;2026M05;2
05 Ávila;2026M04;2,17
05 Ávila;2026M03;1,98
05 Ávila;2026M02;2,18
05 Ávila;2026M01;2,21
05 Ávila;2025M12;2,38
05 Ávila;2025M11;2,03
05 Ávila;2025M10;2,2
05 Ávila;2025M09;2,14
05 Ávila;2025M08;3,59
05 Ávila;2025M07;2,7
05 Ávila;2025M06;2,11
05 Ávila;2025M05;2,15
05 Ávila;2025M04;2,77
05 Ávila;2025M03;2,16
05 Ávila;2025M02;2,16
05 Ávila;2025M01;2,23
05 Ávila;2024M12;2,6
05 Ávila;2024M11;2,26
05 Ávila;2024M10;2,28
05 Ávila;2024M09;2,26
05 Ávila;2024M08;3,42
05 Ávila;2024M07;3,07
05 Ávila;2024M06;2,04
05 Ávila;2024M05;2,02
05 Ávila;2024M04;2,09
05 Ávila;2024M03;2,7
05 Ávila;2024M02;2,45
05 Ávila;2024M01;2,27
05 Ávila;2023M12;2,6
05 Ávila;2023M11;1,97
05 Ávila;2023M10;2,18
05 Ávila;2023M09;2,24
05 Ávila;2023M08;3,68
05 Ávila;2023M07;3,05
05 Ávila;2023M06;1,91
05 Ávila;2023M05;1,98
05 Ávila;2023M04;2,41
05 Ávila;2023M03;2,16
05 Ávila;2023M02;2,49
05 Ávila;2023M01;2,28
05 Ávila;2022M12;2,63
05 Ávila;2022M11;2,28
05 Ávila;2022M10;2,53
05 Ávila;2022M09;2,35
05 Ávila;2022M08;4,17
05 Ávila;2022M07;2,82
05 Ávila;2022M06;2,13
05 Ávila;2022M05;2,02
05 Ávila;2022M04;2,61
05 Ávila;2022M03;2,17
05 Ávila;2022M02;2,3
05 Ávila;2022M01;2,39
05 Ávila;2021M12;2,69
05 Ávila;2021M11;2,06
05 Ávila;2021M10;2,43
05 Ávila;2021M09;2,75
05 Ávila;2021M08;4,57
05 Ávila;2021M07;3,22
05 Ávila;2021M06;2,26
05 Ávila;2021M05;2,22
05 Ávila;2021M04;3,93
05 Ávila;2021M03;3,78
05 Ávila;2021M02;5,16
05 Ávila;2021M01;6,14
05 Ávila;2020M12;3,18
05 Ávila;2020M11;7,57
05 Ávila;2020M10;2,98
05 Ávila;2020M09;2,75
05 Ávila;2020M08;4,72
05 Ávila;2020M07;4,02
05 Ávila;2020M06;2,89
05 Ávila;2020M05;31
05 Ávila;2020M04;.
05 Ávila;2020M03;3,07
05 Ávila;2020M02;2,14
05 Ávila;2020M01;2,35
05 Ávila;2019M12;2,74
05 Ávila;2019M11;2,12
05 Ávila;2019M10;2,07
05 Ávila;2019M09;2,39
05 Ávila;2019M08;4,01
05 Ávila;2019M07;2,83
05 Ávila;2019M06;2
05 Ávila;2019M05;2,09
05 Ávila;2019M04;2,62
05 Ávila;2019M03;1,97
05 Ávila;2019M02;1,91
05 Ávila;2019M01;2,17
05 Ávila;2018M12;2,48
05 Ávila;2018M11;1,92
05 Ávila;2018M10;2,16
05 Ávila;2018M09;2,03
05 Ávila;2018M08;3,4
05 Ávila;2018M07;2,52
05 Ávila;2018M06;2,01
05 Ávila;2018M05;2,22
05 Ávila;2018M04;2,09
05 Ávila;2018M03;2,48
05 Ávila;2018M02;1,97
05 Ávila;2018M01;2,2
05 Ávila;2017M12;2,65
05 Ávila;2017M11;2,05
05 Ávila;2017M10;2,13
05 Ávila;2017M09;2,02
05 Ávila;2017M08;4
05 Ávila;2017M07;2,72
05 Ávila;2017M06;2,04
05 Ávila;2017M05;2,09
05 Ávila;2017M04;2,58
05 Ávila;2017M03;2,14
05 Ávila;2017M02;2,1
05 Ávila;2017M01;2,23
05 Ávila;2016M12;2,66
05 Ávila;2016M11;2,13
05 Ávila;2016M10;2,16
05 Ávila;2016M09;2,34
05 Ávila;2016M08;3,83
05 Ávila;2016M07;2,78
05 Ávila;2016M06;2,15
05 Ávila;2016M05;2,11
05 Ávila;2016M04;2,17
05 Ávila;2016M03;2,68
05 Ávila;2016M02;2,21
05 Ávila;2016M01;2,51
05 Ávila;2015M12;2,32
05 Ávila;2015M11;2,13
05 Ávila;2015M10;2,29
05 Ávila;2015M09;2,43
05 Ávila;2015M08;3,52
05 Ávila;2015M07;2,88
05 Ávila;2015M06;2,22
05 Ávila;2015M05;2,14
05 Ávila;2015M04;2,62
05 Ávila;2015M03;2,31
05 Ávila;2015M02;2,08
05 Ávila;2015M01;2,51
05 Ávila;2014M12;2,41
05 Ávila;2014M11;2,07
05 Ávila;2014M10;2,1
05 Ávila;2014M09;2,31
05 Ávila;2014M08;3,95
05 Ávila;2014M07;3,47
05 Ávila;2014M06;2,21
05 Ávila;2014M05;2,46
05 Ávila;2014M04;2,87
05 Ávila;2014M03;2,05
05 Ávila;2014M02;2,01
05 Ávila;2014M01;2,22
05 Ávila;2013M12;2,5
05 Ávila;2013M11;2,17
05 Ávila;2013M10;2,1
05 Ávila;2013M09;2,3
05 Ávila;2013M08;3,89
05 Ávila;2013M07;3,1
05 Ávila;2013M06;2,1
05 Ávila;2013M05;2,09
05 Ávila;2013M04;2,21
05 Ávila;2013M03;2,54
05 Ávila;2013M02;1,9
05 Ávila;2013M01;2,28
05 Ávila;2012M12;2,32
05 Ávila;2012M11;2,21
05 Ávila;2012M10;2,18
05 Ávila;2012M09;2,11
05 Ávila;2012M08;3,92
05 Ávila;2012M07;2,92
05 Ávila;2012M06;2,01
05 Ávila;2012M05;1,9
05 Ávila;2012M04;2,62
05 Ávila;2012M03;1,85
05 Ávila;2012M02;1,99
05 Ávila;2012M01;1,95
05 Ávila;2011M12;2,05
05 Ávila;2011M11;2,11
05 Ávila;2011M10;2,33
05 Ávila;2011M09;1,98
05 Ávila;2011M08;3,82
05 Ávila;2011M07;2,75
05 Ávila;2011M06;2,17
05 Ávila;2011M05;1,9
05 Ávila;2011M04;2,29
05 Ávila;2011M03;1,98
05 Ávila;2011M02;2
05 Ávila;2011M01;2,25
05 Ávila;2010M12;2,72
05 Ávila;2010M11;2
05 Ávila;2010M10;2,33
05 Ávila;2010M09;2,02
05 Ávila;2010M08;4,75
05 Ávila;2010M07;2,67
05 Ávila;2010M06;1,9
05 Ávila;2010M05;2,08
05 Ávila;2010M04;2,98
05 Ávila;2010M03;2,13
05 Ávila;2010M02;2,01
05 Ávila;2010M01;3,57
05 Ávila;2009M12;2,88
05 Ávila;2009M11;1,95
05 Ávila;2009M10;2,16
05 Ávila;2009M09;2,24
05 Ávila;2009M08;3,96
05 Ávila;2009M07;2,82
05 Ávila;2009M06;2,01
05 Ávila;2009M05;2,11
05 Ávila;2009M04;2,6
05 Ávila;2009M03;2,02
05 Ávila;2009M02;2,1
05 Ávila;2009M01;2,28
05 Ávila;2008M12;2,66
05 Ávila;2008M11;1,87
05 Ávila;2008M10;1,91
05 Ávila;2008M09;2,41
05 Ávila;2008M08;4,04
05 Ávila;2008M07;2,72
05 Ávila;2008M06;2,01
05 Ávila;2008M05;2,67
05 Ávila;2008M04;1,97
05 Ávila;2008M03;2,82
05 Ávila;2008M02;2
05 Ávila;2008M01;2,16
05 Ávila;2007M12;2,66
05 Ávila;2007M11;2,28
05 Ávila;2007M10;2,25
05 Ávila;2007M09;2,19
05 Ávila;2007M08;3,89
05 Ávila;2007M07;2,83
05 Ávila;2007M06;1,9
05 Ávila;2007M05;2,34
05 Ávila;2007M04;2,86
05 Ávila;2007M03;1,95
05 Ávila;2007M02;2,02
05 Ávila;2007M01;2,25
05 Ávila;2006M12;2,65
05 Ávila;2006M11;2,12
05 Ávila;2006M10;2,42
05 Ávila;2006M09;2,27
05 Ávila;2006M08;4,11
05 Ávila;2006M07;2,76
05 Ávila;2006M06;1,76
05 Ávila;2006M05;2,17
05 Ávila;2006M04;2,62
05 Ávila;2006M03;1,99
05 Ávila;2006M02;2,01
05 Ávila;2006M01;2,11
05 Ávila;2005M12;2,32
05 Ávila;2005M11;1,99
05 Ávila;2005M10;2,23
05 Ávila;2005M09;2,77
05 Ávila;2005M08;5,5
05 Ávila;2005M07;3,09
05 Ávila;2005M06;2,3
05 Ávila;2005M05;2,25
05 Ávila;2005M04;1,55
05 Ávila;2005M03;2,6
05 Ávila;2005M02;1,95
05 Ávila;2005M01;2,07
06 Badajoz;2026M06;2,24
06 Badajoz;2026M05;1,98
06 Badajoz;2026M04;2,05
06 Badajoz;2026M03;1,91
06 Badajoz;2026M02;2,26
06 Badajoz;2026M01;2,19
06 Badajoz;2025M12;2,24
06 Badajoz;2025M11;1,97
06 Badajoz;2025M10;1,92
06 Badajoz;2025M09;2,1
06 Badajoz;2025M08;2,34
06 Badajoz;2025M07;2,14
06 Badajoz;2025M06;1,77
06 Badajoz;2025M05;2
06 Badajoz;2025M04;2,04
06 Badajoz;2025M03;1,7
06 Badajoz;2025M02;1,7
06 Badajoz;2025M01;1,86
06 Badajoz;2024M12;2,12
06 Badajoz;2024M11;1,93
06 Badajoz;2024M10;1,9
06 Badajoz;2024M09;1,92
06 Badajoz;2024M08;2,38
06 Badajoz;2024M07;2,16
06 Badajoz;2024M06;1,89
06 Badajoz;2024M05;2,04
06 Badajoz;2024M04;1,95
06 Badajoz;2024M03;2,22
06 Badajoz;2024M02;2,06
06 Badajoz;2024M01;2,34
06 Badajoz;2023M12;2,47
06 Badajoz;2023M11;2,27
06 Badajoz;2023M10;2,07
06 Badajoz;2023M09;2,07
06 Badajoz;2023M08;2,58
06 Badajoz;2023M07;2,14
06 Badajoz;2023M06;1,94
06 Badajoz;2023M05;1,93
06 Badajoz;2023M04;2,23
06 Badajoz;2023M03;1,92
06 Badajoz;2023M02;1,85
06 Badajoz;2023M01;2,02
06 Badajoz;2022M12;2,21
06 Badajoz;2022M11;1,9
06 Badajoz;2022M10;1,89
06 Badajoz;2022M09;1,96
06 Badajoz;2022M08;2,51
06 Badajoz;2022M07;2,28
06 Badajoz;2022M06;2,13
06 Badajoz;2022M05;2,06
06 Badajoz;2022M04;2,22
06 Badajoz;2022M03;1,89
06 Badajoz;2022M02;1,99
06 Badajoz;2022M01;2,21
06 Badajoz;2021M12;2,38
06 Badajoz;2021M11;2,18
06 Badajoz;2021M10;2,32
06 Badajoz;2021M09;2,34
06 Badajoz;2021M08;2,74
06 Badajoz;2021M07;2,54
06 Badajoz;2021M06;2,31
06 Badajoz;2021M05;2,21
06 Badajoz;2021M04;2,38
06 Badajoz;2021M03;2,4
06 Badajoz;2021M02;2,42
06 Badajoz;2021M01;2,69
06 Badajoz;2020M12;2,47
06 Badajoz;2020M11;2,24
06 Badajoz;2020M10;2,09
06 Badajoz;2020M09;2,61
06 Badajoz;2020M08;3,18
06 Badajoz;2020M07;2,72
06 Badajoz;2020M06;2,29
06 Badajoz;2020M05;3,64
06 Badajoz;2020M04;.
06 Badajoz;2020M03;2,37
06 Badajoz;2020M02;2,04
06 Badajoz;2020M01;2,03
06 Badajoz;2019M12;2,41
06 Badajoz;2019M11;2,19
06 Badajoz;2019M10;1,95
06 Badajoz;2019M09;2,01
06 Badajoz;2019M08;2,47
06 Badajoz;2019M07;2,19
06 Badajoz;2019M06;1,74
06 Badajoz;2019M05;2,24
06 Badajoz;2019M04;2,31
06 Badajoz;2019M03;1,91
06 Badajoz;2019M02;1,99
06 Badajoz;2019M01;1,9
06 Badajoz;2018M12;2,26
06 Badajoz;2018M11;1,9
06 Badajoz;2018M10;1,99
06 Badajoz;2018M09;2,12
06 Badajoz;2018M08;2,29
06 Badajoz;2018M07;2,04
06 Badajoz;2018M06;2,06
06 Badajoz;2018M05;1,98
06 Badajoz;2018M04;1,87
06 Badajoz;2018M03;2,46
06 Badajoz;2018M02;1,71
06 Badajoz;2018M01;1,74
06 Badajoz;2017M12;2,18
06 Badajoz;2017M11;1,71
06 Badajoz;2017M10;2
06 Badajoz;2017M09;1,94
06 Badajoz;2017M08;2,5
06 Badajoz;2017M07;2,04
06 Badajoz;2017M06;1,89
06 Badajoz;2017M05;1,77
06 Badajoz;2017M04;2,16
06 Badajoz;2017M03;1,82
06 Badajoz;2017M02;1,88
06 Badajoz;2017M01;1,74
06 Badajoz;2016M12;2,32
06 Badajoz;2016M11;1,97
06 Badajoz;2016M10;2,03
06 Badajoz;2016M09;2,13
06 Badajoz;2016M08;2,59
06 Badajoz;2016M07;2,05
06 Badajoz;2016M06;1,92
06 Badajoz;2016M05;2,01
06 Badajoz;2016M04;1,81
06 Badajoz;2016M03;2,07
06 Badajoz;2016M02;1,82
06 Badajoz;2016M01;1,94
06 Badajoz;2015M12;2,19
06 Badajoz;2015M11;1,76
06 Badajoz;2015M10;2,09
06 Badajoz;2015M09;1,99
06 Badajoz;2015M08;2,13
06 Badajoz;2015M07;2,03
06 Badajoz;2015M06;1,91
06 Badajoz;2015M05;1,76
06 Badajoz;2015M04;1,97
06 Badajoz;2015M03;1,69
06 Badajoz;2015M02;1,72
06 Badajoz;2015M01;1,79
06 Badajoz;2014M12;1,93
06 Badajoz;2014M11;1,78
06 Badajoz;2014M10;1,73
06 Badajoz;2014M09;1,83
06 Badajoz;2014M08;2,4
06 Badajoz;2014M07;2,18
06 Badajoz;2014M06;1,8
06 Badajoz;2014M05;1,85
06 Badajoz;2014M04;2,27
06 Badajoz;2014M03;1,74
06 Badajoz;2014M02;1,71
06 Badajoz;2014M01;1,67
06 Badajoz;2013M12;1,94
06 Badajoz;2013M11;1,86
06 Badajoz;2013M10;1,71
06 Badajoz;2013M09;2,16
06 Badajoz;2013M08;2,36
06 Badajoz;2013M07;2,38
06 Badajoz;2013M06;1,91
06 Badajoz;2013M05;1,91
06 Badajoz;2013M04;1,79
06 Badajoz;2013M03;2,31
06 Badajoz;2013M02;2,05
06 Badajoz;2013M01;2,61
06 Badajoz;2012M12;1,96
06 Badajoz;2012M11;1,92
06 Badajoz;2012M10;1,73
06 Badajoz;2012M09;1,83
06 Badajoz;2012M08;2,35
06 Badajoz;2012M07;1,91
06 Badajoz;2012M06;1,7
06 Badajoz;2012M05;1,93
06 Badajoz;2012M04;2,13
06 Badajoz;2012M03;1,62
06 Badajoz;2012M02;1,81
06 Badajoz;2012M01;1,84
06 Badajoz;2011M12;1,61
06 Badajoz;2011M11;1,78
06 Badajoz;2011M10;1,94
06 Badajoz;2011M09;2,45
06 Badajoz;2011M08;2,27
06 Badajoz;2011M07;2,23
06 Badajoz;2011M06;1,84
06 Badajoz;2011M05;1,61
06 Badajoz;2011M04;1,95
06 Badajoz;2011M03;1,74
06 Badajoz;2011M02;1,95
06 Badajoz;2011M01;2,06
06 Badajoz;2010M12;1,64
06 Badajoz;2010M11;2,28
06 Badajoz;2010M10;2,19
06 Badajoz;2010M09;2,24
06 Badajoz;2010M08;2,81
06 Badajoz;2010M07;3,03
06 Badajoz;2010M06;2
06 Badajoz;2010M05;1,74
06 Badajoz;2010M04;2,55
06 Badajoz;2010M03;1,98
06 Badajoz;2010M02;2,14
06 Badajoz;2010M01;2,98
06 Badajoz;2009M12;2,3
06 Badajoz;2009M11;2,55
06 Badajoz;2009M10;2,07
06 Badajoz;2009M09;2,9
06 Badajoz;2009M08;2,91
06 Badajoz;2009M07;2,42
06 Badajoz;2009M06;2,85
06 Badajoz;2009M05;1,76
06 Badajoz;2009M04;2,48
06 Badajoz;2009M03;2,24
06 Badajoz;2009M02;1,55
06 Badajoz;2009M01;2,43
06 Badajoz;2008M12;2,06
06 Badajoz;2008M11;1,88
06 Badajoz;2008M10;2,22
06 Badajoz;2008M09;1,71
06 Badajoz;2008M08;2,77
06 Badajoz;2008M07;2,03
06 Badajoz;2008M06;2,02
06 Badajoz;2008M05;1,81
06 Badajoz;2008M04;2,04
06 Badajoz;2008M03;3,05
06 Badajoz;2008M02;2,23
06 Badajoz;2008M01;2,74
06 Badajoz;2007M12;2,01
06 Badajoz;2007M11;2,15
06 Badajoz;2007M10;2
06 Badajoz;2007M09;1,73
06 Badajoz;2007M08;3,77
06 Badajoz;2007M07;3,03
06 Badajoz;2007M06;2,32
06 Badajoz;2007M05;2
06 Badajoz;2007M04;2,14
06 Badajoz;2007M03;2,05
06 Badajoz;2007M02;3,16
06 Badajoz;2007M01;3,81
06 Badajoz;2006M12;9,4
06 Badajoz;2006M11;3,54
06 Badajoz;2006M10;3,08
06 Badajoz;2006M09;5,63
06 Badajoz;2006M08;7,19
06 Badajoz;2006M07;6,75
06 Badajoz;2006M06;..
06 Badajoz;2006M05;2,63
06 Badajoz;2006M04;3,83
06 Badajoz;2006M03;3,15
06 Badajoz;2006M02;3
06 Badajoz;2006M01;..
06 Badajoz;2005M12;0
06 Badajoz;2005M11;..
06 Badajoz;2005M10;..
06 Badajoz;2005M09;5,25
06 Badajoz;2005M08;11,4
06 Badajoz;2005M07;..
06 Badajoz;2005M06;0
06 Badajoz;2005M05;..
06 Badajoz;2005M04;..
06 Badajoz;2005M03;5,5
06 Badajoz;2005M02;0
06 Badajoz;2005M01;0
07 Balears, Illes;2026M06;3,27
07 Balears, Illes;2026M05;3,02
07 Balears, Illes;2026M04;2,89
07 Balears, Illes;2026M03;2,91
07 Balears, Illes;2026M02;2,64
07 Balears, Illes;2026M01;2,96
07 Balears, Illes;2025M12;3,01
07 Balears, Illes;2025M11;2,96
07 Balears, Illes;2025M10;3,25
07 Balears, Illes;2025M09;3,32
07 Balears, Illes;2025M08;3,39
07 Balears, Illes;2025M07;3,23
07 Balears, Illes;2025M06;3,37
07 Balears, Illes;2025M05;3,09
07 Balears, Illes;2025M04;3,01
07 Balears, Illes;2025M03;3,08
07 Balears, Illes;2025M02;3,06
07 Balears, Illes;2025M01;3,16
07 Balears, Illes;2024M12;2,38
07 Balears, Illes;2024M11;2,51
07 Balears, Illes;2024M10;2,89
07 Balears, Illes;2024M09;3,18
07 Balears, Illes;2024M08;3,38
07 Balears, Illes;2024M07;3,18
07 Balears, Illes;2024M06;3,38
07 Balears, Illes;2024M05;3,19
07 Balears, Illes;2024M04;2,99
07 Balears, Illes;2024M03;2,88
07 Balears, Illes;2024M02;2,58
07 Balears, Illes;2024M01;2,34
07 Balears, Illes;2023M12;2,39
07 Balears, Illes;2023M11;2,5
07 Balears, Illes;2023M10;3,4
07 Balears, Illes;2023M09;3,46
07 Balears, Illes;2023M08;3,88
07 Balears, Illes;2023M07;3,68
07 Balears, Illes;2023M06;3,4
07 Balears, Illes;2023M05;3,38
07 Balears, Illes;2023M04;3,1
07 Balears, Illes;2023M03;3,06
07 Balears, Illes;2023M02;2,96
07 Balears, Illes;2023M01;2,77
07 Balears, Illes;2022M12;2,59
07 Balears, Illes;2022M11;2,78
07 Balears, Illes;2022M10;3,41
07 Balears, Illes;2022M09;3,69
07 Balears, Illes;2022M08;4,05
07 Balears, Illes;2022M07;3,92
07 Balears, Illes;2022M06;3,7
07 Balears, Illes;2022M05;3,53
07 Balears, Illes;2022M04;3,46
07 Balears, Illes;2022M03;2,88
07 Balears, Illes;2022M02;2,45
07 Balears, Illes;2022M01;2,74
07 Balears, Illes;2021M12;2,48
07 Balears, Illes;2021M11;2,5
07 Balears, Illes;2021M10;3,39
07 Balears, Illes;2021M09;3,54
07 Balears, Illes;2021M08;3,76
07 Balears, Illes;2021M07;3,59
07 Balears, Illes;2021M06;3,55
07 Balears, Illes;2021M05;3,44
07 Balears, Illes;2021M04;2,89
07 Balears, Illes;2021M03;3,35
07 Balears, Illes;2021M02;2,96
07 Balears, Illes;2021M01;3,13
07 Balears, Illes;2020M12;2,29
07 Balears, Illes;2020M11;2,43
07 Balears, Illes;2020M10;2,65
07 Balears, Illes;2020M09;2,82
07 Balears, Illes;2020M08;3,81
07 Balears, Illes;2020M07;3,74
07 Balears, Illes;2020M06;2,48
07 Balears, Illes;2020M05;6,61
07 Balears, Illes;2020M04;.
07 Balears, Illes;2020M03;3,64
07 Balears, Illes;2020M02;2,87
07 Balears, Illes;2020M01;3
07 Balears, Illes;2019M12;3,3
07 Balears, Illes;2019M11;3,13
07 Balears, Illes;2019M10;3,44
07 Balears, Illes;2019M09;3,81
07 Balears, Illes;2019M08;4,16
07 Balears, Illes;2019M07;4,24
07 Balears, Illes;2019M06;3,96
07 Balears, Illes;2019M05;3,74
07 Balears, Illes;2019M04;3,68
07 Balears, Illes;2019M03;3,19
07 Balears, Illes;2019M02;2,72
07 Balears, Illes;2019M01;2,76
07 Balears, Illes;2018M12;2,57
07 Balears, Illes;2018M11;2,69
07 Balears, Illes;2018M10;3,52
07 Balears, Illes;2018M09;3,76
07 Balears, Illes;2018M08;4,27
07 Balears, Illes;2018M07;3,92
07 Balears, Illes;2018M06;3,68
07 Balears, Illes;2018M05;3,48
07 Balears, Illes;2018M04;3,26
07 Balears, Illes;2018M03;3,45
07 Balears, Illes;2018M02;3,24
07 Balears, Illes;2018M01;2,98
07 Balears, Illes;2017M12;2,82
07 Balears, Illes;2017M11;3,08
07 Balears, Illes;2017M10;3,75
07 Balears, Illes;2017M09;3,95
07 Balears, Illes;2017M08;4,56
07 Balears, Illes;2017M07;4,17
07 Balears, Illes;2017M06;3,97
07 Balears, Illes;2017M05;3,72
07 Balears, Illes;2017M04;3,62
07 Balears, Illes;2017M03;3,53
07 Balears, Illes;2017M02;3,49
07 Balears, Illes;2017M01;3,18
07 Balears, Illes;2016M12;3,03
07 Balears, Illes;2016M11;3,61
07 Balears, Illes;2016M10;3,97
07 Balears, Illes;2016M09;4,26
07 Balears, Illes;2016M08;4,66
07 Balears, Illes;2016M07;4,33
07 Balears, Illes;2016M06;4,17
07 Balears, Illes;2016M05;4,2
07 Balears, Illes;2016M04;3,78
07 Balears, Illes;2016M03;3,71
07 Balears, Illes;2016M02;3,5
07 Balears, Illes;2016M01;2,93
07 Balears, Illes;2015M12;2,97
07 Balears, Illes;2015M11;3,59
07 Balears, Illes;2015M10;3,89
07 Balears, Illes;2015M09;4,3
07 Balears, Illes;2015M08;4,72
07 Balears, Illes;2015M07;4,41
07 Balears, Illes;2015M06;4,1
07 Balears, Illes;2015M05;4,18
07 Balears, Illes;2015M04;3,87
07 Balears, Illes;2015M03;3,71
07 Balears, Illes;2015M02;4,08
07 Balears, Illes;2015M01;3,54
07 Balears, Illes;2014M12;3,13
07 Balears, Illes;2014M11;3,58
07 Balears, Illes;2014M10;4,52
07 Balears, Illes;2014M09;4,64
07 Balears, Illes;2014M08;4,84
07 Balears, Illes;2014M07;4,85
07 Balears, Illes;2014M06;4,52
07 Balears, Illes;2014M05;4,08
07 Balears, Illes;2014M04;4,25
07 Balears, Illes;2014M03;4,21
07 Balears, Illes;2014M02;3,73
07 Balears, Illes;2014M01;2,99
07 Balears, Illes;2013M12;3,27
07 Balears, Illes;2013M11;3,38
07 Balears, Illes;2013M10;4,41
07 Balears, Illes;2013M09;4,6
07 Balears, Illes;2013M08;5
07 Balears, Illes;2013M07;4,89
07 Balears, Illes;2013M06;4,28
07 Balears, Illes;2013M05;4,46
07 Balears, Illes;2013M04;3,89
07 Balears, Illes;2013M03;3,68
07 Balears, Illes;2013M02;3,71
07 Balears, Illes;2013M01;4,38
07 Balears, Illes;2012M12;4,15
07 Balears, Illes;2012M11;3,53
07 Balears, Illes;2012M10;4,9
07 Balears, Illes;2012M09;5,07
07 Balears, Illes;2012M08;5,37
07 Balears, Illes;2012M07;5,28
07 Balears, Illes;2012M06;4,94
07 Balears, Illes;2012M05;4,47
07 Balears, Illes;2012M04;4,09
07 Balears, Illes;2012M03;4
07 Balears, Illes;2012M02;4,04
07 Balears, Illes;2012M01;3,12
07 Balears, Illes;2011M12;3
07 Balears, Illes;2011M11;3,68
07 Balears, Illes;2011M10;5,02
07 Balears, Illes;2011M09;5,04
07 Balears, Illes;2011M08;5,89
07 Balears, Illes;2011M07;4,94
07 Balears, Illes;2011M06;4,77
07 Balears, Illes;2011M05;4,37
07 Balears, Illes;2011M04;4,33
07 Balears, Illes;2011M03;4,32
07 Balears, Illes;2011M02;3,14
07 Balears, Illes;2011M01;3
07 Balears, Illes;2010M12;2,54
07 Balears, Illes;2010M11;3,46
07 Balears, Illes;2010M10;4,44
07 Balears, Illes;2010M09;4,71
07 Balears, Illes;2010M08;5,84
07 Balears, Illes;2010M07;5,24
07 Balears, Illes;2010M06;4,92
07 Balears, Illes;2010M05;4,45
07 Balears, Illes;2010M04;4,38
07 Balears, Illes;2010M03;3,73
07 Balears, Illes;2010M02;4,24
07 Balears, Illes;2010M01;2,96
07 Balears, Illes;2009M12;2,52
07 Balears, Illes;2009M11;3,57
07 Balears, Illes;2009M10;4,6
07 Balears, Illes;2009M09;5,33
07 Balears, Illes;2009M08;6,25
07 Balears, Illes;2009M07;5,52
07 Balears, Illes;2009M06;4,78
07 Balears, Illes;2009M05;4,78
07 Balears, Illes;2009M04;4,48
07 Balears, Illes;2009M03;4,29
07 Balears, Illes;2009M02;3,45
07 Balears, Illes;2009M01;3,3
07 Balears, Illes;2008M12;2,26
07 Balears, Illes;2008M11;3,32
07 Balears, Illes;2008M10;5,12
07 Balears, Illes;2008M09;6,27
07 Balears, Illes;2008M08;6,65
07 Balears, Illes;2008M07;6,13
07 Balears, Illes;2008M06;5,72
07 Balears, Illes;2008M05;4,95
07 Balears, Illes;2008M04;4,18
07 Balears, Illes;2008M03;4,7
07 Balears, Illes;2008M02;3,5
07 Balears, Illes;2008M01;2,61
07 Balears, Illes;2007M12;3,17
07 Balears, Illes;2007M11;3,22
07 Balears, Illes;2007M10;5,24
07 Balears, Illes;2007M09;5,69
07 Balears, Illes;2007M08;5,85
07 Balears, Illes;2007M07;5,21
07 Balears, Illes;2007M06;4,84
07 Balears, Illes;2007M05;4,92
07 Balears, Illes;2007M04;4,28
07 Balears, Illes;2007M03;4,1
07 Balears, Illes;2007M02;3,17
07 Balears, Illes;2007M01;2,93
07 Balears, Illes;2006M12;3,33
07 Balears, Illes;2006M11;2,9
07 Balears, Illes;2006M10;4,67
07 Balears, Illes;2006M09;5,62
07 Balears, Illes;2006M08;5,71
07 Balears, Illes;2006M07;5,14
07 Balears, Illes;2006M06;4,82
07 Balears, Illes;2006M05;5
07 Balears, Illes;2006M04;5,29
07 Balears, Illes;2006M03;5,73
07 Balears, Illes;2006M02;4,01
07 Balears, Illes;2006M01;4,67
07 Balears, Illes;2005M12;3,73
07 Balears, Illes;2005M11;3,79
07 Balears, Illes;2005M10;8,03
07 Balears, Illes;2005M09;6,43
07 Balears, Illes;2005M08;5,77
07 Balears, Illes;2005M07;5,69
07 Balears, Illes;2005M06;7,04
07 Balears, Illes;2005M05;5,86
07 Balears, Illes;2005M04;5,59
07 Balears, Illes;2005M03;6,98
07 Balears, Illes;2005M02;5,09
07 Balears, Illes;2005M01;4,68
08 Barcelona;2026M06;2,14
08 Barcelona;2026M05;2,4
08 Barcelona;2026M04;2,73
08 Barcelona;2026M03;2,25
08 Barcelona;2026M02;2,27
08 Barcelona;2026M01;2,46
08 Barcelona;2025M12;2,68
08 Barcelona;2025M11;2,12
08 Barcelona;2025M10;2,19
08 Barcelona;2025M09;2,26
08 Barcelona;2025M08;4,56
08 Barcelona;2025M07;3,43
08 Barcelona;2025M06;2,48
08 Barcelona;2025M05;2,41
08 Barcelona;2025M04;2,68
08 Barcelona;2025M03;2,04
08 Barcelona;2025M02;2,07
08 Barcelona;2025M01;1,86
08 Barcelona;2024M12;2,7
08 Barcelona;2024M11;1,96
08 Barcelona;2024M10;1,97
08 Barcelona;2024M09;2,14
08 Barcelona;2024M08;4,27
08 Barcelona;2024M07;3,43
08 Barcelona;2024M06;2,23
08 Barcelona;2024M05;2,04
08 Barcelona;2024M04;1,96
08 Barcelona;2024M03;2,22
08 Barcelona;2024M02;1,99
08 Barcelona;2024M01;1,98
08 Barcelona;2023M12;2,6
08 Barcelona;2023M11;1,95
08 Barcelona;2023M10;2,09
08 Barcelona;2023M09;2,12
08 Barcelona;2023M08;4,73
08 Barcelona;2023M07;3,09
08 Barcelona;2023M06;2,15
08 Barcelona;2023M05;2,05
08 Barcelona;2023M04;2,5
08 Barcelona;2023M03;1,93
08 Barcelona;2023M02;2,04
08 Barcelona;2023M01;2,09
08 Barcelona;2022M12;2,24
08 Barcelona;2022M11;1,94
08 Barcelona;2022M10;2
08 Barcelona;2022M09;2
08 Barcelona;2022M08;4,82
08 Barcelona;2022M07;2,94
08 Barcelona;2022M06;2,3
08 Barcelona;2022M05;1,96
08 Barcelona;2022M04;2,18
08 Barcelona;2022M03;1,98
08 Barcelona;2022M02;1,87
08 Barcelona;2022M01;2,21
08 Barcelona;2021M12;2,61
08 Barcelona;2021M11;1,86
08 Barcelona;2021M10;2,11
08 Barcelona;2021M09;2,04
08 Barcelona;2021M08;4,38
08 Barcelona;2021M07;3,15
08 Barcelona;2021M06;2,19
08 Barcelona;2021M05;1,95
08 Barcelona;2021M04;3,15
08 Barcelona;2021M03;2,45
08 Barcelona;2021M02;2,66
08 Barcelona;2021M01;2,41
08 Barcelona;2020M12;2,19
08 Barcelona;2020M11;.
08 Barcelona;2020M10;2,26
08 Barcelona;2020M09;2,39
08 Barcelona;2020M08;4,77
08 Barcelona;2020M07;3,07
08 Barcelona;2020M06;1,98
08 Barcelona;2020M05;.
08 Barcelona;2020M04;.
08 Barcelona;2020M03;2,23
08 Barcelona;2020M02;2,01
08 Barcelona;2020M01;2,02
08 Barcelona;2019M12;2,65
08 Barcelona;2019M11;1,85
08 Barcelona;2019M10;1,77
08 Barcelona;2019M09;2,08
08 Barcelona;2019M08;4,57
08 Barcelona;2019M07;3,22
08 Barcelona;2019M06;2,11
08 Barcelona;2019M05;1,96
08 Barcelona;2019M04;2,32
08 Barcelona;2019M03;1,92
08 Barcelona;2019M02;1,85
08 Barcelona;2019M01;1,79
08 Barcelona;2018M12;2,59
08 Barcelona;2018M11;1,95
08 Barcelona;2018M10;2,11
08 Barcelona;2018M09;2,11
08 Barcelona;2018M08;4,85
08 Barcelona;2018M07;3,47
08 Barcelona;2018M06;1,97
08 Barcelona;2018M05;1,91
08 Barcelona;2018M04;2,15
08 Barcelona;2018M03;2,51
08 Barcelona;2018M02;1,93
08 Barcelona;2018M01;1,99
08 Barcelona;2017M12;2,63
08 Barcelona;2017M11;2
08 Barcelona;2017M10;2,31
08 Barcelona;2017M09;2,77
08 Barcelona;2017M08;5,78
08 Barcelona;2017M07;3,86
08 Barcelona;2017M06;1,97
08 Barcelona;2017M05;2,12
08 Barcelona;2017M04;2,91
08 Barcelona;2017M03;2,05
08 Barcelona;2017M02;2,07
08 Barcelona;2017M01;2,15
08 Barcelona;2016M12;2,67
08 Barcelona;2016M11;1,99
08 Barcelona;2016M10;2,34
08 Barcelona;2016M09;2,62
08 Barcelona;2016M08;6,11
08 Barcelona;2016M07;3,86
08 Barcelona;2016M06;2,35
08 Barcelona;2016M05;2,25
08 Barcelona;2016M04;2,3
08 Barcelona;2016M03;2,66
08 Barcelona;2016M02;2,04
08 Barcelona;2016M01;2,49
08 Barcelona;2015M12;2,55
08 Barcelona;2015M11;2,09
08 Barcelona;2015M10;2,29
08 Barcelona;2015M09;2,59
08 Barcelona;2015M08;6,05
08 Barcelona;2015M07;4,71
08 Barcelona;2015M06;2,2
08 Barcelona;2015M05;2,23
08 Barcelona;2015M04;2,7
08 Barcelona;2015M03;1,98
08 Barcelona;2015M02;2,05
08 Barcelona;2015M01;2,3
08 Barcelona;2014M12;2,57
08 Barcelona;2014M11;2,16
08 Barcelona;2014M10;2,01
08 Barcelona;2014M09;2,67
08 Barcelona;2014M08;5,21
08 Barcelona;2014M07;4,74
08 Barcelona;2014M06;2,55
08 Barcelona;2014M05;2,32
08 Barcelona;2014M04;2,75
08 Barcelona;2014M03;1,91
08 Barcelona;2014M02;1,81
08 Barcelona;2014M01;2,37
08 Barcelona;2013M12;2,34
08 Barcelona;2013M11;1,92
08 Barcelona;2013M10;2,02
08 Barcelona;2013M09;2,29
08 Barcelona;2013M08;5,45
08 Barcelona;2013M07;3,89
08 Barcelona;2013M06;2,08
08 Barcelona;2013M05;2,11
08 Barcelona;2013M04;1,87
08 Barcelona;2013M03;2,39
08 Barcelona;2013M02;1,9
08 Barcelona;2013M01;1,83
08 Barcelona;2012M12;3
08 Barcelona;2012M11;2,57
08 Barcelona;2012M10;2,03
08 Barcelona;2012M09;2,13
08 Barcelona;2012M08;6,62
08 Barcelona;2012M07;5,82
08 Barcelona;2012M06;2,27
08 Barcelona;2012M05;2,11
08 Barcelona;2012M04;2,81
08 Barcelona;2012M03;1,87
08 Barcelona;2012M02;1,77
08 Barcelona;2012M01;1,95
08 Barcelona;2011M12;2,86
08 Barcelona;2011M11;2
08 Barcelona;2011M10;2,13
08 Barcelona;2011M09;2,32
08 Barcelona;2011M08;7,13
08 Barcelona;2011M07;4,58
08 Barcelona;2011M06;2,82
08 Barcelona;2011M05;2,04
08 Barcelona;2011M04;2,82
08 Barcelona;2011M03;2,02
08 Barcelona;2011M02;1,88
08 Barcelona;2011M01;2,25
08 Barcelona;2010M12;2,94
08 Barcelona;2010M11;1,88
08 Barcelona;2010M10;2,3
08 Barcelona;2010M09;1,99
08 Barcelona;2010M08;6,63
08 Barcelona;2010M07;3,44
08 Barcelona;2010M06;2,56
08 Barcelona;2010M05;2,02
08 Barcelona;2010M04;2,67
08 Barcelona;2010M03;2,14
08 Barcelona;2010M02;2,13
08 Barcelona;2010M01;2,55
08 Barcelona;2009M12;2,88
08 Barcelona;2009M11;1,98
08 Barcelona;2009M10;2,57
08 Barcelona;2009M09;2,53
08 Barcelona;2009M08;7,54
08 Barcelona;2009M07;3,93
08 Barcelona;2009M06;2,39
08 Barcelona;2009M05;2,68
08 Barcelona;2009M04;3,17
08 Barcelona;2009M03;2
08 Barcelona;2009M02;2,05
08 Barcelona;2009M01;2,39
08 Barcelona;2008M12;3,05
08 Barcelona;2008M11;2,03
08 Barcelona;2008M10;2,06
08 Barcelona;2008M09;2,93
08 Barcelona;2008M08;6,82
08 Barcelona;2008M07;3,95
08 Barcelona;2008M06;2,35
08 Barcelona;2008M05;2,72
08 Barcelona;2008M04;2,16
08 Barcelona;2008M03;2,58
08 Barcelona;2008M02;1,85
08 Barcelona;2008M01;2,28
08 Barcelona;2007M12;3,27
08 Barcelona;2007M11;2,44
08 Barcelona;2007M10;2,8
08 Barcelona;2007M09;3,43
08 Barcelona;2007M08;5,6
08 Barcelona;2007M07;4,07
08 Barcelona;2007M06;2,11
08 Barcelona;2007M05;2,12
08 Barcelona;2007M04;2,91
08 Barcelona;2007M03;2,07
08 Barcelona;2007M02;2,12
08 Barcelona;2007M01;2,27
08 Barcelona;2006M12;3,28
08 Barcelona;2006M11;2,09
08 Barcelona;2006M10;2,61
08 Barcelona;2006M09;2,75
08 Barcelona;2006M08;10,08
08 Barcelona;2006M07;5,03
08 Barcelona;2006M06;2,2
08 Barcelona;2006M05;2,31
08 Barcelona;2006M04;2,69
08 Barcelona;2006M03;2,11
08 Barcelona;2006M02;2,18
08 Barcelona;2006M01;2,54
08 Barcelona;2005M12;2,7
08 Barcelona;2005M11;2,05
08 Barcelona;2005M10;2,17
08 Barcelona;2005M09;2,5
08 Barcelona;2005M08;9,64
08 Barcelona;2005M07;3,34
08 Barcelona;2005M06;2,43
08 Barcelona;2005M05;2,57
08 Barcelona;2005M04;2
08 Barcelona;2005M03;2,93
08 Barcelona;2005M02;2,1
08 Barcelona;2005M01;2,6
48 Bizkaia;2026M06;2,37
48 Bizkaia;2026M05;2,13
48 Bizkaia;2026M04;2,18
48 Bizkaia;2026M03;2
48 Bizkaia;2026M02;1,79
48 Bizkaia;2026M01;1,95
48 Bizkaia;2025M12;2,47
48 Bizkaia;2025M11;1,81
48 Bizkaia;2025M10;1,95
48 Bizkaia;2025M09;2,25
48 Bizkaia;2025M08;3,37
48 Bizkaia;2025M07;2,8
48 Bizkaia;2025M06;1,81
48 Bizkaia;2025M05;1,81
48 Bizkaia;2025M04;2,05
48 Bizkaia;2025M03;2,2
48 Bizkaia;2025M02;1,93
48 Bizkaia;2025M01;2,25
48 Bizkaia;2024M12;2,3
48 Bizkaia;2024M11;2,17
48 Bizkaia;2024M10;1,91
48 Bizkaia;2024M09;1,98
48 Bizkaia;2024M08;2,99
48 Bizkaia;2024M07;2,47
48 Bizkaia;2024M06;2,1
48 Bizkaia;2024M05;1,78
48 Bizkaia;2024M04;2,03
48 Bizkaia;2024M03;2,06
48 Bizkaia;2024M02;1,96
48 Bizkaia;2024M01;2,25
48 Bizkaia;2023M12;2,44
48 Bizkaia;2023M11;2,31
48 Bizkaia;2023M10;2,24
48 Bizkaia;2023M09;2,12
48 Bizkaia;2023M08;3,26
48 Bizkaia;2023M07;2,71
48 Bizkaia;2023M06;1,97
48 Bizkaia;2023M05;1,88
48 Bizkaia;2023M04;2,17
48 Bizkaia;2023M03;1,99
48 Bizkaia;2023M02;2,01
48 Bizkaia;2023M01;2,25
48 Bizkaia;2022M12;2,39
48 Bizkaia;2022M11;2,17
48 Bizkaia;2022M10;2,28
48 Bizkaia;2022M09;2,08
48 Bizkaia;2022M08;3,57
48 Bizkaia;2022M07;2,54
48 Bizkaia;2022M06;2,09
48 Bizkaia;2022M05;1,89
48 Bizkaia;2022M04;2,22
48 Bizkaia;2022M03;2,14
48 Bizkaia;2022M02;2,06
48 Bizkaia;2022M01;1,95
48 Bizkaia;2021M12;2,33
48 Bizkaia;2021M11;2,41
48 Bizkaia;2021M10;2,44
48 Bizkaia;2021M09;2,44
48 Bizkaia;2021M08;3,54
48 Bizkaia;2021M07;2,98
48 Bizkaia;2021M06;2,37
48 Bizkaia;2021M05;2,22
48 Bizkaia;2021M04;3,01
48 Bizkaia;2021M03;2,5
48 Bizkaia;2021M02;3,55
48 Bizkaia;2021M01;3,96
48 Bizkaia;2020M12;2,92
48 Bizkaia;2020M11;5,39
48 Bizkaia;2020M10;2,39
48 Bizkaia;2020M09;2,13
48 Bizkaia;2020M08;3,59
48 Bizkaia;2020M07;2,72
48 Bizkaia;2020M06;2,46
48 Bizkaia;2020M05;4,6
48 Bizkaia;2020M04;.
48 Bizkaia;2020M03;2,11
48 Bizkaia;2020M02;2,04
48 Bizkaia;2020M01;2,02
48 Bizkaia;2019M12;2,23
48 Bizkaia;2019M11;1,99
48 Bizkaia;2019M10;1,94
48 Bizkaia;2019M09;2,28
48 Bizkaia;2019M08;3,39
48 Bizkaia;2019M07;2,76
48 Bizkaia;2019M06;2,35
48 Bizkaia;2019M05;1,93
48 Bizkaia;2019M04;2,38
48 Bizkaia;2019M03;1,82
48 Bizkaia;2019M02;2,83
48 Bizkaia;2019M01;2,64
48 Bizkaia;2018M12;2,54
48 Bizkaia;2018M11;2,33
48 Bizkaia;2018M10;2,28
48 Bizkaia;2018M09;2,3
48 Bizkaia;2018M08;3,64
48 Bizkaia;2018M07;2,83
48 Bizkaia;2018M06;2,19
48 Bizkaia;2018M05;2,18
48 Bizkaia;2018M04;2,47
48 Bizkaia;2018M03;2,3
48 Bizkaia;2018M02;2,15
48 Bizkaia;2018M01;2,35
48 Bizkaia;2017M12;2,46
48 Bizkaia;2017M11;2,19
48 Bizkaia;2017M10;2,13
48 Bizkaia;2017M09;2,02
48 Bizkaia;2017M08;3,3
48 Bizkaia;2017M07;2,66
48 Bizkaia;2017M06;1,92
48 Bizkaia;2017M05;1,81
48 Bizkaia;2017M04;2,25
48 Bizkaia;2017M03;1,82
48 Bizkaia;2017M02;2,36
48 Bizkaia;2017M01;2,54
48 Bizkaia;2016M12;2,47
48 Bizkaia;2016M11;2,24
48 Bizkaia;2016M10;2,19
48 Bizkaia;2016M09;2,18
48 Bizkaia;2016M08;3,58
48 Bizkaia;2016M07;2,77
48 Bizkaia;2016M06;2,35
48 Bizkaia;2016M05;2,22
48 Bizkaia;2016M04;2,16
48 Bizkaia;2016M03;2,72
48 Bizkaia;2016M02;2,28
48 Bizkaia;2016M01;2,56
48 Bizkaia;2015M12;2,2
48 Bizkaia;2015M11;2,06
48 Bizkaia;2015M10;2,15
48 Bizkaia;2015M09;2,36
48 Bizkaia;2015M08;3,7
48 Bizkaia;2015M07;2,87
48 Bizkaia;2015M06;2,29
48 Bizkaia;2015M05;2,05
48 Bizkaia;2015M04;2,4
48 Bizkaia;2015M03;2,13
48 Bizkaia;2015M02;2,24
48 Bizkaia;2015M01;2,06
48 Bizkaia;2014M12;2,37
48 Bizkaia;2014M11;2,17
48 Bizkaia;2014M10;2,06
48 Bizkaia;2014M09;2,35
48 Bizkaia;2014M08;3,67
48 Bizkaia;2014M07;3,12
48 Bizkaia;2014M06;2,23
48 Bizkaia;2014M05;2,19
48 Bizkaia;2014M04;2,79
48 Bizkaia;2014M03;2,06
48 Bizkaia;2014M02;2,13
48 Bizkaia;2014M01;2,45
48 Bizkaia;2013M12;2,24
48 Bizkaia;2013M11;2,09
48 Bizkaia;2013M10;2,17
48 Bizkaia;2013M09;2,47
48 Bizkaia;2013M08;3,78
48 Bizkaia;2013M07;3,21
48 Bizkaia;2013M06;2,23
48 Bizkaia;2013M05;2,08
48 Bizkaia;2013M04;2,27
48 Bizkaia;2013M03;2,71
48 Bizkaia;2013M02;2,31
48 Bizkaia;2013M01;3,05
48 Bizkaia;2012M12;2,38
48 Bizkaia;2012M11;3,47
48 Bizkaia;2012M10;2,52
48 Bizkaia;2012M09;2,34
48 Bizkaia;2012M08;3,95
48 Bizkaia;2012M07;2,75
48 Bizkaia;2012M06;2,18
48 Bizkaia;2012M05;2,25
48 Bizkaia;2012M04;2,87
48 Bizkaia;2012M03;2,06
48 Bizkaia;2012M02;3,01
48 Bizkaia;2012M01;2,66
48 Bizkaia;2011M12;2,84
48 Bizkaia;2011M11;2,71
48 Bizkaia;2011M10;2,4
48 Bizkaia;2011M09;2,14
48 Bizkaia;2011M08;3,94
48 Bizkaia;2011M07;2,77
48 Bizkaia;2011M06;2,03
48 Bizkaia;2011M05;2,24
48 Bizkaia;2011M04;2,8
48 Bizkaia;2011M03;2,08
48 Bizkaia;2011M02;2,43
48 Bizkaia;2011M01;2,62
48 Bizkaia;2010M12;2,57
48 Bizkaia;2010M11;3,01
48 Bizkaia;2010M10;2,46
48 Bizkaia;2010M09;2,8
48 Bizkaia;2010M08;3,46
48 Bizkaia;2010M07;2,91
48 Bizkaia;2010M06;1,98
48 Bizkaia;2010M05;2,13
48 Bizkaia;2010M04;2,45
48 Bizkaia;2010M03;2,25
48 Bizkaia;2010M02;2,8
48 Bizkaia;2010M01;2,74
48 Bizkaia;2009M12;2,52
48 Bizkaia;2009M11;2,54
48 Bizkaia;2009M10;2,18
48 Bizkaia;2009M09;2,3
48 Bizkaia;2009M08;3,95
48 Bizkaia;2009M07;3,02
48 Bizkaia;2009M06;2,55
48 Bizkaia;2009M05;2,47
48 Bizkaia;2009M04;2,76
48 Bizkaia;2009M03;2,36
48 Bizkaia;2009M02;2,36
48 Bizkaia;2009M01;2,96
48 Bizkaia;2008M12;2,22
48 Bizkaia;2008M11;2,38
48 Bizkaia;2008M10;2,44
48 Bizkaia;2008M09;2,71
48 Bizkaia;2008M08;3,88
48 Bizkaia;2008M07;3,02
48 Bizkaia;2008M06;2,11
48 Bizkaia;2008M05;2,65
48 Bizkaia;2008M04;2,13
48 Bizkaia;2008M03;3,07
48 Bizkaia;2008M02;2,42
48 Bizkaia;2008M01;1,92
48 Bizkaia;2007M12;2,36
48 Bizkaia;2007M11;2,18
48 Bizkaia;2007M10;2,17
48 Bizkaia;2007M09;2,56
48 Bizkaia;2007M08;4,36
48 Bizkaia;2007M07;3,06
48 Bizkaia;2007M06;2,33
48 Bizkaia;2007M05;2,2
48 Bizkaia;2007M04;2,78
48 Bizkaia;2007M03;2,32
48 Bizkaia;2007M02;2,73
48 Bizkaia;2007M01;2,46
48 Bizkaia;2006M12;2,28
48 Bizkaia;2006M11;2,16
48 Bizkaia;2006M10;2,59
48 Bizkaia;2006M09;2,63
48 Bizkaia;2006M08;4,03
48 Bizkaia;2006M07;3,13
48 Bizkaia;2006M06;2,12
48 Bizkaia;2006M05;2,01
48 Bizkaia;2006M04;2,56
48 Bizkaia;2006M03;2,46
48 Bizkaia;2006M02;2,03
48 Bizkaia;2006M01;2
48 Bizkaia;2005M12;0
48 Bizkaia;2005M11;0
48 Bizkaia;2005M10;0
48 Bizkaia;2005M09;0
48 Bizkaia;2005M08;0
48 Bizkaia;2005M07;0
48 Bizkaia;2005M06;0
48 Bizkaia;2005M05;0
48 Bizkaia;2005M04;0
48 Bizkaia;2005M03;0
48 Bizkaia;2005M02;0
48 Bizkaia;2005M01;0
09 Burgos;2026M06;1,83
09 Burgos;2026M05;1,95
09 Burgos;2026M04;2,18
09 Burgos;2026M03;2,02
09 Burgos;2026M02;2,08
09 Burgos;2026M01;2,21
09 Burgos;2025M12;2,36
09 Burgos;2025M11;2,31
09 Burgos;2025M10;1,93
09 Burgos;2025M09;2,32
09 Burgos;2025M08;3,03
09 Burgos;2025M07;2,54
09 Burgos;2025M06;2,01
09 Burgos;2025M05;1,87
09 Burgos;2025M04;2,27
09 Burgos;2025M03;2,21
09 Burgos;2025M02;2,11
09 Burgos;2025M01;2,58
09 Burgos;2024M12;2,41
09 Burgos;2024M11;1,93
09 Burgos;2024M10;2,05
09 Burgos;2024M09;1,83
09 Burgos;2024M08;2,81
09 Burgos;2024M07;2,25
09 Burgos;2024M06;1,85
09 Burgos;2024M05;1,76
09 Burgos;2024M04;1,94
09 Burgos;2024M03;2,56
09 Burgos;2024M02;2,16
09 Burgos;2024M01;2,03
09 Burgos;2023M12;2,35
09 Burgos;2023M11;2,04
09 Burgos;2023M10;2,37
09 Burgos;2023M09;2,33
09 Burgos;2023M08;2,52
09 Burgos;2023M07;2,15
09 Burgos;2023M06;1,74
09 Burgos;2023M05;1,75
09 Burgos;2023M04;2,24
09 Burgos;2023M03;2,36
09 Burgos;2023M02;1,87
09 Burgos;2023M01;1,78
09 Burgos;2022M12;2,54
09 Burgos;2022M11;1,88
09 Burgos;2022M10;2,34
09 Burgos;2022M09;2,14
09 Burgos;2022M08;3,05
09 Burgos;2022M07;2,41
09 Burgos;2022M06;1,82
09 Burgos;2022M05;1,81
09 Burgos;2022M04;2,22
09 Burgos;2022M03;1,96
09 Burgos;2022M02;1,94
09 Burgos;2022M01;1,9
09 Burgos;2021M12;2,77
09 Burgos;2021M11;2,11
09 Burgos;2021M10;2,06
09 Burgos;2021M09;1,96
09 Burgos;2021M08;2,79
09 Burgos;2021M07;2,54
09 Burgos;2021M06;1,91
09 Burgos;2021M05;2
09 Burgos;2021M04;2,58
09 Burgos;2021M03;2,88
09 Burgos;2021M02;3,47
09 Burgos;2021M01;3,65
09 Burgos;2020M12;2,75
09 Burgos;2020M11;2,87
09 Burgos;2020M10;2,34
09 Burgos;2020M09;2,11
09 Burgos;2020M08;3,28
09 Burgos;2020M07;2,97
09 Burgos;2020M06;2,28
09 Burgos;2020M05;2,59
09 Burgos;2020M04;.
09 Burgos;2020M03;2,2
09 Burgos;2020M02;1,84
09 Burgos;2020M01;1,85
09 Burgos;2019M12;2,51
09 Burgos;2019M11;1,95
09 Burgos;2019M10;1,93
09 Burgos;2019M09;2,16
09 Burgos;2019M08;3,08
09 Burgos;2019M07;2,48
09 Burgos;2019M06;1,75
09 Burgos;2019M05;1,87
09 Burgos;2019M04;2,46
09 Burgos;2019M03;1,99
09 Burgos;2019M02;2,1
09 Burgos;2019M01;2,46
09 Burgos;2018M12;2,7
09 Burgos;2018M11;2,08
09 Burgos;2018M10;2,05
09 Burgos;2018M09;1,83
09 Burgos;2018M08;2,6
09 Burgos;2018M07;2,24
09 Burgos;2018M06;1,8
09 Burgos;2018M05;1,67
09 Burgos;2018M04;1,89
09 Burgos;2018M03;2,19
09 Burgos;2018M02;1,95
09 Burgos;2018M01;1,77
09 Burgos;2017M12;2,75
09 Burgos;2017M11;1,98
09 Burgos;2017M10;2,08
09 Burgos;2017M09;1,83
09 Burgos;2017M08;2,87
09 Burgos;2017M07;2,13
09 Burgos;2017M06;1,86
09 Burgos;2017M05;1,66
09 Burgos;2017M04;2,3
09 Burgos;2017M03;1,73
09 Burgos;2017M02;1,85
09 Burgos;2017M01;1,81
09 Burgos;2016M12;2,39
09 Burgos;2016M11;1,96
09 Burgos;2016M10;2,03
09 Burgos;2016M09;1,63
09 Burgos;2016M08;2,54
09 Burgos;2016M07;1,94
09 Burgos;2016M06;1,72
09 Burgos;2016M05;1,66
09 Burgos;2016M04;1,69
09 Burgos;2016M03;2,53
09 Burgos;2016M02;2,16
09 Burgos;2016M01;1,89
09 Burgos;2015M12;2,94
09 Burgos;2015M11;2,08
09 Burgos;2015M10;1,88
09 Burgos;2015M09;1,64
09 Burgos;2015M08;2,23
09 Burgos;2015M07;2,1
09 Burgos;2015M06;1,73
09 Burgos;2015M05;1,74
09 Burgos;2015M04;2,29
09 Burgos;2015M03;2,24
09 Burgos;2015M02;1,9
09 Burgos;2015M01;2,45
09 Burgos;2014M12;2,37
09 Burgos;2014M11;1,84
09 Burgos;2014M10;1,79
09 Burgos;2014M09;1,74
09 Burgos;2014M08;3,49
09 Burgos;2014M07;2,58
09 Burgos;2014M06;1,83
09 Burgos;2014M05;1,82
09 Burgos;2014M04;2,25
09 Burgos;2014M03;1,97
09 Burgos;2014M02;1,76
09 Burgos;2014M01;2
09 Burgos;2013M12;2,36
09 Burgos;2013M11;2,07
09 Burgos;2013M10;1,81
09 Burgos;2013M09;1,76
09 Burgos;2013M08;3,22
09 Burgos;2013M07;2,48
09 Burgos;2013M06;1,84
09 Burgos;2013M05;1,85
09 Burgos;2013M04;1,98
09 Burgos;2013M03;2,37
09 Burgos;2013M02;1,94
09 Burgos;2013M01;2,17
09 Burgos;2012M12;2,62
09 Burgos;2012M11;2,2
09 Burgos;2012M10;2,13
09 Burgos;2012M09;1,89
09 Burgos;2012M08;3,2
09 Burgos;2012M07;1,94
09 Burgos;2012M06;1,88
09 Burgos;2012M05;1,71
09 Burgos;2012M04;2,74
09 Burgos;2012M03;2,15
09 Burgos;2012M02;2,23
09 Burgos;2012M01;2,38
09 Burgos;2011M12;2,13
09 Burgos;2011M11;2,18
09 Burgos;2011M10;2,3
09 Burgos;2011M09;1,91
09 Burgos;2011M08;3,24
09 Burgos;2011M07;3,13
09 Burgos;2011M06;1,75
09 Burgos;2011M05;1,6
09 Burgos;2011M04;2,23
09 Burgos;2011M03;1,84
09 Burgos;2011M02;1,74
09 Burgos;2011M01;2,01
09 Burgos;2010M12;2,67
09 Burgos;2010M11;1,88
09 Burgos;2010M10;2,36
09 Burgos;2010M09;1,79
09 Burgos;2010M08;3,39
09 Burgos;2010M07;3,02
09 Burgos;2010M06;1,82
09 Burgos;2010M05;1,75
09 Burgos;2010M04;2,43
09 Burgos;2010M03;2,17
09 Burgos;2010M02;1,93
09 Burgos;2010M01;2,14
09 Burgos;2009M12;2,66
09 Burgos;2009M11;2,22
09 Burgos;2009M10;2,34
09 Burgos;2009M09;1,87
09 Burgos;2009M08;3,08
09 Burgos;2009M07;2,46
09 Burgos;2009M06;1,83
09 Burgos;2009M05;1,98
09 Burgos;2009M04;2,41
09 Burgos;2009M03;2,49
09 Burgos;2009M02;2,1
09 Burgos;2009M01;2,65
09 Burgos;2008M12;2,58
09 Burgos;2008M11;2,21
09 Burgos;2008M10;2,15
09 Burgos;2008M09;1,87
09 Burgos;2008M08;3,35
09 Burgos;2008M07;2,76
09 Burgos;2008M06;2,12
09 Burgos;2008M05;2,25
09 Burgos;2008M04;2,11
09 Burgos;2008M03;2,75
09 Burgos;2008M02;2,13
09 Burgos;2008M01;2,71
09 Burgos;2007M12;2,57
09 Burgos;2007M11;2,44
09 Burgos;2007M10;2,36
09 Burgos;2007M09;1,82
09 Burgos;2007M08;3,11
09 Burgos;2007M07;2,44
09 Burgos;2007M06;1,45
09 Burgos;2007M05;1,67
09 Burgos;2007M04;2,8
09 Burgos;2007M03;1,81
09 Burgos;2007M02;2,09
09 Burgos;2007M01;2,2
09 Burgos;2006M12;2,98
09 Burgos;2006M11;2,33
09 Burgos;2006M10;2,85
09 Burgos;2006M09;2,1
09 Burgos;2006M08;3,51
09 Burgos;2006M07;2,71
09 Burgos;2006M06;2
09 Burgos;2006M05;2,1
09 Burgos;2006M04;2,66
09 Burgos;2006M03;1,96
09 Burgos;2006M02;1,96
09 Burgos;2006M01;1,89
09 Burgos;2005M12;2,43
09 Burgos;2005M11;2,35
09 Burgos;2005M10;2,13
09 Burgos;2005M09;2,18
09 Burgos;2005M08;3,58
09 Burgos;2005M07;2,7
09 Burgos;2005M06;1,87
09 Burgos;2005M05;2
09 Burgos;2005M04;2,22
09 Burgos;2005M03;2,56
09 Burgos;2005M02;1,97
09 Burgos;2005M01;2,09
10 Cáceres;2026M06;2,22
10 Cáceres;2026M05;2,24
10 Cáceres;2026M04;2,44
10 Cáceres;2026M03;2,08
10 Cáceres;2026M02;1,98
10 Cáceres;2026M01;1,99
10 Cáceres;2025M12;2,42
10 Cáceres;2025M11;2,26
10 Cáceres;2025M10;2,16
10 Cáceres;2025M09;2,62
10 Cáceres;2025M08;3,06
10 Cáceres;2025M07;2,51
10 Cáceres;2025M06;2,39
10 Cáceres;2025M05;2,43
10 Cáceres;2025M04;2,44
10 Cáceres;2025M03;2,09
10 Cáceres;2025M02;1,97
10 Cáceres;2025M01;2,01
10 Cáceres;2024M12;2,46
10 Cáceres;2024M11;2,09
10 Cáceres;2024M10;1,97
10 Cáceres;2024M09;2,32
10 Cáceres;2024M08;2,87
10 Cáceres;2024M07;2,83
10 Cáceres;2024M06;2,21
10 Cáceres;2024M05;2,32
10 Cáceres;2024M04;2,29
10 Cáceres;2024M03;2,51
10 Cáceres;2024M02;2,15
10 Cáceres;2024M01;2,11
10 Cáceres;2023M12;2,52
10 Cáceres;2023M11;2,1
10 Cáceres;2023M10;2,26
10 Cáceres;2023M09;2,32
10 Cáceres;2023M08;2,91
10 Cáceres;2023M07;2,47
10 Cáceres;2023M06;2,25
10 Cáceres;2023M05;2,34
10 Cáceres;2023M04;2,44
10 Cáceres;2023M03;2,11
10 Cáceres;2023M02;2,25
10 Cáceres;2023M01;2,35
10 Cáceres;2022M12;2,46
10 Cáceres;2022M11;2
10 Cáceres;2022M10;2,07
10 Cáceres;2022M09;2,11
10 Cáceres;2022M08;2,84
10 Cáceres;2022M07;2,4
10 Cáceres;2022M06;2,04
10 Cáceres;2022M05;2,04
10 Cáceres;2022M04;2,37
10 Cáceres;2022M03;1,98
10 Cáceres;2022M02;2,14
10 Cáceres;2022M01;2,21
10 Cáceres;2021M12;2,56
10 Cáceres;2021M11;2,02
10 Cáceres;2021M10;2,25
10 Cáceres;2021M09;2,18
10 Cáceres;2021M08;2,81
10 Cáceres;2021M07;2,4
10 Cáceres;2021M06;2,11
10 Cáceres;2021M05;1,95
10 Cáceres;2021M04;1,98
10 Cáceres;2021M03;2,05
10 Cáceres;2021M02;3,11
10 Cáceres;2021M01;2,72
10 Cáceres;2020M12;2,67
10 Cáceres;2020M11;2,29
10 Cáceres;2020M10;2,4
10 Cáceres;2020M09;2,23
10 Cáceres;2020M08;2,73
10 Cáceres;2020M07;2,52
10 Cáceres;2020M06;2,22
10 Cáceres;2020M05;10,65
10 Cáceres;2020M04;.
10 Cáceres;2020M03;2,23
10 Cáceres;2020M02;2,16
10 Cáceres;2020M01;2,13
10 Cáceres;2019M12;2,43
10 Cáceres;2019M11;2,04
10 Cáceres;2019M10;2
10 Cáceres;2019M09;2,12
10 Cáceres;2019M08;2,59
10 Cáceres;2019M07;2,24
10 Cáceres;2019M06;2,05
10 Cáceres;2019M05;2,24
10 Cáceres;2019M04;2,48
10 Cáceres;2019M03;1,95
10 Cáceres;2019M02;1,9
10 Cáceres;2019M01;1,89
10 Cáceres;2018M12;2,48
10 Cáceres;2018M11;2,01
10 Cáceres;2018M10;2,1
10 Cáceres;2018M09;2
10 Cáceres;2018M08;2,69
10 Cáceres;2018M07;2,31
10 Cáceres;2018M06;2,05
10 Cáceres;2018M05;1,99
10 Cáceres;2018M04;2,4
10 Cáceres;2018M03;2,47
10 Cáceres;2018M02;1,97
10 Cáceres;2018M01;2,16
10 Cáceres;2017M12;2,37
10 Cáceres;2017M11;2,02
10 Cáceres;2017M10;2,13
10 Cáceres;2017M09;2,5
10 Cáceres;2017M08;2,84
10 Cáceres;2017M07;2,45
10 Cáceres;2017M06;2,14
10 Cáceres;2017M05;2,2
10 Cáceres;2017M04;2,45
10 Cáceres;2017M03;1,89
10 Cáceres;2017M02;2
10 Cáceres;2017M01;2,09
10 Cáceres;2016M12;2,41
10 Cáceres;2016M11;2,08
10 Cáceres;2016M10;2,05
10 Cáceres;2016M09;2,2
10 Cáceres;2016M08;2,86
10 Cáceres;2016M07;2,44
10 Cáceres;2016M06;2,02
10 Cáceres;2016M05;2,25
10 Cáceres;2016M04;2,3
10 Cáceres;2016M03;2,64
10 Cáceres;2016M02;2,19
10 Cáceres;2016M01;2,2
10 Cáceres;2015M12;2,48
10 Cáceres;2015M11;2,02
10 Cáceres;2015M10;2,06
10 Cáceres;2015M09;2,02
10 Cáceres;2015M08;3,1
10 Cáceres;2015M07;2,33
10 Cáceres;2015M06;1,9
10 Cáceres;2015M05;2,04
10 Cáceres;2015M04;2,32
10 Cáceres;2015M03;2,07
10 Cáceres;2015M02;1,93
10 Cáceres;2015M01;1,86
10 Cáceres;2014M12;2,35
10 Cáceres;2014M11;1,95
10 Cáceres;2014M10;1,83
10 Cáceres;2014M09;2,29
10 Cáceres;2014M08;3,15
10 Cáceres;2014M07;2,17
10 Cáceres;2014M06;2,14
10 Cáceres;2014M05;2,36
10 Cáceres;2014M04;2,6
10 Cáceres;2014M03;2
10 Cáceres;2014M02;1,84
10 Cáceres;2014M01;1,99
10 Cáceres;2013M12;2,61
10 Cáceres;2013M11;2,01
10 Cáceres;2013M10;1,89
10 Cáceres;2013M09;2,16
10 Cáceres;2013M08;3,34
10 Cáceres;2013M07;2,34
10 Cáceres;2013M06;2,01
10 Cáceres;2013M05;2,18
10 Cáceres;2013M04;2,37
10 Cáceres;2013M03;2,3
10 Cáceres;2013M02;1,89
10 Cáceres;2013M01;1,84
10 Cáceres;2012M12;1,8
10 Cáceres;2012M11;2,2
10 Cáceres;2012M10;2,1
10 Cáceres;2012M09;1,73
10 Cáceres;2012M08;2,91
10 Cáceres;2012M07;2,17
10 Cáceres;2012M06;1,97
10 Cáceres;2012M05;1,99
10 Cáceres;2012M04;2,8
10 Cáceres;2012M03;1,82
10 Cáceres;2012M02;2
10 Cáceres;2012M01;2,02
10 Cáceres;2011M12;2,28
10 Cáceres;2011M11;2,19
10 Cáceres;2011M10;2,05
10 Cáceres;2011M09;2,15
10 Cáceres;2011M08;3,37
10 Cáceres;2011M07;2,52
10 Cáceres;2011M06;2,08
10 Cáceres;2011M05;2,12
10 Cáceres;2011M04;2,4
10 Cáceres;2011M03;2,16
10 Cáceres;2011M02;2,03
10 Cáceres;2011M01;2,12
10 Cáceres;2010M12;2,13
10 Cáceres;2010M11;2,12
10 Cáceres;2010M10;2,36
10 Cáceres;2010M09;2,31
10 Cáceres;2010M08;3,13
10 Cáceres;2010M07;2,47
10 Cáceres;2010M06;2,09
10 Cáceres;2010M05;2,05
10 Cáceres;2010M04;2,55
10 Cáceres;2010M03;2,13
10 Cáceres;2010M02;1,96
10 Cáceres;2010M01;2,28
10 Cáceres;2009M12;2,49
10 Cáceres;2009M11;2,14
10 Cáceres;2009M10;2,02
10 Cáceres;2009M09;2,39
10 Cáceres;2009M08;3,08
10 Cáceres;2009M07;2,3
10 Cáceres;2009M06;1,93
10 Cáceres;2009M05;2,12
10 Cáceres;2009M04;2,66
10 Cáceres;2009M03;2,15
10 Cáceres;2009M02;1,93
10 Cáceres;2009M01;2,32
10 Cáceres;2008M12;2,6
10 Cáceres;2008M11;2,15
10 Cáceres;2008M10;1,96
10 Cáceres;2008M09;2,33
10 Cáceres;2008M08;3,53
10 Cáceres;2008M07;2,73
10 Cáceres;2008M06;1,97
10 Cáceres;2008M05;2,38
10 Cáceres;2008M04;1,93
10 Cáceres;2008M03;2,71
10 Cáceres;2008M02;1,64
10 Cáceres;2008M01;2,21
10 Cáceres;2007M12;2,23
10 Cáceres;2007M11;2,34
10 Cáceres;2007M10;2,13
10 Cáceres;2007M09;2,45
10 Cáceres;2007M08;2,91
10 Cáceres;2007M07;2,4
10 Cáceres;2007M06;1,84
10 Cáceres;2007M05;1,99
10 Cáceres;2007M04;2,72
10 Cáceres;2007M03;1,79
10 Cáceres;2007M02;1,78
10 Cáceres;2007M01;1,98
10 Cáceres;2006M12;2,33
10 Cáceres;2006M11;1,86
10 Cáceres;2006M10;2,38
10 Cáceres;2006M09;2,12
10 Cáceres;2006M08;3,01
10 Cáceres;2006M07;2,19
10 Cáceres;2006M06;1,85
10 Cáceres;2006M05;2,14
10 Cáceres;2006M04;2,5
10 Cáceres;2006M03;1,99
10 Cáceres;2006M02;1,95
10 Cáceres;2006M01;2,39
10 Cáceres;2005M12;2,23
10 Cáceres;2005M11;1,87
10 Cáceres;2005M10;1,97
10 Cáceres;2005M09;2,15
10 Cáceres;2005M08;3,18
10 Cáceres;2005M07;2,39
10 Cáceres;2005M06;1,76
10 Cáceres;2005M05;2,02
10 Cáceres;2005M04;1,74
10 Cáceres;2005M03;2,64
10 Cáceres;2005M02;1,97
10 Cáceres;2005M01;1,53
11 Cádiz;2026M06;2,99
11 Cádiz;2026M05;2,91
11 Cádiz;2026M04;2,34
11 Cádiz;2026M03;2,52
11 Cádiz;2026M02;3,15
11 Cádiz;2026M01;2,74
11 Cádiz;2025M12;2,28
11 Cádiz;2025M11;2,16
11 Cádiz;2025M10;2,46
11 Cádiz;2025M09;2,66
11 Cádiz;2025M08;3,02
11 Cádiz;2025M07;2,96
11 Cádiz;2025M06;2,29
11 Cádiz;2025M05;2,25
11 Cádiz;2025M04;2,37
11 Cádiz;2025M03;2,21
11 Cádiz;2025M02;1,81
11 Cádiz;2025M01;1,84
11 Cádiz;2024M12;2,33
11 Cádiz;2024M11;2,03
11 Cádiz;2024M10;2,04
11 Cádiz;2024M09;2,43
11 Cádiz;2024M08;2,77
11 Cádiz;2024M07;2,8
11 Cádiz;2024M06;2,25
11 Cádiz;2024M05;2,16
11 Cádiz;2024M04;2,44
11 Cádiz;2024M03;2,15
11 Cádiz;2024M02;1,79
11 Cádiz;2024M01;2,44
11 Cádiz;2023M12;2,31
11 Cádiz;2023M11;2,15
11 Cádiz;2023M10;2,24
11 Cádiz;2023M09;2,44
11 Cádiz;2023M08;3,29
11 Cádiz;2023M07;2,7
11 Cádiz;2023M06;2,51
11 Cádiz;2023M05;2,54
11 Cádiz;2023M04;2,47
11 Cádiz;2023M03;2,23
11 Cádiz;2023M02;2,24
11 Cádiz;2023M01;2,23
11 Cádiz;2022M12;2,44
11 Cádiz;2022M11;2,04
11 Cádiz;2022M10;2,08
11 Cádiz;2022M09;2,35
11 Cádiz;2022M08;3,07
11 Cádiz;2022M07;3,03
11 Cádiz;2022M06;2,49
11 Cádiz;2022M05;2,21
11 Cádiz;2022M04;2,17
11 Cádiz;2022M03;2,18
11 Cádiz;2022M02;2,09
11 Cádiz;2022M01;1,89
11 Cádiz;2021M12;2,02
11 Cádiz;2021M11;2,13
11 Cádiz;2021M10;2,15
11 Cádiz;2021M09;2,34
11 Cádiz;2021M08;2,81
11 Cádiz;2021M07;2,51
11 Cádiz;2021M06;1,99
11 Cádiz;2021M05;1,76
11 Cádiz;2021M04;2,07
11 Cádiz;2021M03;1,63
11 Cádiz;2021M02;4,22
11 Cádiz;2021M01;2,76
11 Cádiz;2020M12;2,24
11 Cádiz;2020M11;.
11 Cádiz;2020M10;2,09
11 Cádiz;2020M09;1,97
11 Cádiz;2020M08;3,3
11 Cádiz;2020M07;3
11 Cádiz;2020M06;2,02
11 Cádiz;2020M05;.
11 Cádiz;2020M04;.
11 Cádiz;2020M03;1,83
11 Cádiz;2020M02;2,18
11 Cádiz;2020M01;1,86
11 Cádiz;2019M12;2,55
11 Cádiz;2019M11;2,57
11 Cádiz;2019M10;2,29
11 Cádiz;2019M09;2,95
11 Cádiz;2019M08;3,47
11 Cádiz;2019M07;3,04
11 Cádiz;2019M06;2,07
11 Cádiz;2019M05;2,31
11 Cádiz;2019M04;2,73
11 Cádiz;2019M03;2,45
11 Cádiz;2019M02;2,05
11 Cádiz;2019M01;2,53
11 Cádiz;2018M12;2,98
11 Cádiz;2018M11;2,26
11 Cádiz;2018M10;2,39
11 Cádiz;2018M09;2,19
11 Cádiz;2018M08;2,84
11 Cádiz;2018M07;3,46
11 Cádiz;2018M06;2,15
11 Cádiz;2018M05;2,21
11 Cádiz;2018M04;2,31
11 Cádiz;2018M03;2,27
11 Cádiz;2018M02;2,07
11 Cádiz;2018M01;2,11
11 Cádiz;2017M12;2,74
11 Cádiz;2017M11;2,76
11 Cádiz;2017M10;2,5
11 Cádiz;2017M09;2,49
11 Cádiz;2017M08;3,42
11 Cádiz;2017M07;3,19
11 Cádiz;2017M06;2,79
11 Cádiz;2017M05;2,43
11 Cádiz;2017M04;2,61
11 Cádiz;2017M03;2,39
11 Cádiz;2017M02;2,45
11 Cádiz;2017M01;2,85
11 Cádiz;2016M12;2,85
11 Cádiz;2016M11;4,17
11 Cádiz;2016M10;2,92
11 Cádiz;2016M09;3,35
11 Cádiz;2016M08;2,62
11 Cádiz;2016M07;3,1
11 Cádiz;2016M06;3,03
11 Cádiz;2016M05;2,74
11 Cádiz;2016M04;3
11 Cádiz;2016M03;3,06
11 Cádiz;2016M02;2,53
11 Cádiz;2016M01;3,26
11 Cádiz;2015M12;2,28
11 Cádiz;2015M11;2,3
11 Cádiz;2015M10;2,9
11 Cádiz;2015M09;2,8
11 Cádiz;2015M08;3,11
11 Cádiz;2015M07;3,14
11 Cádiz;2015M06;2,56
11 Cádiz;2015M05;2,64
11 Cádiz;2015M04;2,64
11 Cádiz;2015M03;2,75
11 Cádiz;2015M02;2,18
11 Cádiz;2015M01;1,87
11 Cádiz;2014M12;2,26
11 Cádiz;2014M11;2,7
11 Cádiz;2014M10;2,32
11 Cádiz;2014M09;3,62
11 Cádiz;2014M08;3,34
11 Cádiz;2014M07;3,37
11 Cádiz;2014M06;2,6
11 Cádiz;2014M05;2,38
11 Cádiz;2014M04;2,9
11 Cádiz;2014M03;2,53
11 Cádiz;2014M02;1,97
11 Cádiz;2014M01;1,72
11 Cádiz;2013M12;2,4
11 Cádiz;2013M11;2,23
11 Cádiz;2013M10;2,6
11 Cádiz;2013M09;3,22
11 Cádiz;2013M08;3,09
11 Cádiz;2013M07;3,31
11 Cádiz;2013M06;2,48
11 Cádiz;2013M05;2,31
11 Cádiz;2013M04;2,2
11 Cádiz;2013M03;2
11 Cádiz;2013M02;2,17
11 Cádiz;2013M01;2,13
11 Cádiz;2012M12;2,74
11 Cádiz;2012M11;1,9
11 Cádiz;2012M10;2,65
11 Cádiz;2012M09;2,58
11 Cádiz;2012M08;3,24
11 Cádiz;2012M07;3,63
11 Cádiz;2012M06;2,55
11 Cádiz;2012M05;3,08
11 Cádiz;2012M04;2,82
11 Cádiz;2012M03;1,77
11 Cádiz;2012M02;2,14
11 Cádiz;2012M01;2,59
11 Cádiz;2011M12;2,07
11 Cádiz;2011M11;2,68
11 Cádiz;2011M10;2,89
11 Cádiz;2011M09;3,67
11 Cádiz;2011M08;4,53
11 Cádiz;2011M07;3,41
11 Cádiz;2011M06;3,23
11 Cádiz;2011M05;2,63
11 Cádiz;2011M04;2,97
11 Cádiz;2011M03;2,63
11 Cádiz;2011M02;2,54
11 Cádiz;2011M01;3,08
11 Cádiz;2010M12;2,84
11 Cádiz;2010M11;2,74
11 Cádiz;2010M10;2,09
11 Cádiz;2010M09;2,89
11 Cádiz;2010M08;4,37
11 Cádiz;2010M07;3,58
11 Cádiz;2010M06;2,94
11 Cádiz;2010M05;2,33
11 Cádiz;2010M04;2,72
11 Cádiz;2010M03;2,39
11 Cádiz;2010M02;2,28
11 Cádiz;2010M01;2,92
11 Cádiz;2009M12;2,87
11 Cádiz;2009M11;2,28
11 Cádiz;2009M10;2,51
11 Cádiz;2009M09;2,38
11 Cádiz;2009M08;4,27
11 Cádiz;2009M07;3,58
11 Cádiz;2009M06;3,38
11 Cádiz;2009M05;2,43
11 Cádiz;2009M04;2,41
11 Cádiz;2009M03;3,12
11 Cádiz;2009M02;2,02
11 Cádiz;2009M01;3,61
11 Cádiz;2008M12;2,43
11 Cádiz;2008M11;2,1
11 Cádiz;2008M10;2,24
11 Cádiz;2008M09;3,18
11 Cádiz;2008M08;4,04
11 Cádiz;2008M07;3,58
11 Cádiz;2008M06;2,65
11 Cádiz;2008M05;2,53
11 Cádiz;2008M04;2,6
11 Cádiz;2008M03;3,12
11 Cádiz;2008M02;2,01
11 Cádiz;2008M01;2,7
11 Cádiz;2007M12;2,06
11 Cádiz;2007M11;2,7
11 Cádiz;2007M10;2,29
11 Cádiz;2007M09;2,86
11 Cádiz;2007M08;4,8
11 Cádiz;2007M07;3,83
11 Cádiz;2007M06;2,23
11 Cádiz;2007M05;2,51
11 Cádiz;2007M04;2,89
11 Cádiz;2007M03;1,8
11 Cádiz;2007M02;1,96
11 Cádiz;2007M01;2,1
11 Cádiz;2006M12;2,43
11 Cádiz;2006M11;2,03
11 Cádiz;2006M10;2,42
11 Cádiz;2006M09;2,47
11 Cádiz;2006M08;4,26
11 Cádiz;2006M07;3,75
11 Cádiz;2006M06;3,38
11 Cádiz;2006M05;2,49
11 Cádiz;2006M04;3,1
11 Cádiz;2006M03;2,65
11 Cádiz;2006M02;2,46
11 Cádiz;2006M01;3,61
11 Cádiz;2005M12;2,59
11 Cádiz;2005M11;1,91
11 Cádiz;2005M10;2,86
11 Cádiz;2005M09;2,91
11 Cádiz;2005M08;4,29
11 Cádiz;2005M07;3,65
11 Cádiz;2005M06;3,32
11 Cádiz;2005M05;2,72
11 Cádiz;2005M04;2,34
11 Cádiz;2005M03;2,66
11 Cádiz;2005M02;2,69
11 Cádiz;2005M01;2,2
39 Cantabria;2026M06;2,15
39 Cantabria;2026M05;1,92
39 Cantabria;2026M04;2,25
39 Cantabria;2026M03;2,07
39 Cantabria;2026M02;1,76
39 Cantabria;2026M01;2,26
39 Cantabria;2025M12;2,13
39 Cantabria;2025M11;1,96
39 Cantabria;2025M10;2,08
39 Cantabria;2025M09;2,5
39 Cantabria;2025M08;3,53
39 Cantabria;2025M07;2,81
39 Cantabria;2025M06;2,17
39 Cantabria;2025M05;1,99
39 Cantabria;2025M04;2,27
39 Cantabria;2025M03;1,92
39 Cantabria;2025M02;1,87
39 Cantabria;2025M01;2,14
39 Cantabria;2024M12;2,51
39 Cantabria;2024M11;2,09
39 Cantabria;2024M10;2,08
39 Cantabria;2024M09;2,28
39 Cantabria;2024M08;3,31
39 Cantabria;2024M07;3,17
39 Cantabria;2024M06;2,18
39 Cantabria;2024M05;2,01
39 Cantabria;2024M04;1,97
39 Cantabria;2024M03;2,39
39 Cantabria;2024M02;2,08
39 Cantabria;2024M01;2,11
39 Cantabria;2023M12;2,48
39 Cantabria;2023M11;2,09
39 Cantabria;2023M10;2,23
39 Cantabria;2023M09;2,28
39 Cantabria;2023M08;3,45
39 Cantabria;2023M07;2,97
39 Cantabria;2023M06;2,2
39 Cantabria;2023M05;2,04
39 Cantabria;2023M04;2,31
39 Cantabria;2023M03;2,06
39 Cantabria;2023M02;2,06
39 Cantabria;2023M01;2,22
39 Cantabria;2022M12;2,29
39 Cantabria;2022M11;2,08
39 Cantabria;2022M10;2,02
39 Cantabria;2022M09;2,31
39 Cantabria;2022M08;3,26
39 Cantabria;2022M07;2,82
39 Cantabria;2022M06;2,2
39 Cantabria;2022M05;2,05
39 Cantabria;2022M04;2,26
39 Cantabria;2022M03;1,82
39 Cantabria;2022M02;1,92
39 Cantabria;2022M01;1,85
39 Cantabria;2021M12;2,55
39 Cantabria;2021M11;1,98
39 Cantabria;2021M10;2,25
39 Cantabria;2021M09;2,21
39 Cantabria;2021M08;3,21
39 Cantabria;2021M07;2,69
39 Cantabria;2021M06;2,2
39 Cantabria;2021M05;1,87
39 Cantabria;2021M04;2,08
39 Cantabria;2021M03;2,24
39 Cantabria;2021M02;1,83
39 Cantabria;2021M01;2,04
39 Cantabria;2020M12;2,28
39 Cantabria;2020M11;2,18
39 Cantabria;2020M10;1,91
39 Cantabria;2020M09;2,36
39 Cantabria;2020M08;3,54
39 Cantabria;2020M07;2,89
39 Cantabria;2020M06;1,98
39 Cantabria;2020M05;1,4
39 Cantabria;2020M04;.
39 Cantabria;2020M03;1,75
39 Cantabria;2020M02;1,92
39 Cantabria;2020M01;2,02
39 Cantabria;2019M12;2,2
39 Cantabria;2019M11;1,99
39 Cantabria;2019M10;1,89
39 Cantabria;2019M09;2,35
39 Cantabria;2019M08;3,09
39 Cantabria;2019M07;2,65
39 Cantabria;2019M06;2,05
39 Cantabria;2019M05;2,02
39 Cantabria;2019M04;2,27
39 Cantabria;2019M03;1,91
39 Cantabria;2019M02;1,78
39 Cantabria;2019M01;1,93
39 Cantabria;2018M12;2,29
39 Cantabria;2018M11;2,07
39 Cantabria;2018M10;2,05
39 Cantabria;2018M09;2,04
39 Cantabria;2018M08;3,4
39 Cantabria;2018M07;2,82
39 Cantabria;2018M06;2,02
39 Cantabria;2018M05;1,86
39 Cantabria;2018M04;2,07
39 Cantabria;2018M03;2,13
39 Cantabria;2018M02;1,87
39 Cantabria;2018M01;1,86
39 Cantabria;2017M12;2,25
39 Cantabria;2017M11;1,83
39 Cantabria;2017M10;2,05
39 Cantabria;2017M09;2,09
39 Cantabria;2017M08;3,14
39 Cantabria;2017M07;2,69
39 Cantabria;2017M06;2,06
39 Cantabria;2017M05;1,96
39 Cantabria;2017M04;2,34
39 Cantabria;2017M03;1,95
39 Cantabria;2017M02;2,03
39 Cantabria;2017M01;2,37
39 Cantabria;2016M12;2,13
39 Cantabria;2016M11;1,85
39 Cantabria;2016M10;2,07
39 Cantabria;2016M09;2,3
39 Cantabria;2016M08;3,3
39 Cantabria;2016M07;2,79
39 Cantabria;2016M06;2,08
39 Cantabria;2016M05;2,04
39 Cantabria;2016M04;1,8
39 Cantabria;2016M03;2,43
39 Cantabria;2016M02;1,72
39 Cantabria;2016M01;1,83
39 Cantabria;2015M12;2,35
39 Cantabria;2015M11;1,85
39 Cantabria;2015M10;2,06
39 Cantabria;2015M09;2,22
39 Cantabria;2015M08;3,04
39 Cantabria;2015M07;2,55
39 Cantabria;2015M06;1,96
39 Cantabria;2015M05;1,87
39 Cantabria;2015M04;2,14
39 Cantabria;2015M03;1,84
39 Cantabria;2015M02;1,86
39 Cantabria;2015M01;1,89
39 Cantabria;2014M12;2,14
39 Cantabria;2014M11;1,85
39 Cantabria;2014M10;1,83
39 Cantabria;2014M09;2,17
39 Cantabria;2014M08;3,12
39 Cantabria;2014M07;2,79
39 Cantabria;2014M06;2,19
39 Cantabria;2014M05;1,99
39 Cantabria;2014M04;2,29
39 Cantabria;2014M03;1,76
39 Cantabria;2014M02;1,77
39 Cantabria;2014M01;1,92
39 Cantabria;2013M12;2,13
39 Cantabria;2013M11;1,92
39 Cantabria;2013M10;1,9
39 Cantabria;2013M09;2,49
39 Cantabria;2013M08;3,38
39 Cantabria;2013M07;2,96
39 Cantabria;2013M06;2,11
39 Cantabria;2013M05;1,98
39 Cantabria;2013M04;1,93
39 Cantabria;2013M03;2,43
39 Cantabria;2013M02;1,82
39 Cantabria;2013M01;1,83
39 Cantabria;2012M12;2,37
39 Cantabria;2012M11;2,48
39 Cantabria;2012M10;2,09
39 Cantabria;2012M09;2,21
39 Cantabria;2012M08;3,35
39 Cantabria;2012M07;2,98
39 Cantabria;2012M06;1,99
39 Cantabria;2012M05;2
39 Cantabria;2012M04;2,55
39 Cantabria;2012M03;1,65
39 Cantabria;2012M02;1,82
39 Cantabria;2012M01;1,85
39 Cantabria;2011M12;2,36
39 Cantabria;2011M11;1,81
39 Cantabria;2011M10;1,94
39 Cantabria;2011M09;2,15
39 Cantabria;2011M08;3,31
39 Cantabria;2011M07;3,04
39 Cantabria;2011M06;2,01
39 Cantabria;2011M05;1,98
39 Cantabria;2011M04;2,43
39 Cantabria;2011M03;1,9
39 Cantabria;2011M02;1,76
39 Cantabria;2011M01;1,93
39 Cantabria;2010M12;2,54
39 Cantabria;2010M11;1,83
39 Cantabria;2010M10;2,26
39 Cantabria;2010M09;2,49
39 Cantabria;2010M08;3,55
39 Cantabria;2010M07;2,91
39 Cantabria;2010M06;2,11
39 Cantabria;2010M05;1,77
39 Cantabria;2010M04;2,48
39 Cantabria;2010M03;2,14
39 Cantabria;2010M02;1,97
39 Cantabria;2010M01;1,95
39 Cantabria;2009M12;2,46
39 Cantabria;2009M11;1,9
39 Cantabria;2009M10;2,23
39 Cantabria;2009M09;2,79
39 Cantabria;2009M08;3,97
39 Cantabria;2009M07;2,96
39 Cantabria;2009M06;2,35
39 Cantabria;2009M05;1,96
39 Cantabria;2009M04;2,47
39 Cantabria;2009M03;1,93
39 Cantabria;2009M02;1,94
39 Cantabria;2009M01;2,24
39 Cantabria;2008M12;2,32
39 Cantabria;2008M11;1,89
39 Cantabria;2008M10;2,19
39 Cantabria;2008M09;2,61
39 Cantabria;2008M08;4,29
39 Cantabria;2008M07;3,2
39 Cantabria;2008M06;2,27
39 Cantabria;2008M05;2,38
39 Cantabria;2008M04;1,98
39 Cantabria;2008M03;2,8
39 Cantabria;2008M02;1,74
39 Cantabria;2008M01;2,16
39 Cantabria;2007M12;2,23
39 Cantabria;2007M11;2,16
39 Cantabria;2007M10;2,29
39 Cantabria;2007M09;2,75
39 Cantabria;2007M08;4,28
39 Cantabria;2007M07;3,56
39 Cantabria;2007M06;2,07
39 Cantabria;2007M05;2,18
39 Cantabria;2007M04;2,63
39 Cantabria;2007M03;1,83
39 Cantabria;2007M02;2,05
39 Cantabria;2007M01;2,08
39 Cantabria;2006M12;2,38
39 Cantabria;2006M11;1,86
39 Cantabria;2006M10;2,19
39 Cantabria;2006M09;2,36
39 Cantabria;2006M08;4,15
39 Cantabria;2006M07;3,06
39 Cantabria;2006M06;2,18
39 Cantabria;2006M05;1,9
39 Cantabria;2006M04;2,39
39 Cantabria;2006M03;1,76
39 Cantabria;2006M02;1,79
39 Cantabria;2006M01;1,76
39 Cantabria;2005M12;2,51
39 Cantabria;2005M11;1,91
39 Cantabria;2005M10;2,22
39 Cantabria;2005M09;2,5
39 Cantabria;2005M08;4,01
39 Cantabria;2005M07;2,85
39 Cantabria;2005M06;2,01
39 Cantabria;2005M05;1,85
39 Cantabria;2005M04;1,82
39 Cantabria;2005M03;2,52
39 Cantabria;2005M02;1,83
39 Cantabria;2005M01;2,06
12 Castellón/Castelló;2026M06;2,53
12 Castellón/Castelló;2026M05;2,63
12 Castellón/Castelló;2026M04;2,65
12 Castellón/Castelló;2026M03;2,94
12 Castellón/Castelló;2026M02;2,32
12 Castellón/Castelló;2026M01;2,72
12 Castellón/Castelló;2025M12;2,56
12 Castellón/Castelló;2025M11;2,18
12 Castellón/Castelló;2025M10;2,78
12 Castellón/Castelló;2025M09;2,46
12 Castellón/Castelló;2025M08;4,36
12 Castellón/Castelló;2025M07;3,45
12 Castellón/Castelló;2025M06;2,57
12 Castellón/Castelló;2025M05;2,87
12 Castellón/Castelló;2025M04;2,74
12 Castellón/Castelló;2025M03;3,1
12 Castellón/Castelló;2025M02;2,67
12 Castellón/Castelló;2025M01;3,12
12 Castellón/Castelló;2024M12;2,37
12 Castellón/Castelló;2024M11;2,11
12 Castellón/Castelló;2024M10;2,28
12 Castellón/Castelló;2024M09;2,67
12 Castellón/Castelló;2024M08;4,91
12 Castellón/Castelló;2024M07;3,52
12 Castellón/Castelló;2024M06;2,42
12 Castellón/Castelló;2024M05;2,24
12 Castellón/Castelló;2024M04;2,46
12 Castellón/Castelló;2024M03;2,58
12 Castellón/Castelló;2024M02;2,38
12 Castellón/Castelló;2024M01;2,17
12 Castellón/Castelló;2023M12;2,55
12 Castellón/Castelló;2023M11;2,18
12 Castellón/Castelló;2023M10;2,24
12 Castellón/Castelló;2023M09;3,11
12 Castellón/Castelló;2023M08;4,08
12 Castellón/Castelló;2023M07;3,3
12 Castellón/Castelló;2023M06;2,2
12 Castellón/Castelló;2023M05;2
12 Castellón/Castelló;2023M04;2,53
12 Castellón/Castelló;2023M03;2,27
12 Castellón/Castelló;2023M02;2,01
12 Castellón/Castelló;2023M01;2,49
12 Castellón/Castelló;2022M12;2,66
12 Castellón/Castelló;2022M11;2,52
12 Castellón/Castelló;2022M10;2,46
12 Castellón/Castelló;2022M09;2,55
12 Castellón/Castelló;2022M08;3,94
12 Castellón/Castelló;2022M07;3,46
12 Castellón/Castelló;2022M06;2,46
12 Castellón/Castelló;2022M05;2,35
12 Castellón/Castelló;2022M04;2,89
12 Castellón/Castelló;2022M03;2,8
12 Castellón/Castelló;2022M02;2,21
12 Castellón/Castelló;2022M01;2,5
12 Castellón/Castelló;2021M12;2,18
12 Castellón/Castelló;2021M11;1,92
12 Castellón/Castelló;2021M10;2,39
12 Castellón/Castelló;2021M09;2,19
12 Castellón/Castelló;2021M08;4,21
12 Castellón/Castelló;2021M07;2,97
12 Castellón/Castelló;2021M06;2,11
12 Castellón/Castelló;2021M05;2,29
12 Castellón/Castelló;2021M04;2,45
12 Castellón/Castelló;2021M03;2,55
12 Castellón/Castelló;2021M02;2,99
12 Castellón/Castelló;2021M01;2,75
12 Castellón/Castelló;2020M12;2,57
12 Castellón/Castelló;2020M11;.
12 Castellón/Castelló;2020M10;2,39
12 Castellón/Castelló;2020M09;2,79
12 Castellón/Castelló;2020M08;3,72
12 Castellón/Castelló;2020M07;3,62
12 Castellón/Castelló;2020M06;2,88
12 Castellón/Castelló;2020M05;.
12 Castellón/Castelló;2020M04;.
12 Castellón/Castelló;2020M03;2,93
12 Castellón/Castelló;2020M02;2,29
12 Castellón/Castelló;2020M01;2,69
12 Castellón/Castelló;2019M12;2,4
12 Castellón/Castelló;2019M11;2,17
12 Castellón/Castelló;2019M10;2,17
12 Castellón/Castelló;2019M09;2,4
12 Castellón/Castelló;2019M08;3,59
12 Castellón/Castelló;2019M07;3,94
12 Castellón/Castelló;2019M06;2,19
12 Castellón/Castelló;2019M05;1,75
12 Castellón/Castelló;2019M04;2,56
12 Castellón/Castelló;2019M03;2
12 Castellón/Castelló;2019M02;1,86
12 Castellón/Castelló;2019M01;2,07
12 Castellón/Castelló;2018M12;2,86
12 Castellón/Castelló;2018M11;2,79
12 Castellón/Castelló;2018M10;2,75
12 Castellón/Castelló;2018M09;3,19
12 Castellón/Castelló;2018M08;4,02
12 Castellón/Castelló;2018M07;3,58
12 Castellón/Castelló;2018M06;2,16
12 Castellón/Castelló;2018M05;2,15
12 Castellón/Castelló;2018M04;2,51
12 Castellón/Castelló;2018M03;2,68
12 Castellón/Castelló;2018M02;2,07
12 Castellón/Castelló;2018M01;2,2
12 Castellón/Castelló;2017M12;2,26
12 Castellón/Castelló;2017M11;1,55
12 Castellón/Castelló;2017M10;1,91
12 Castellón/Castelló;2017M09;1,96
12 Castellón/Castelló;2017M08;3,86
12 Castellón/Castelló;2017M07;2,8
12 Castellón/Castelló;2017M06;2,1
12 Castellón/Castelló;2017M05;1,59
12 Castellón/Castelló;2017M04;2,36
12 Castellón/Castelló;2017M03;1,99
12 Castellón/Castelló;2017M02;1,87
12 Castellón/Castelló;2017M01;2,37
12 Castellón/Castelló;2016M12;2,4
12 Castellón/Castelló;2016M11;2,45
12 Castellón/Castelló;2016M10;2,65
12 Castellón/Castelló;2016M09;2,54
12 Castellón/Castelló;2016M08;4,13
12 Castellón/Castelló;2016M07;3
12 Castellón/Castelló;2016M06;2,48
12 Castellón/Castelló;2016M05;2,31
12 Castellón/Castelló;2016M04;2,42
12 Castellón/Castelló;2016M03;2,92
12 Castellón/Castelló;2016M02;2,32
12 Castellón/Castelló;2016M01;2,97
12 Castellón/Castelló;2015M12;2,2
12 Castellón/Castelló;2015M11;2,18
12 Castellón/Castelló;2015M10;2,58
12 Castellón/Castelló;2015M09;2,35
12 Castellón/Castelló;2015M08;4,16
12 Castellón/Castelló;2015M07;3,08
12 Castellón/Castelló;2015M06;1,94
12 Castellón/Castelló;2015M05;2,46
12 Castellón/Castelló;2015M04;2,4
12 Castellón/Castelló;2015M03;2,68
12 Castellón/Castelló;2015M02;2,17
12 Castellón/Castelló;2015M01;3,23
12 Castellón/Castelló;2014M12;2,01
12 Castellón/Castelló;2014M11;1,62
12 Castellón/Castelló;2014M10;1,71
12 Castellón/Castelló;2014M09;1,9
12 Castellón/Castelló;2014M08;3,86
12 Castellón/Castelló;2014M07;3,28
12 Castellón/Castelló;2014M06;2,32
12 Castellón/Castelló;2014M05;2,16
12 Castellón/Castelló;2014M04;2,72
12 Castellón/Castelló;2014M03;2,48
12 Castellón/Castelló;2014M02;2,13
12 Castellón/Castelló;2014M01;2,96
12 Castellón/Castelló;2013M12;2,2
12 Castellón/Castelló;2013M11;2,28
12 Castellón/Castelló;2013M10;2,12
12 Castellón/Castelló;2013M09;2,67
12 Castellón/Castelló;2013M08;4,16
12 Castellón/Castelló;2013M07;3,51
12 Castellón/Castelló;2013M06;2,14
12 Castellón/Castelló;2013M05;1,98
12 Castellón/Castelló;2013M04;2,41
12 Castellón/Castelló;2013M03;2,8
12 Castellón/Castelló;2013M02;2,09
12 Castellón/Castelló;2013M01;1,8
12 Castellón/Castelló;2012M12;2,28
12 Castellón/Castelló;2012M11;2,15
12 Castellón/Castelló;2012M10;1,95
12 Castellón/Castelló;2012M09;2,39
12 Castellón/Castelló;2012M08;4,08
12 Castellón/Castelló;2012M07;4,26
12 Castellón/Castelló;2012M06;1,6
12 Castellón/Castelló;2012M05;2,11
12 Castellón/Castelló;2012M04;2,64
12 Castellón/Castelló;2012M03;2,4
12 Castellón/Castelló;2012M02;1,88
12 Castellón/Castelló;2012M01;2,09
12 Castellón/Castelló;2011M12;2,19
12 Castellón/Castelló;2011M11;2,3
12 Castellón/Castelló;2011M10;2,2
12 Castellón/Castelló;2011M09;2,7
12 Castellón/Castelló;2011M08;4,35
12 Castellón/Castelló;2011M07;4,83
12 Castellón/Castelló;2011M06;2,39
12 Castellón/Castelló;2011M05;2,28
12 Castellón/Castelló;2011M04;2,68
12 Castellón/Castelló;2011M03;2,21
12 Castellón/Castelló;2011M02;2,27
12 Castellón/Castelló;2011M01;3,28
12 Castellón/Castelló;2010M12;2,41
12 Castellón/Castelló;2010M11;2,44
12 Castellón/Castelló;2010M10;2,86
12 Castellón/Castelló;2010M09;2,38
12 Castellón/Castelló;2010M08;5,91
12 Castellón/Castelló;2010M07;4,15
12 Castellón/Castelló;2010M06;2,68
12 Castellón/Castelló;2010M05;2,35
12 Castellón/Castelló;2010M04;3,1
12 Castellón/Castelló;2010M03;2,47
12 Castellón/Castelló;2010M02;2,49
12 Castellón/Castelló;2010M01;7,13
12 Castellón/Castelló;2009M12;2,48
12 Castellón/Castelló;2009M11;2,28
12 Castellón/Castelló;2009M10;3,08
12 Castellón/Castelló;2009M09;2,74
12 Castellón/Castelló;2009M08;4,61
12 Castellón/Castelló;2009M07;4,29
12 Castellón/Castelló;2009M06;2,66
12 Castellón/Castelló;2009M05;2,27
12 Castellón/Castelló;2009M04;3,31
12 Castellón/Castelló;2009M03;2,64
12 Castellón/Castelló;2009M02;2,68
12 Castellón/Castelló;2009M01;5,62
12 Castellón/Castelló;2008M12;2,66
12 Castellón/Castelló;2008M11;2,84
12 Castellón/Castelló;2008M10;2,86
12 Castellón/Castelló;2008M09;2,99
12 Castellón/Castelló;2008M08;5,17
12 Castellón/Castelló;2008M07;5
12 Castellón/Castelló;2008M06;2,68
12 Castellón/Castelló;2008M05;2,48
12 Castellón/Castelló;2008M04;2,78
12 Castellón/Castelló;2008M03;3,41
12 Castellón/Castelló;2008M02;2,27
12 Castellón/Castelló;2008M01;3,11
12 Castellón/Castelló;2007M12;2,99
12 Castellón/Castelló;2007M11;3,37
12 Castellón/Castelló;2007M10;3,44
12 Castellón/Castelló;2007M09;2,74
12 Castellón/Castelló;2007M08;4,91
12 Castellón/Castelló;2007M07;5,51
12 Castellón/Castelló;2007M06;3,37
12 Castellón/Castelló;2007M05;3,26
12 Castellón/Castelló;2007M04;3,42
12 Castellón/Castelló;2007M03;2,88
12 Castellón/Castelló;2007M02;2,59
12 Castellón/Castelló;2007M01;2,92
12 Castellón/Castelló;2006M12;2,79
12 Castellón/Castelló;2006M11;2,13
12 Castellón/Castelló;2006M10;2,74
12 Castellón/Castelló;2006M09;2,75
12 Castellón/Castelló;2006M08;5,56
12 Castellón/Castelló;2006M07;5,86
12 Castellón/Castelló;2006M06;2,06
12 Castellón/Castelló;2006M05;2,53
12 Castellón/Castelló;2006M04;3,02
12 Castellón/Castelló;2006M03;2,4
12 Castellón/Castelló;2006M02;1,99
12 Castellón/Castelló;2006M01;3,07
12 Castellón/Castelló;2005M12;2,45
12 Castellón/Castelló;2005M11;2,79
12 Castellón/Castelló;2005M10;2,79
12 Castellón/Castelló;2005M09;3,02
12 Castellón/Castelló;2005M08;4,67
12 Castellón/Castelló;2005M07;5,77
12 Castellón/Castelló;2005M06;1,99
12 Castellón/Castelló;2005M05;2,35
12 Castellón/Castelló;2005M04;2,42
12 Castellón/Castelló;2005M03;3,34
12 Castellón/Castelló;2005M02;2,63
12 Castellón/Castelló;2005M01;3,14
13 Ciudad Real;2026M06;1,94
13 Ciudad Real;2026M05;1,92
13 Ciudad Real;2026M04;1,91
13 Ciudad Real;2026M03;1,79
13 Ciudad Real;2026M02;1,87
13 Ciudad Real;2026M01;2,02
13 Ciudad Real;2025M12;2,07
13 Ciudad Real;2025M11;2,18
13 Ciudad Real;2025M10;1,83
13 Ciudad Real;2025M09;1,94
13 Ciudad Real;2025M08;2,19
13 Ciudad Real;2025M07;2,03
13 Ciudad Real;2025M06;1,76
13 Ciudad Real;2025M05;1,91
13 Ciudad Real;2025M04;1,97
13 Ciudad Real;2025M03;1,81
13 Ciudad Real;2025M02;1,95
13 Ciudad Real;2025M01;1,97
13 Ciudad Real;2024M12;2,17
13 Ciudad Real;2024M11;1,76
13 Ciudad Real;2024M10;1,68
13 Ciudad Real;2024M09;1,95
13 Ciudad Real;2024M08;3,12
13 Ciudad Real;2024M07;2,45
13 Ciudad Real;2024M06;2,12
13 Ciudad Real;2024M05;1,89
13 Ciudad Real;2024M04;1,93
13 Ciudad Real;2024M03;2,64
13 Ciudad Real;2024M02;2,17
13 Ciudad Real;2024M01;2,48
13 Ciudad Real;2023M12;2,45
13 Ciudad Real;2023M11;2,01
13 Ciudad Real;2023M10;2
13 Ciudad Real;2023M09;1,94
13 Ciudad Real;2023M08;2,87
13 Ciudad Real;2023M07;2,25
13 Ciudad Real;2023M06;1,97
13 Ciudad Real;2023M05;1,95
13 Ciudad Real;2023M04;2,28
13 Ciudad Real;2023M03;2,27
13 Ciudad Real;2023M02;2,57
13 Ciudad Real;2023M01;2,17
13 Ciudad Real;2022M12;2,28
13 Ciudad Real;2022M11;2,03
13 Ciudad Real;2022M10;2,07
13 Ciudad Real;2022M09;1,99
13 Ciudad Real;2022M08;2,89
13 Ciudad Real;2022M07;2,46
13 Ciudad Real;2022M06;2,02
13 Ciudad Real;2022M05;2,2
13 Ciudad Real;2022M04;2,49
13 Ciudad Real;2022M03;2,55
13 Ciudad Real;2022M02;2,28
13 Ciudad Real;2022M01;1,99
13 Ciudad Real;2021M12;2,27
13 Ciudad Real;2021M11;1,88
13 Ciudad Real;2021M10;2,16
13 Ciudad Real;2021M09;2,42
13 Ciudad Real;2021M08;2,66
13 Ciudad Real;2021M07;2,77
13 Ciudad Real;2021M06;2,01
13 Ciudad Real;2021M05;2,07
13 Ciudad Real;2021M04;2,4
13 Ciudad Real;2021M03;2,3
13 Ciudad Real;2021M02;2,72
13 Ciudad Real;2021M01;5,33
13 Ciudad Real;2020M12;4,12
13 Ciudad Real;2020M11;.
13 Ciudad Real;2020M10;2,93
13 Ciudad Real;2020M09;2,26
13 Ciudad Real;2020M08;3,02
13 Ciudad Real;2020M07;2,8
13 Ciudad Real;2020M06;2,52
13 Ciudad Real;2020M05;.
13 Ciudad Real;2020M04;.
13 Ciudad Real;2020M03;2,45
13 Ciudad Real;2020M02;2,26
13 Ciudad Real;2020M01;2,23
13 Ciudad Real;2019M12;2,31
13 Ciudad Real;2019M11;1,98
13 Ciudad Real;2019M10;1,87
13 Ciudad Real;2019M09;1,9
13 Ciudad Real;2019M08;2,95
13 Ciudad Real;2019M07;2,54
13 Ciudad Real;2019M06;1,87
13 Ciudad Real;2019M05;2
13 Ciudad Real;2019M04;2,29
13 Ciudad Real;2019M03;1,95
13 Ciudad Real;2019M02;1,73
13 Ciudad Real;2019M01;2,67
13 Ciudad Real;2018M12;2,96
13 Ciudad Real;2018M11;1,94
13 Ciudad Real;2018M10;2,14
13 Ciudad Real;2018M09;2,08
13 Ciudad Real;2018M08;3,23
13 Ciudad Real;2018M07;2,58
13 Ciudad Real;2018M06;2,03
13 Ciudad Real;2018M05;1,91
13 Ciudad Real;2018M04;2,06
13 Ciudad Real;2018M03;2,41
13 Ciudad Real;2018M02;1,9
13 Ciudad Real;2018M01;2,25
13 Ciudad Real;2017M12;2,39
13 Ciudad Real;2017M11;1,92
13 Ciudad Real;2017M10;2,01
13 Ciudad Real;2017M09;1,69
13 Ciudad Real;2017M08;3,09
13 Ciudad Real;2017M07;2,61
13 Ciudad Real;2017M06;1,92
13 Ciudad Real;2017M05;2
13 Ciudad Real;2017M04;2,4
13 Ciudad Real;2017M03;1,78
13 Ciudad Real;2017M02;2,12
13 Ciudad Real;2017M01;2,71
13 Ciudad Real;2016M12;2,8
13 Ciudad Real;2016M11;2,53
13 Ciudad Real;2016M10;2,39
13 Ciudad Real;2016M09;1,84
13 Ciudad Real;2016M08;3,45
13 Ciudad Real;2016M07;2,54
13 Ciudad Real;2016M06;2,09
13 Ciudad Real;2016M05;2,03
13 Ciudad Real;2016M04;1,93
13 Ciudad Real;2016M03;2,74
13 Ciudad Real;2016M02;2,21
13 Ciudad Real;2016M01;3,67
13 Ciudad Real;2015M12;2,55
13 Ciudad Real;2015M11;2,43
13 Ciudad Real;2015M10;2,43
13 Ciudad Real;2015M09;2
13 Ciudad Real;2015M08;3,01
13 Ciudad Real;2015M07;2,32
13 Ciudad Real;2015M06;2,04
13 Ciudad Real;2015M05;2,18
13 Ciudad Real;2015M04;2,2
13 Ciudad Real;2015M03;2,06
13 Ciudad Real;2015M02;2,56
13 Ciudad Real;2015M01;3,21
13 Ciudad Real;2014M12;2,53
13 Ciudad Real;2014M11;2,63
13 Ciudad Real;2014M10;1,95
13 Ciudad Real;2014M09;1,93
13 Ciudad Real;2014M08;3,07
13 Ciudad Real;2014M07;2,43
13 Ciudad Real;2014M06;2,22
13 Ciudad Real;2014M05;1,98
13 Ciudad Real;2014M04;2,46
13 Ciudad Real;2014M03;1,78
13 Ciudad Real;2014M02;1,65
13 Ciudad Real;2014M01;1,81
13 Ciudad Real;2013M12;2,27
13 Ciudad Real;2013M11;2,06
13 Ciudad Real;2013M10;1,86
13 Ciudad Real;2013M09;2,28
13 Ciudad Real;2013M08;3,98
13 Ciudad Real;2013M07;2,23
13 Ciudad Real;2013M06;2,14
13 Ciudad Real;2013M05;2,03
13 Ciudad Real;2013M04;2,24
13 Ciudad Real;2013M03;2,79
13 Ciudad Real;2013M02;2,12
13 Ciudad Real;2013M01;2,03
13 Ciudad Real;2012M12;1,85
13 Ciudad Real;2012M11;2,48
13 Ciudad Real;2012M10;2,08
13 Ciudad Real;2012M09;2,44
13 Ciudad Real;2012M08;3,18
13 Ciudad Real;2012M07;2,54
13 Ciudad Real;2012M06;1,63
13 Ciudad Real;2012M05;1,98
13 Ciudad Real;2012M04;2,33
13 Ciudad Real;2012M03;1,64
13 Ciudad Real;2012M02;2
13 Ciudad Real;2012M01;2,75
13 Ciudad Real;2011M12;2,14
13 Ciudad Real;2011M11;1,91
13 Ciudad Real;2011M10;2,16
13 Ciudad Real;2011M09;2,33
13 Ciudad Real;2011M08;3,33
13 Ciudad Real;2011M07;2,58
13 Ciudad Real;2011M06;2,16
13 Ciudad Real;2011M05;1,89
13 Ciudad Real;2011M04;2,48
13 Ciudad Real;2011M03;2,18
13 Ciudad Real;2011M02;2,28
13 Ciudad Real;2011M01;2,16
13 Ciudad Real;2010M12;2,67
13 Ciudad Real;2010M11;2,35
13 Ciudad Real;2010M10;2,17
13 Ciudad Real;2010M09;2,16
13 Ciudad Real;2010M08;4,19
13 Ciudad Real;2010M07;2,73
13 Ciudad Real;2010M06;2
13 Ciudad Real;2010M05;1,84
13 Ciudad Real;2010M04;2,37
13 Ciudad Real;2010M03;1,91
13 Ciudad Real;2010M02;2,15
13 Ciudad Real;2010M01;1,68
13 Ciudad Real;2009M12;2,5
13 Ciudad Real;2009M11;2,05
13 Ciudad Real;2009M10;2,42
13 Ciudad Real;2009M09;2,3
13 Ciudad Real;2009M08;3,56
13 Ciudad Real;2009M07;2,36
13 Ciudad Real;2009M06;2,02
13 Ciudad Real;2009M05;2,24
13 Ciudad Real;2009M04;2,71
13 Ciudad Real;2009M03;1,95
13 Ciudad Real;2009M02;1,88
13 Ciudad Real;2009M01;2,11
13 Ciudad Real;2008M12;2,39
13 Ciudad Real;2008M11;1,88
13 Ciudad Real;2008M10;2,07
13 Ciudad Real;2008M09;2,37
13 Ciudad Real;2008M08;3,11
13 Ciudad Real;2008M07;2,47
13 Ciudad Real;2008M06;2,21
13 Ciudad Real;2008M05;2,46
13 Ciudad Real;2008M04;2,24
13 Ciudad Real;2008M03;2,6
13 Ciudad Real;2008M02;2
13 Ciudad Real;2008M01;2,09
13 Ciudad Real;2007M12;2,44
13 Ciudad Real;2007M11;2,18
13 Ciudad Real;2007M10;2,01
13 Ciudad Real;2007M09;2,31
13 Ciudad Real;2007M08;3,64
13 Ciudad Real;2007M07;2,83
13 Ciudad Real;2007M06;1,8
13 Ciudad Real;2007M05;2,09
13 Ciudad Real;2007M04;2,46
13 Ciudad Real;2007M03;2,19
13 Ciudad Real;2007M02;2,02
13 Ciudad Real;2007M01;2,3
13 Ciudad Real;2006M12;2,29
13 Ciudad Real;2006M11;1,91
13 Ciudad Real;2006M10;1,99
13 Ciudad Real;2006M09;1,86
13 Ciudad Real;2006M08;2,66
13 Ciudad Real;2006M07;2,5
13 Ciudad Real;2006M06;1,79
13 Ciudad Real;2006M05;1,79
13 Ciudad Real;2006M04;2,33
13 Ciudad Real;2006M03;1,9
13 Ciudad Real;2006M02;2,18
13 Ciudad Real;2006M01;1,65
13 Ciudad Real;2005M12;2,07
13 Ciudad Real;2005M11;2
13 Ciudad Real;2005M10;2,09
13 Ciudad Real;2005M09;2,29
13 Ciudad Real;2005M08;3,54
13 Ciudad Real;2005M07;2,5
13 Ciudad Real;2005M06;1,92
13 Ciudad Real;2005M05;2
13 Ciudad Real;2005M04;1,64
13 Ciudad Real;2005M03;2,75
13 Ciudad Real;2005M02;1,93
13 Ciudad Real;2005M01;1,72
14 Córdoba;2026M06;2,57
14 Córdoba;2026M05;2,39
14 Córdoba;2026M04;3,21
14 Córdoba;2026M03;2,57
14 Córdoba;2026M02;2,49
14 Córdoba;2026M01;3
14 Córdoba;2025M12;2,44
14 Córdoba;2025M11;2,19
14 Córdoba;2025M10;2,29
14 Córdoba;2025M09;2,48
14 Córdoba;2025M08;3,86
14 Córdoba;2025M07;3,78
14 Córdoba;2025M06;2,73
14 Córdoba;2025M05;2,5
14 Córdoba;2025M04;2,51
14 Córdoba;2025M03;1,89
14 Córdoba;2025M02;1,84
14 Córdoba;2025M01;2,23
14 Córdoba;2024M12;2,56
14 Córdoba;2024M11;2,13
14 Córdoba;2024M10;2,12
14 Córdoba;2024M09;2,27
14 Córdoba;2024M08;4,2
14 Córdoba;2024M07;3,57
14 Córdoba;2024M06;2,24
14 Córdoba;2024M05;2,58
14 Córdoba;2024M04;2,29
14 Córdoba;2024M03;2,59
14 Córdoba;2024M02;2,22
14 Córdoba;2024M01;2,9
14 Córdoba;2023M12;3,41
14 Córdoba;2023M11;2,22
14 Córdoba;2023M10;2,39
14 Córdoba;2023M09;3
14 Córdoba;2023M08;4,29
14 Córdoba;2023M07;3,49
14 Córdoba;2023M06;2,37
14 Córdoba;2023M05;2,8
14 Córdoba;2023M04;2,66
14 Córdoba;2023M03;2
14 Córdoba;2023M02;2,08
14 Córdoba;2023M01;2,33
14 Córdoba;2022M12;2,62
14 Córdoba;2022M11;2,14
14 Córdoba;2022M10;2,49
14 Córdoba;2022M09;2,24
14 Córdoba;2022M08;4,7
14 Córdoba;2022M07;3,97
14 Córdoba;2022M06;2,66
14 Córdoba;2022M05;2,38
14 Córdoba;2022M04;2,62
14 Córdoba;2022M03;2,2
14 Córdoba;2022M02;2,45
14 Córdoba;2022M01;2,45
14 Córdoba;2021M12;2,33
14 Córdoba;2021M11;1,96
14 Córdoba;2021M10;2,16
14 Córdoba;2021M09;2,01
14 Córdoba;2021M08;4,38
14 Córdoba;2021M07;3,13
14 Córdoba;2021M06;2,32
14 Córdoba;2021M05;1,97
14 Córdoba;2021M04;1,92
14 Córdoba;2021M03;1,93
14 Córdoba;2021M02;1,98
14 Córdoba;2021M01;1,82
14 Córdoba;2020M12;1,82
14 Córdoba;2020M11;1,44
14 Córdoba;2020M10;1,91
14 Córdoba;2020M09;2,78
14 Córdoba;2020M08;5,09
14 Córdoba;2020M07;3,89
14 Córdoba;2020M06;2,39
14 Córdoba;2020M05;1,98
14 Córdoba;2020M04;.
14 Córdoba;2020M03;1,94
14 Córdoba;2020M02;1,86
14 Córdoba;2020M01;1,91
14 Córdoba;2019M12;2,74
14 Córdoba;2019M11;1,94
14 Córdoba;2019M10;2,35
14 Córdoba;2019M09;2,35
14 Córdoba;2019M08;4,45
14 Córdoba;2019M07;3,46
14 Córdoba;2019M06;2,37
14 Córdoba;2019M05;2,33
14 Córdoba;2019M04;2,47
14 Córdoba;2019M03;1,91
14 Córdoba;2019M02;1,71
14 Córdoba;2019M01;1,89
14 Córdoba;2018M12;2,34
14 Córdoba;2018M11;1,82
14 Córdoba;2018M10;2,24
14 Córdoba;2018M09;2,31
14 Córdoba;2018M08;3,53
14 Córdoba;2018M07;3,28
14 Córdoba;2018M06;2,4
14 Córdoba;2018M05;2,32
14 Córdoba;2018M04;2,29
14 Córdoba;2018M03;2,46
14 Córdoba;2018M02;1,92
14 Córdoba;2018M01;2,17
14 Córdoba;2017M12;2,96
14 Córdoba;2017M11;2,13
14 Córdoba;2017M10;2,72
14 Córdoba;2017M09;3,02
14 Córdoba;2017M08;5,64
14 Córdoba;2017M07;4,45
14 Córdoba;2017M06;2,57
14 Córdoba;2017M05;2,44
14 Córdoba;2017M04;2,96
14 Córdoba;2017M03;2,11
14 Córdoba;2017M02;2,41
14 Córdoba;2017M01;2,79
14 Córdoba;2016M12;2,63
14 Córdoba;2016M11;2,51
14 Córdoba;2016M10;2,61
14 Córdoba;2016M09;2,67
14 Córdoba;2016M08;6,07
14 Córdoba;2016M07;4,07
14 Córdoba;2016M06;2,85
14 Córdoba;2016M05;2,76
14 Córdoba;2016M04;3
14 Córdoba;2016M03;3,6
14 Córdoba;2016M02;2,9
14 Córdoba;2016M01;4,89
14 Córdoba;2015M12;2,65
14 Córdoba;2015M11;2,86
14 Córdoba;2015M10;2,35
14 Córdoba;2015M09;2,86
14 Córdoba;2015M08;7,55
14 Córdoba;2015M07;5,26
14 Córdoba;2015M06;2,52
14 Córdoba;2015M05;2,6
14 Córdoba;2015M04;2,82
14 Córdoba;2015M03;2,93
14 Córdoba;2015M02;2,01
14 Córdoba;2015M01;2,92
14 Córdoba;2014M12;2,71
14 Córdoba;2014M11;2,54
14 Córdoba;2014M10;2,82
14 Córdoba;2014M09;3,15
14 Córdoba;2014M08;6,45
14 Córdoba;2014M07;3,92
14 Córdoba;2014M06;3,42
14 Córdoba;2014M05;2,76
14 Córdoba;2014M04;3,19
14 Córdoba;2014M03;2,7
14 Córdoba;2014M02;2,21
14 Córdoba;2014M01;3,6
14 Córdoba;2013M12;3,03
14 Córdoba;2013M11;2,7
14 Córdoba;2013M10;2,69
14 Córdoba;2013M09;2,98
14 Córdoba;2013M08;6,89
14 Córdoba;2013M07;5,5
14 Córdoba;2013M06;2,51
14 Córdoba;2013M05;2,95
14 Córdoba;2013M04;3,1
14 Córdoba;2013M03;3,08
14 Córdoba;2013M02;2,37
14 Córdoba;2013M01;2,52
14 Córdoba;2012M12;2,9
14 Córdoba;2012M11;2,07
14 Córdoba;2012M10;3,6
14 Córdoba;2012M09;2,74
14 Córdoba;2012M08;5,15
14 Córdoba;2012M07;4,65
14 Córdoba;2012M06;3,78
14 Córdoba;2012M05;3,02
14 Córdoba;2012M04;4,02
14 Córdoba;2012M03;3,48
14 Córdoba;2012M02;3,19
14 Córdoba;2012M01;4,13
14 Córdoba;2011M12;2,4
14 Córdoba;2011M11;1,84
14 Córdoba;2011M10;3,36
14 Córdoba;2011M09;2,86
14 Córdoba;2011M08;4,59
14 Córdoba;2011M07;4,12
14 Córdoba;2011M06;3,87
14 Córdoba;2011M05;3,32
14 Córdoba;2011M04;4,57
14 Córdoba;2011M03;2,13
14 Córdoba;2011M02;2,29
14 Córdoba;2011M01;1,87
14 Córdoba;2010M12;2,85
14 Córdoba;2010M11;2,09
14 Córdoba;2010M10;2,63
14 Córdoba;2010M09;2,86
14 Córdoba;2010M08;6,67
14 Córdoba;2010M07;3,87
14 Córdoba;2010M06;2,62
14 Córdoba;2010M05;2,13
14 Córdoba;2010M04;3,22
14 Córdoba;2010M03;2,31
14 Córdoba;2010M02;2,23
14 Córdoba;2010M01;2,68
14 Córdoba;2009M12;3,19
14 Córdoba;2009M11;2,49
14 Córdoba;2009M10;2,46
14 Córdoba;2009M09;3,17
14 Córdoba;2009M08;5,45
14 Córdoba;2009M07;3,27
14 Córdoba;2009M06;2,29
14 Córdoba;2009M05;2,19
14 Córdoba;2009M04;3,78
14 Córdoba;2009M03;2,36
14 Córdoba;2009M02;1,91
14 Córdoba;2009M01;3,87
14 Córdoba;2008M12;2,66
14 Córdoba;2008M11;2,07
14 Córdoba;2008M10;2,8
14 Córdoba;2008M09;3,76
14 Córdoba;2008M08;4,82
14 Córdoba;2008M07;4,19
14 Córdoba;2008M06;3,48
14 Córdoba;2008M05;2,96
14 Córdoba;2008M04;3,02
14 Córdoba;2008M03;3,01
14 Córdoba;2008M02;2,49
14 Córdoba;2008M01;1,81
14 Córdoba;2007M12;3,12
14 Córdoba;2007M11;2,11
14 Córdoba;2007M10;2,96
14 Córdoba;2007M09;3,11
14 Córdoba;2007M08;5,06
14 Córdoba;2007M07;4,41
14 Córdoba;2007M06;3,44
14 Córdoba;2007M05;2,86
14 Córdoba;2007M04;3,49
14 Córdoba;2007M03;1,95
14 Córdoba;2007M02;2,49
14 Córdoba;2007M01;2,63
14 Córdoba;2006M12;2,74
14 Córdoba;2006M11;2,23
14 Córdoba;2006M10;2,69
14 Córdoba;2006M09;4,18
14 Córdoba;2006M08;5,98
14 Córdoba;2006M07;4,32
14 Córdoba;2006M06;3,57
14 Córdoba;2006M05;3,05
14 Córdoba;2006M04;3,51
14 Córdoba;2006M03;3,12
14 Córdoba;2006M02;2,89
14 Córdoba;2006M01;3,27
14 Córdoba;2005M12;4,12
14 Córdoba;2005M11;3,16
14 Córdoba;2005M10;3,74
14 Córdoba;2005M09;4,01
14 Córdoba;2005M08;5,55
14 Córdoba;2005M07;5,96
14 Córdoba;2005M06;4,54
14 Córdoba;2005M05;3,06
14 Córdoba;2005M04;4,01
14 Córdoba;2005M03;4,43
14 Córdoba;2005M02;3,11
14 Córdoba;2005M01;3,1
15 Coruña, A;2026M06;1,47
15 Coruña, A;2026M05;1,24
15 Coruña, A;2026M04;1,36
15 Coruña, A;2026M03;1,38
15 Coruña, A;2026M02;1,44
15 Coruña, A;2026M01;1,38
15 Coruña, A;2025M12;1,62
15 Coruña, A;2025M11;1,33
15 Coruña, A;2025M10;1,42
15 Coruña, A;2025M09;1,51
15 Coruña, A;2025M08;2,23
15 Coruña, A;2025M07;2,11
15 Coruña, A;2025M06;1,43
15 Coruña, A;2025M05;1,34
15 Coruña, A;2025M04;1,31
15 Coruña, A;2025M03;1,31
15 Coruña, A;2025M02;1,44
15 Coruña, A;2025M01;1,82
15 Coruña, A;2024M12;2,02
15 Coruña, A;2024M11;1,48
15 Coruña, A;2024M10;1,44
15 Coruña, A;2024M09;1,44
15 Coruña, A;2024M08;2,47
15 Coruña, A;2024M07;2,23
15 Coruña, A;2024M06;1,47
15 Coruña, A;2024M05;1,26
15 Coruña, A;2024M04;1,28
15 Coruña, A;2024M03;1,52
15 Coruña, A;2024M02;1,39
15 Coruña, A;2024M01;1,75
15 Coruña, A;2023M12;1,98
15 Coruña, A;2023M11;1,44
15 Coruña, A;2023M10;1,3
15 Coruña, A;2023M09;1,31
15 Coruña, A;2023M08;2,34
15 Coruña, A;2023M07;2,01
15 Coruña, A;2023M06;1,44
15 Coruña, A;2023M05;1,21
15 Coruña, A;2023M04;1,36
15 Coruña, A;2023M03;1,46
15 Coruña, A;2023M02;1,5
15 Coruña, A;2023M01;1,53
15 Coruña, A;2022M12;1,62
15 Coruña, A;2022M11;1,62
15 Coruña, A;2022M10;1,34
15 Coruña, A;2022M09;1,41
15 Coruña, A;2022M08;2,21
15 Coruña, A;2022M07;1,86
15 Coruña, A;2022M06;1,36
15 Coruña, A;2022M05;1,23
15 Coruña, A;2022M04;1,39
15 Coruña, A;2022M03;1,36
15 Coruña, A;2022M02;1,39
15 Coruña, A;2022M01;1,44
15 Coruña, A;2021M12;2,07
15 Coruña, A;2021M11;1,91
15 Coruña, A;2021M10;1,43
15 Coruña, A;2021M09;1,62
15 Coruña, A;2021M08;2,5
15 Coruña, A;2021M07;2,17
15 Coruña, A;2021M06;1,65
15 Coruña, A;2021M05;1,46
15 Coruña, A;2021M04;2,02
15 Coruña, A;2021M03;1,68
15 Coruña, A;2021M02;6,94
15 Coruña, A;2021M01;7,59
15 Coruña, A;2020M12;1,91
15 Coruña, A;2020M11;.
15 Coruña, A;2020M10;1,8
15 Coruña, A;2020M09;2
15 Coruña, A;2020M08;2,82
15 Coruña, A;2020M07;2,85
15 Coruña, A;2020M06;2,19
15 Coruña, A;2020M05;.
15 Coruña, A;2020M04;.
15 Coruña, A;2020M03;1,12
15 Coruña, A;2020M02;1,3
15 Coruña, A;2020M01;1,33
15 Coruña, A;2019M12;1,79
15 Coruña, A;2019M11;1,33
15 Coruña, A;2019M10;1,34
15 Coruña, A;2019M09;1,48
15 Coruña, A;2019M08;2,49
15 Coruña, A;2019M07;2,26
15 Coruña, A;2019M06;1,49
15 Coruña, A;2019M05;1,6
15 Coruña, A;2019M04;1,66
15 Coruña, A;2019M03;1,44
15 Coruña, A;2019M02;1,54
15 Coruña, A;2019M01;1,59
15 Coruña, A;2018M12;1,9
15 Coruña, A;2018M11;1,68
15 Coruña, A;2018M10;1,53
15 Coruña, A;2018M09;1,72
15 Coruña, A;2018M08;2,64
15 Coruña, A;2018M07;2,23
15 Coruña, A;2018M06;1,57
15 Coruña, A;2018M05;1,52
15 Coruña, A;2018M04;1,7
15 Coruña, A;2018M03;2,11
15 Coruña, A;2018M02;2,11
15 Coruña, A;2018M01;1,96
15 Coruña, A;2017M12;2,44
15 Coruña, A;2017M11;1,71
15 Coruña, A;2017M10;1,77
15 Coruña, A;2017M09;1,85
15 Coruña, A;2017M08;2,9
15 Coruña, A;2017M07;2,55
15 Coruña, A;2017M06;1,65
15 Coruña, A;2017M05;1,5
15 Coruña, A;2017M04;1,93
15 Coruña, A;2017M03;1,51
15 Coruña, A;2017M02;1,62
15 Coruña, A;2017M01;1,93
15 Coruña, A;2016M12;1,91
15 Coruña, A;2016M11;1,68
15 Coruña, A;2016M10;1,62
15 Coruña, A;2016M09;1,79
15 Coruña, A;2016M08;2,67
15 Coruña, A;2016M07;2,22
15 Coruña, A;2016M06;1,7
15 Coruña, A;2016M05;1,49
15 Coruña, A;2016M04;1,42
15 Coruña, A;2016M03;1,96
15 Coruña, A;2016M02;1,59
15 Coruña, A;2016M01;1,52
15 Coruña, A;2015M12;1,8
15 Coruña, A;2015M11;1,72
15 Coruña, A;2015M10;1,47
15 Coruña, A;2015M09;1,6
15 Coruña, A;2015M08;2,33
15 Coruña, A;2015M07;2,17
15 Coruña, A;2015M06;1,58
15 Coruña, A;2015M05;1,43
15 Coruña, A;2015M04;1,72
15 Coruña, A;2015M03;1,59
15 Coruña, A;2015M02;1,48
15 Coruña, A;2015M01;1,53
15 Coruña, A;2014M12;1,7
15 Coruña, A;2014M11;1,48
15 Coruña, A;2014M10;1,5
15 Coruña, A;2014M09;1,63
15 Coruña, A;2014M08;2,43
15 Coruña, A;2014M07;2,1
15 Coruña, A;2014M06;1,62
15 Coruña, A;2014M05;1,29
15 Coruña, A;2014M04;1,77
15 Coruña, A;2014M03;1,57
15 Coruña, A;2014M02;1,49
15 Coruña, A;2014M01;1,69
15 Coruña, A;2013M12;1,78
15 Coruña, A;2013M11;1,59
15 Coruña, A;2013M10;1,5
15 Coruña, A;2013M09;1,69
15 Coruña, A;2013M08;2,67
15 Coruña, A;2013M07;2,4
15 Coruña, A;2013M06;1,68
15 Coruña, A;2013M05;1,41
15 Coruña, A;2013M04;1,36
15 Coruña, A;2013M03;1,7
15 Coruña, A;2013M02;1,22
15 Coruña, A;2013M01;1,55
15 Coruña, A;2012M12;1,54
15 Coruña, A;2012M11;1,28
15 Coruña, A;2012M10;1,63
15 Coruña, A;2012M09;1,63
15 Coruña, A;2012M08;2,88
15 Coruña, A;2012M07;2,02
15 Coruña, A;2012M06;1,54
15 Coruña, A;2012M05;1,59
15 Coruña, A;2012M04;1,91
15 Coruña, A;2012M03;1,5
15 Coruña, A;2012M02;1,48
15 Coruña, A;2012M01;1,96
15 Coruña, A;2011M12;2,02
15 Coruña, A;2011M11;1,45
15 Coruña, A;2011M10;1,53
15 Coruña, A;2011M09;1,63
15 Coruña, A;2011M08;3,16
15 Coruña, A;2011M07;2,01
15 Coruña, A;2011M06;1,69
15 Coruña, A;2011M05;1,48
15 Coruña, A;2011M04;1,83
15 Coruña, A;2011M03;1,75
15 Coruña, A;2011M02;1,7
15 Coruña, A;2011M01;1,79
15 Coruña, A;2010M12;2,11
15 Coruña, A;2010M11;1,6
15 Coruña, A;2010M10;1,78
15 Coruña, A;2010M09;1,81
15 Coruña, A;2010M08;2,8
15 Coruña, A;2010M07;2,24
15 Coruña, A;2010M06;1,87
15 Coruña, A;2010M05;1,54
15 Coruña, A;2010M04;1,82
15 Coruña, A;2010M03;1,85
15 Coruña, A;2010M02;1,91
15 Coruña, A;2010M01;1,95
15 Coruña, A;2009M12;2,02
15 Coruña, A;2009M11;1,73
15 Coruña, A;2009M10;1,75
15 Coruña, A;2009M09;1,98
15 Coruña, A;2009M08;3,17
15 Coruña, A;2009M07;2,52
15 Coruña, A;2009M06;2,02
15 Coruña, A;2009M05;1,83
15 Coruña, A;2009M04;2,17
15 Coruña, A;2009M03;1,8
15 Coruña, A;2009M02;1,6
15 Coruña, A;2009M01;2,01
15 Coruña, A;2008M12;1,92
15 Coruña, A;2008M11;1,63
15 Coruña, A;2008M10;1,78
15 Coruña, A;2008M09;2,27
15 Coruña, A;2008M08;3,45
15 Coruña, A;2008M07;2,77
15 Coruña, A;2008M06;2,01
15 Coruña, A;2008M05;1,88
15 Coruña, A;2008M04;1,73
15 Coruña, A;2008M03;2,38
15 Coruña, A;2008M02;1,65
15 Coruña, A;2008M01;2,63
15 Coruña, A;2007M12;2,18
15 Coruña, A;2007M11;1,88
15 Coruña, A;2007M10;2,09
15 Coruña, A;2007M09;2,29
15 Coruña, A;2007M08;3,3
15 Coruña, A;2007M07;2,82
15 Coruña, A;2007M06;1,77
15 Coruña, A;2007M05;1,78
15 Coruña, A;2007M04;2,4
15 Coruña, A;2007M03;1,67
15 Coruña, A;2007M02;1,71
15 Coruña, A;2007M01;1,77
15 Coruña, A;2006M12;2,13
15 Coruña, A;2006M11;1,74
15 Coruña, A;2006M10;2,09
15 Coruña, A;2006M09;2,23
15 Coruña, A;2006M08;3,53
15 Coruña, A;2006M07;2,73
15 Coruña, A;2006M06;2
15 Coruña, A;2006M05;1,83
15 Coruña, A;2006M04;2,2
15 Coruña, A;2006M03;1,98
15 Coruña, A;2006M02;1,78
15 Coruña, A;2006M01;2,05
15 Coruña, A;2005M12;2,09
15 Coruña, A;2005M11;2,02
15 Coruña, A;2005M10;2,07
15 Coruña, A;2005M09;2,26
15 Coruña, A;2005M08;3,52
15 Coruña, A;2005M07;2,87
15 Coruña, A;2005M06;1,98
15 Coruña, A;2005M05;2
15 Coruña, A;2005M04;1,66
15 Coruña, A;2005M03;2,23
15 Coruña, A;2005M02;1,79
15 Coruña, A;2005M01;1,61
16 Cuenca;2026M06;2,39
16 Cuenca;2026M05;2,21
16 Cuenca;2026M04;2,55
16 Cuenca;2026M03;2,31
16 Cuenca;2026M02;2,12
16 Cuenca;2026M01;2,32
16 Cuenca;2025M12;2,18
16 Cuenca;2025M11;2,1
16 Cuenca;2025M10;2
16 Cuenca;2025M09;2,11
16 Cuenca;2025M08;2,75
16 Cuenca;2025M07;2,75
16 Cuenca;2025M06;2,07
16 Cuenca;2025M05;2,05
16 Cuenca;2025M04;2,27
16 Cuenca;2025M03;1,85
16 Cuenca;2025M02;1,87
16 Cuenca;2025M01;1,97
16 Cuenca;2024M12;2,4
16 Cuenca;2024M11;2,08
16 Cuenca;2024M10;2,06
16 Cuenca;2024M09;2,17
16 Cuenca;2024M08;2,85
16 Cuenca;2024M07;2,49
16 Cuenca;2024M06;2,13
16 Cuenca;2024M05;2,21
16 Cuenca;2024M04;2,21
16 Cuenca;2024M03;2,62
16 Cuenca;2024M02;2,77
16 Cuenca;2024M01;2,59
16 Cuenca;2023M12;2,6
16 Cuenca;2023M11;2,12
16 Cuenca;2023M10;2,32
16 Cuenca;2023M09;2,17
16 Cuenca;2023M08;3,05
16 Cuenca;2023M07;2,09
16 Cuenca;2023M06;1,87
16 Cuenca;2023M05;1,76
16 Cuenca;2023M04;2,25
16 Cuenca;2023M03;2,04
16 Cuenca;2023M02;2,18
16 Cuenca;2023M01;2,53
16 Cuenca;2022M12;2,41
16 Cuenca;2022M11;2,5
16 Cuenca;2022M10;2,75
16 Cuenca;2022M09;2,79
16 Cuenca;2022M08;3,95
16 Cuenca;2022M07;2,52
16 Cuenca;2022M06;2,41
16 Cuenca;2022M05;2,78
16 Cuenca;2022M04;2,95
16 Cuenca;2022M03;2,57
16 Cuenca;2022M02;2,71
16 Cuenca;2022M01;3,72
16 Cuenca;2021M12;2,17
16 Cuenca;2021M11;2,14
16 Cuenca;2021M10;2,37
16 Cuenca;2021M09;2,74
16 Cuenca;2021M08;3,66
16 Cuenca;2021M07;2,76
16 Cuenca;2021M06;2,62
16 Cuenca;2021M05;3,2
16 Cuenca;2021M04;4,9
16 Cuenca;2021M03;5,09
16 Cuenca;2021M02;25,74
16 Cuenca;2021M01;31
16 Cuenca;2020M12;6,52
16 Cuenca;2020M11;13,03
16 Cuenca;2020M10;3,9
16 Cuenca;2020M09;3,23
16 Cuenca;2020M08;4,44
16 Cuenca;2020M07;3,39
16 Cuenca;2020M06;5,28
16 Cuenca;2020M05;8,88
16 Cuenca;2020M04;.
16 Cuenca;2020M03;3,78
16 Cuenca;2020M02;2,14
16 Cuenca;2020M01;2,33
16 Cuenca;2019M12;2,44
16 Cuenca;2019M11;2,43
16 Cuenca;2019M10;2,28
16 Cuenca;2019M09;2,17
16 Cuenca;2019M08;3,08
16 Cuenca;2019M07;2,25
16 Cuenca;2019M06;2,08
16 Cuenca;2019M05;2,11
16 Cuenca;2019M04;2,53
16 Cuenca;2019M03;2,02
16 Cuenca;2019M02;1,85
16 Cuenca;2019M01;2,05
16 Cuenca;2018M12;2,48
16 Cuenca;2018M11;2,08
16 Cuenca;2018M10;2,1
16 Cuenca;2018M09;1,98
16 Cuenca;2018M08;2,83
16 Cuenca;2018M07;1,92
16 Cuenca;2018M06;2,06
16 Cuenca;2018M05;2,17
16 Cuenca;2018M04;2,17
16 Cuenca;2018M03;2,52
16 Cuenca;2018M02;2,67
16 Cuenca;2018M01;2,78
16 Cuenca;2017M12;2,78
16 Cuenca;2017M11;2,6
16 Cuenca;2017M10;2,42
16 Cuenca;2017M09;2,1
16 Cuenca;2017M08;2,8
16 Cuenca;2017M07;2,24
16 Cuenca;2017M06;1,93
16 Cuenca;2017M05;1,99
16 Cuenca;2017M04;2,52
16 Cuenca;2017M03;1,95
16 Cuenca;2017M02;2,16
16 Cuenca;2017M01;2,3
16 Cuenca;2016M12;2,27
16 Cuenca;2016M11;2,07
16 Cuenca;2016M10;2,15
16 Cuenca;2016M09;2,11
16 Cuenca;2016M08;2,45
16 Cuenca;2016M07;2,12
16 Cuenca;2016M06;2,08
16 Cuenca;2016M05;1,99
16 Cuenca;2016M04;1,96
16 Cuenca;2016M03;2,16
16 Cuenca;2016M02;1,62
16 Cuenca;2016M01;2,08
16 Cuenca;2015M12;2,32
16 Cuenca;2015M11;1,99
16 Cuenca;2015M10;2,19
16 Cuenca;2015M09;2,5
16 Cuenca;2015M08;2,77
16 Cuenca;2015M07;2,63
16 Cuenca;2015M06;2,32
16 Cuenca;2015M05;2,24
16 Cuenca;2015M04;2,44
16 Cuenca;2015M03;2,13
16 Cuenca;2015M02;1,88
16 Cuenca;2015M01;2,02
16 Cuenca;2014M12;2,73
16 Cuenca;2014M11;2,29
16 Cuenca;2014M10;2,31
16 Cuenca;2014M09;2,61
16 Cuenca;2014M08;3,49
16 Cuenca;2014M07;2,36
16 Cuenca;2014M06;2,64
16 Cuenca;2014M05;2,52
16 Cuenca;2014M04;2,82
16 Cuenca;2014M03;2,79
16 Cuenca;2014M02;2,31
16 Cuenca;2014M01;2,85
16 Cuenca;2013M12;2,56
16 Cuenca;2013M11;2,26
16 Cuenca;2013M10;2,1
16 Cuenca;2013M09;2,12
16 Cuenca;2013M08;3,48
16 Cuenca;2013M07;2,72
16 Cuenca;2013M06;2,25
16 Cuenca;2013M05;2,41
16 Cuenca;2013M04;2,22
16 Cuenca;2013M03;2,94
16 Cuenca;2013M02;2,07
16 Cuenca;2013M01;2,68
16 Cuenca;2012M12;2,66
16 Cuenca;2012M11;2,25
16 Cuenca;2012M10;2,16
16 Cuenca;2012M09;2,35
16 Cuenca;2012M08;2,98
16 Cuenca;2012M07;3,19
16 Cuenca;2012M06;2,1
16 Cuenca;2012M05;2,19
16 Cuenca;2012M04;3,12
16 Cuenca;2012M03;2
16 Cuenca;2012M02;2,62
16 Cuenca;2012M01;2,93
16 Cuenca;2011M12;2,41
16 Cuenca;2011M11;2,09
16 Cuenca;2011M10;2,4
16 Cuenca;2011M09;2,08
16 Cuenca;2011M08;3,2
16 Cuenca;2011M07;2,39
16 Cuenca;2011M06;2,65
16 Cuenca;2011M05;2,22
16 Cuenca;2011M04;2,22
16 Cuenca;2011M03;2,2
16 Cuenca;2011M02;2,32
16 Cuenca;2011M01;2,57
16 Cuenca;2010M12;2,37
16 Cuenca;2010M11;1,91
16 Cuenca;2010M10;2,14
16 Cuenca;2010M09;2,59
16 Cuenca;2010M08;2,77
16 Cuenca;2010M07;3,57
16 Cuenca;2010M06;2,3
16 Cuenca;2010M05;1,8
16 Cuenca;2010M04;2,93
16 Cuenca;2010M03;2,23
16 Cuenca;2010M02;1,79
16 Cuenca;2010M01;4,75
16 Cuenca;2009M12;2,42
16 Cuenca;2009M11;1,95
16 Cuenca;2009M10;2,44
16 Cuenca;2009M09;1,84
16 Cuenca;2009M08;3,4
16 Cuenca;2009M07;2,32
16 Cuenca;2009M06;1,66
16 Cuenca;2009M05;2,45
16 Cuenca;2009M04;2,67
16 Cuenca;2009M03;2,24
16 Cuenca;2009M02;2,06
16 Cuenca;2009M01;3,33
16 Cuenca;2008M12;2,32
16 Cuenca;2008M11;2,13
16 Cuenca;2008M10;2,36
16 Cuenca;2008M09;2,55
16 Cuenca;2008M08;3,48
16 Cuenca;2008M07;2,52
16 Cuenca;2008M06;2,14
16 Cuenca;2008M05;2,4
16 Cuenca;2008M04;1,98
16 Cuenca;2008M03;2,88
16 Cuenca;2008M02;2,23
16 Cuenca;2008M01;2,42
16 Cuenca;2007M12;2,65
16 Cuenca;2007M11;2,53
16 Cuenca;2007M10;2,49
16 Cuenca;2007M09;2,68
16 Cuenca;2007M08;3,31
16 Cuenca;2007M07;2,43
16 Cuenca;2007M06;2,38
16 Cuenca;2007M05;2,11
16 Cuenca;2007M04;2,99
16 Cuenca;2007M03;2,05
16 Cuenca;2007M02;2,03
16 Cuenca;2007M01;2,01
16 Cuenca;2006M12;2,52
16 Cuenca;2006M11;2,3
16 Cuenca;2006M10;2,58
16 Cuenca;2006M09;2,46
16 Cuenca;2006M08;3,5
16 Cuenca;2006M07;3,45
16 Cuenca;2006M06;2,52
16 Cuenca;2006M05;2,06
16 Cuenca;2006M04;2,7
16 Cuenca;2006M03;2,2
16 Cuenca;2006M02;2,14
16 Cuenca;2006M01;2,35
16 Cuenca;2005M12;2,41
16 Cuenca;2005M11;2,36
16 Cuenca;2005M10;2,54
16 Cuenca;2005M09;2,42
16 Cuenca;2005M08;3,66
16 Cuenca;2005M07;2,9
16 Cuenca;2005M06;2,22
16 Cuenca;2005M05;2,53
16 Cuenca;2005M04;2,38
16 Cuenca;2005M03;3,15
16 Cuenca;2005M02;2,3
16 Cuenca;2005M01;3,79
20 Gipuzkoa;2026M06;2,9
20 Gipuzkoa;2026M05;2,72
20 Gipuzkoa;2026M04;2,65
20 Gipuzkoa;2026M03;2,44
20 Gipuzkoa;2026M02;2,13
20 Gipuzkoa;2026M01;2,98
20 Gipuzkoa;2025M12;2,57
20 Gipuzkoa;2025M11;2,43
20 Gipuzkoa;2025M10;2,51
20 Gipuzkoa;2025M09;2,76
20 Gipuzkoa;2025M08;4,11
20 Gipuzkoa;2025M07;3,91
20 Gipuzkoa;2025M06;2,6
20 Gipuzkoa;2025M05;2,34
20 Gipuzkoa;2025M04;2,53
20 Gipuzkoa;2025M03;2,24
20 Gipuzkoa;2025M02;1,91
20 Gipuzkoa;2025M01;2,81
20 Gipuzkoa;2024M12;2,49
20 Gipuzkoa;2024M11;2,29
20 Gipuzkoa;2024M10;2,23
20 Gipuzkoa;2024M09;2,59
20 Gipuzkoa;2024M08;3,82
20 Gipuzkoa;2024M07;3,44
20 Gipuzkoa;2024M06;2,43
20 Gipuzkoa;2024M05;2,47
20 Gipuzkoa;2024M04;2,45
20 Gipuzkoa;2024M03;2,66
20 Gipuzkoa;2024M02;2,68
20 Gipuzkoa;2024M01;2,87
20 Gipuzkoa;2023M12;2,7
20 Gipuzkoa;2023M11;2,61
20 Gipuzkoa;2023M10;2,53
20 Gipuzkoa;2023M09;2,74
20 Gipuzkoa;2023M08;3,92
20 Gipuzkoa;2023M07;3,32
20 Gipuzkoa;2023M06;2,33
20 Gipuzkoa;2023M05;2,35
20 Gipuzkoa;2023M04;2,64
20 Gipuzkoa;2023M03;2,5
20 Gipuzkoa;2023M02;2,42
20 Gipuzkoa;2023M01;3,13
20 Gipuzkoa;2022M12;2,39
20 Gipuzkoa;2022M11;2,3
20 Gipuzkoa;2022M10;2,18
20 Gipuzkoa;2022M09;2,44
20 Gipuzkoa;2022M08;3,62
20 Gipuzkoa;2022M07;3,4
20 Gipuzkoa;2022M06;2,48
20 Gipuzkoa;2022M05;2,43
20 Gipuzkoa;2022M04;2,55
20 Gipuzkoa;2022M03;2,23
20 Gipuzkoa;2022M02;2,47
20 Gipuzkoa;2022M01;2,52
20 Gipuzkoa;2021M12;2,84
20 Gipuzkoa;2021M11;2,36
20 Gipuzkoa;2021M10;2,47
20 Gipuzkoa;2021M09;2,44
20 Gipuzkoa;2021M08;3,85
20 Gipuzkoa;2021M07;3,41
20 Gipuzkoa;2021M06;2,25
20 Gipuzkoa;2021M05;2,77
20 Gipuzkoa;2021M04;3,05
20 Gipuzkoa;2021M03;2,71
20 Gipuzkoa;2021M02;5,78
20 Gipuzkoa;2021M01;4,21
20 Gipuzkoa;2020M12;3
20 Gipuzkoa;2020M11;5,34
20 Gipuzkoa;2020M10;2,9
20 Gipuzkoa;2020M09;2,76
20 Gipuzkoa;2020M08;3,51
20 Gipuzkoa;2020M07;2,89
20 Gipuzkoa;2020M06;2,69
20 Gipuzkoa;2020M05;4,98
20 Gipuzkoa;2020M04;.
20 Gipuzkoa;2020M03;2,67
20 Gipuzkoa;2020M02;2,09
20 Gipuzkoa;2020M01;2,46
20 Gipuzkoa;2019M12;2,5
20 Gipuzkoa;2019M11;2,29
20 Gipuzkoa;2019M10;2,12
20 Gipuzkoa;2019M09;2,4
20 Gipuzkoa;2019M08;3,85
20 Gipuzkoa;2019M07;3,32
20 Gipuzkoa;2019M06;2,31
20 Gipuzkoa;2019M05;2,26
20 Gipuzkoa;2019M04;2,55
20 Gipuzkoa;2019M03;2,08
20 Gipuzkoa;2019M02;2,22
20 Gipuzkoa;2019M01;2,3
20 Gipuzkoa;2018M12;2,53
20 Gipuzkoa;2018M11;2,22
20 Gipuzkoa;2018M10;2,37
20 Gipuzkoa;2018M09;2,5
20 Gipuzkoa;2018M08;3,94
20 Gipuzkoa;2018M07;3,37
20 Gipuzkoa;2018M06;2,33
20 Gipuzkoa;2018M05;2,23
20 Gipuzkoa;2018M04;2,38
20 Gipuzkoa;2018M03;2,28
20 Gipuzkoa;2018M02;2,1
20 Gipuzkoa;2018M01;2,27
20 Gipuzkoa;2017M12;2,7
20 Gipuzkoa;2017M11;2,27
20 Gipuzkoa;2017M10;2,57
20 Gipuzkoa;2017M09;2,64
20 Gipuzkoa;2017M08;4,32
20 Gipuzkoa;2017M07;3,42
20 Gipuzkoa;2017M06;2,49
20 Gipuzkoa;2017M05;2,36
20 Gipuzkoa;2017M04;2,72
20 Gipuzkoa;2017M03;2,36
20 Gipuzkoa;2017M02;2,35
20 Gipuzkoa;2017M01;2,69
20 Gipuzkoa;2016M12;2,33
20 Gipuzkoa;2016M11;2,25
20 Gipuzkoa;2016M10;2,54
20 Gipuzkoa;2016M09;2,79
20 Gipuzkoa;2016M08;4,23
20 Gipuzkoa;2016M07;3,31
20 Gipuzkoa;2016M06;2,39
20 Gipuzkoa;2016M05;2,26
20 Gipuzkoa;2016M04;2,2
20 Gipuzkoa;2016M03;2,81
20 Gipuzkoa;2016M02;2,19
20 Gipuzkoa;2016M01;2,46
20 Gipuzkoa;2015M12;2,34
20 Gipuzkoa;2015M11;2,26
20 Gipuzkoa;2015M10;2,41
20 Gipuzkoa;2015M09;2,65
20 Gipuzkoa;2015M08;3,68
20 Gipuzkoa;2015M07;3,26
20 Gipuzkoa;2015M06;2,28
20 Gipuzkoa;2015M05;2,26
20 Gipuzkoa;2015M04;2,35
20 Gipuzkoa;2015M03;2,11
20 Gipuzkoa;2015M02;2,37
20 Gipuzkoa;2015M01;2,48
20 Gipuzkoa;2014M12;2,32
20 Gipuzkoa;2014M11;2,29
20 Gipuzkoa;2014M10;2,32
20 Gipuzkoa;2014M09;2,63
20 Gipuzkoa;2014M08;3,72
20 Gipuzkoa;2014M07;3,09
20 Gipuzkoa;2014M06;2,3
20 Gipuzkoa;2014M05;2,35
20 Gipuzkoa;2014M04;2,41
20 Gipuzkoa;2014M03;1,82
20 Gipuzkoa;2014M02;1,81
20 Gipuzkoa;2014M01;2,56
20 Gipuzkoa;2013M12;2,05
20 Gipuzkoa;2013M11;2,09
20 Gipuzkoa;2013M10;1,89
20 Gipuzkoa;2013M09;2,52
20 Gipuzkoa;2013M08;3,38
20 Gipuzkoa;2013M07;3,07
20 Gipuzkoa;2013M06;2,18
20 Gipuzkoa;2013M05;2,11
20 Gipuzkoa;2013M04;2,02
20 Gipuzkoa;2013M03;2,46
20 Gipuzkoa;2013M02;2,13
20 Gipuzkoa;2013M01;2,16
20 Gipuzkoa;2012M12;2,1
20 Gipuzkoa;2012M11;2,39
20 Gipuzkoa;2012M10;2,27
20 Gipuzkoa;2012M09;2,8
20 Gipuzkoa;2012M08;4,69
20 Gipuzkoa;2012M07;3,58
20 Gipuzkoa;2012M06;2,25
20 Gipuzkoa;2012M05;2,02
20 Gipuzkoa;2012M04;2,77
20 Gipuzkoa;2012M03;1,8
20 Gipuzkoa;2012M02;2,13
20 Gipuzkoa;2012M01;2,38
20 Gipuzkoa;2011M12;2,19
20 Gipuzkoa;2011M11;2,17
20 Gipuzkoa;2011M10;2,49
20 Gipuzkoa;2011M09;2,71
20 Gipuzkoa;2011M08;4,39
20 Gipuzkoa;2011M07;3,37
20 Gipuzkoa;2011M06;2,05
20 Gipuzkoa;2011M05;2,1
20 Gipuzkoa;2011M04;2,55
20 Gipuzkoa;2011M03;2,04
20 Gipuzkoa;2011M02;1,96
20 Gipuzkoa;2011M01;1,72
20 Gipuzkoa;2010M12;2,73
20 Gipuzkoa;2010M11;2,11
20 Gipuzkoa;2010M10;2,79
20 Gipuzkoa;2010M09;2,7
20 Gipuzkoa;2010M08;4,56
20 Gipuzkoa;2010M07;3,88
20 Gipuzkoa;2010M06;2,56
20 Gipuzkoa;2010M05;2,2
20 Gipuzkoa;2010M04;2,6
20 Gipuzkoa;2010M03;2,2
20 Gipuzkoa;2010M02;2,13
20 Gipuzkoa;2010M01;2,43
20 Gipuzkoa;2009M12;2,6
20 Gipuzkoa;2009M11;2,46
20 Gipuzkoa;2009M10;2,46
20 Gipuzkoa;2009M09;2,79
20 Gipuzkoa;2009M08;4,36
20 Gipuzkoa;2009M07;3,22
20 Gipuzkoa;2009M06;2,38
20 Gipuzkoa;2009M05;2,59
20 Gipuzkoa;2009M04;2,72
20 Gipuzkoa;2009M03;2,3
20 Gipuzkoa;2009M02;2,39
20 Gipuzkoa;2009M01;2,57
20 Gipuzkoa;2008M12;2,53
20 Gipuzkoa;2008M11;2,32
20 Gipuzkoa;2008M10;2,56
20 Gipuzkoa;2008M09;3,27
20 Gipuzkoa;2008M08;4,53
20 Gipuzkoa;2008M07;3,56
20 Gipuzkoa;2008M06;2,6
20 Gipuzkoa;2008M05;2,9
20 Gipuzkoa;2008M04;2,32
20 Gipuzkoa;2008M03;2,66
20 Gipuzkoa;2008M02;2,36
20 Gipuzkoa;2008M01;2,94
20 Gipuzkoa;2007M12;2,82
20 Gipuzkoa;2007M11;2,88
20 Gipuzkoa;2007M10;2,48
20 Gipuzkoa;2007M09;2,95
20 Gipuzkoa;2007M08;4,47
20 Gipuzkoa;2007M07;3,58
20 Gipuzkoa;2007M06;2,58
20 Gipuzkoa;2007M05;2,54
20 Gipuzkoa;2007M04;3,06
20 Gipuzkoa;2007M03;2,11
20 Gipuzkoa;2007M02;2,1
20 Gipuzkoa;2007M01;2,33
20 Gipuzkoa;2006M12;2,5
20 Gipuzkoa;2006M11;2,49
20 Gipuzkoa;2006M10;2,64
20 Gipuzkoa;2006M09;2,77
20 Gipuzkoa;2006M08;4,22
20 Gipuzkoa;2006M07;3,14
20 Gipuzkoa;2006M06;2,27
20 Gipuzkoa;2006M05;2,14
20 Gipuzkoa;2006M04;2,78
20 Gipuzkoa;2006M03;2,1
20 Gipuzkoa;2006M02;2,26
20 Gipuzkoa;2006M01;3,21
20 Gipuzkoa;2005M12;3,12
20 Gipuzkoa;2005M11;2,67
20 Gipuzkoa;2005M10;2,67
20 Gipuzkoa;2005M09;2,91
20 Gipuzkoa;2005M08;5,52
20 Gipuzkoa;2005M07;3,9
20 Gipuzkoa;2005M06;2,48
20 Gipuzkoa;2005M05;2,4
20 Gipuzkoa;2005M04;2,29
20 Gipuzkoa;2005M03;2,92
20 Gipuzkoa;2005M02;2,12
20 Gipuzkoa;2005M01;2,54
17 Girona;2026M06;2,34
17 Girona;2026M05;2,27
17 Girona;2026M04;2,31
17 Girona;2026M03;2,03
17 Girona;2026M02;2,04
17 Girona;2026M01;2,18
17 Girona;2025M12;2,58
17 Girona;2025M11;1,94
17 Girona;2025M10;2,1
17 Girona;2025M09;2,6
17 Girona;2025M08;4,79
17 Girona;2025M07;3,35
17 Girona;2025M06;2,62
17 Girona;2025M05;2,24
17 Girona;2025M04;2,53
17 Girona;2025M03;2,08
17 Girona;2025M02;1,98
17 Girona;2025M01;1,85
17 Girona;2024M12;2,48
17 Girona;2024M11;2,06
17 Girona;2024M10;2,37
17 Girona;2024M09;2,5
17 Girona;2024M08;4,58
17 Girona;2024M07;3,81
17 Girona;2024M06;2,22
17 Girona;2024M05;2,06
17 Girona;2024M04;1,96
17 Girona;2024M03;2,4
17 Girona;2024M02;2,06
17 Girona;2024M01;2,1
17 Girona;2023M12;2,72
17 Girona;2023M11;2,19
17 Girona;2023M10;2,1
17 Girona;2023M09;2,32
17 Girona;2023M08;4,44
17 Girona;2023M07;3,4
17 Girona;2023M06;2,12
17 Girona;2023M05;2,18
17 Girona;2023M04;2,29
17 Girona;2023M03;1,92
17 Girona;2023M02;1,94
17 Girona;2023M01;2,08
17 Girona;2022M12;2,42
17 Girona;2022M11;2,08
17 Girona;2022M10;2,11
17 Girona;2022M09;2,21
17 Girona;2022M08;4,65
17 Girona;2022M07;3,32
17 Girona;2022M06;2,29
17 Girona;2022M05;2,07
17 Girona;2022M04;2,4
17 Girona;2022M03;1,99
17 Girona;2022M02;2,18
17 Girona;2022M01;2,15
17 Girona;2021M12;2,49
17 Girona;2021M11;1,83
17 Girona;2021M10;2,14
17 Girona;2021M09;2,18
17 Girona;2021M08;4,11
17 Girona;2021M07;3,17
17 Girona;2021M06;2,34
17 Girona;2021M05;2,12
17 Girona;2021M04;2,46
17 Girona;2021M03;2,43
17 Girona;2021M02;3,1
17 Girona;2021M01;4,05
17 Girona;2020M12;2,3
17 Girona;2020M11;2,72
17 Girona;2020M10;2
17 Girona;2020M09;2,42
17 Girona;2020M08;4,56
17 Girona;2020M07;3,55
17 Girona;2020M06;2,13
17 Girona;2020M05;2,08
17 Girona;2020M04;.
17 Girona;2020M03;1,97
17 Girona;2020M02;1,95
17 Girona;2020M01;1,91
17 Girona;2019M12;2,34
17 Girona;2019M11;1,88
17 Girona;2019M10;1,95
17 Girona;2019M09;2,36
17 Girona;2019M08;4,77
17 Girona;2019M07;3,51
17 Girona;2019M06;2,33
17 Girona;2019M05;1,94
17 Girona;2019M04;2,68
17 Girona;2019M03;1,81
17 Girona;2019M02;1,86
17 Girona;2019M01;1,82
17 Girona;2018M12;2,71
17 Girona;2018M11;1,92
17 Girona;2018M10;2,16
17 Girona;2018M09;2,32
17 Girona;2018M08;5,18
17 Girona;2018M07;3,89
17 Girona;2018M06;2,18
17 Girona;2018M05;2,18
17 Girona;2018M04;2,12
17 Girona;2018M03;2,13
17 Girona;2018M02;1,94
17 Girona;2018M01;1,94
17 Girona;2017M12;2,72
17 Girona;2017M11;1,8
17 Girona;2017M10;2,33
17 Girona;2017M09;2,17
17 Girona;2017M08;5,15
17 Girona;2017M07;3,79
17 Girona;2017M06;2,14
17 Girona;2017M05;2,06
17 Girona;2017M04;2,42
17 Girona;2017M03;1,88
17 Girona;2017M02;1,89
17 Girona;2017M01;1,89
17 Girona;2016M12;2,37
17 Girona;2016M11;1,82
17 Girona;2016M10;2,07
17 Girona;2016M09;2,37
17 Girona;2016M08;5,65
17 Girona;2016M07;4,21
17 Girona;2016M06;2,33
17 Girona;2016M05;2,24
17 Girona;2016M04;2,09
17 Girona;2016M03;2,59
17 Girona;2016M02;1,91
17 Girona;2016M01;2,33
17 Girona;2015M12;2,28
17 Girona;2015M11;2,07
17 Girona;2015M10;2,1
17 Girona;2015M09;2,53
17 Girona;2015M08;5,42
17 Girona;2015M07;4,13
17 Girona;2015M06;2,29
17 Girona;2015M05;2,11
17 Girona;2015M04;2,37
17 Girona;2015M03;2,15
17 Girona;2015M02;1,91
17 Girona;2015M01;2,31
17 Girona;2014M12;2,44
17 Girona;2014M11;1,92
17 Girona;2014M10;2,04
17 Girona;2014M09;2,36
17 Girona;2014M08;5,03
17 Girona;2014M07;3,97
17 Girona;2014M06;2,43
17 Girona;2014M05;2,1
17 Girona;2014M04;2,53
17 Girona;2014M03;1,86
17 Girona;2014M02;1,77
17 Girona;2014M01;1,81
17 Girona;2013M12;2,54
17 Girona;2013M11;1,92
17 Girona;2013M10;1,99
17 Girona;2013M09;2,33
17 Girona;2013M08;4,96
17 Girona;2013M07;4,02
17 Girona;2013M06;2,19
17 Girona;2013M05;2,11
17 Girona;2013M04;1,93
17 Girona;2013M03;2,73
17 Girona;2013M02;1,82
17 Girona;2013M01;2,2
17 Girona;2012M12;2,47
17 Girona;2012M11;2,24
17 Girona;2012M10;2,1
17 Girona;2012M09;2,26
17 Girona;2012M08;6,01
17 Girona;2012M07;3,89
17 Girona;2012M06;2,11
17 Girona;2012M05;1,98
17 Girona;2012M04;2,48
17 Girona;2012M03;1,95
17 Girona;2012M02;1,9
17 Girona;2012M01;2,75
17 Girona;2011M12;2,77
17 Girona;2011M11;2,22
17 Girona;2011M10;2,28
17 Girona;2011M09;2,14
17 Girona;2011M08;5,99
17 Girona;2011M07;4,65
17 Girona;2011M06;2,63
17 Girona;2011M05;2,25
17 Girona;2011M04;2,35
17 Girona;2011M03;2,04
17 Girona;2011M02;2,08
17 Girona;2011M01;2,17
17 Girona;2010M12;2,55
17 Girona;2010M11;2,17
17 Girona;2010M10;2,41
17 Girona;2010M09;2,5
17 Girona;2010M08;6,15
17 Girona;2010M07;3,54
17 Girona;2010M06;2,6
17 Girona;2010M05;2,16
17 Girona;2010M04;2,71
17 Girona;2010M03;2,07
17 Girona;2010M02;2,02
17 Girona;2010M01;2,32
17 Girona;2009M12;2,68
17 Girona;2009M11;2
17 Girona;2009M10;2,22
17 Girona;2009M09;2,79
17 Girona;2009M08;7,26
17 Girona;2009M07;3,45
17 Girona;2009M06;2,7
17 Girona;2009M05;2,33
17 Girona;2009M04;2,93
17 Girona;2009M03;2,13
17 Girona;2009M02;2,07
17 Girona;2009M01;2,42
17 Girona;2008M12;2,47
17 Girona;2008M11;2,13
17 Girona;2008M10;2,22
17 Girona;2008M09;2,61
17 Girona;2008M08;5,7
17 Girona;2008M07;3,55
17 Girona;2008M06;2,55
17 Girona;2008M05;2,7
17 Girona;2008M04;2,04
17 Girona;2008M03;2,93
17 Girona;2008M02;2,15
17 Girona;2008M01;2,32
17 Girona;2007M12;2,97
17 Girona;2007M11;2,32
17 Girona;2007M10;2,25
17 Girona;2007M09;2,74
17 Girona;2007M08;5,79
17 Girona;2007M07;4,54
17 Girona;2007M06;2,45
17 Girona;2007M05;2,15
17 Girona;2007M04;3,01
17 Girona;2007M03;2,04
17 Girona;2007M02;2,18
17 Girona;2007M01;2,42
17 Girona;2006M12;2,6
17 Girona;2006M11;1,97
17 Girona;2006M10;2,62
17 Girona;2006M09;2,62
17 Girona;2006M08;6,57
17 Girona;2006M07;4,02
17 Girona;2006M06;2,32
17 Girona;2006M05;2,02
17 Girona;2006M04;2,52
17 Girona;2006M03;1,94
17 Girona;2006M02;2,02
17 Girona;2006M01;2,64
17 Girona;2005M12;2,74
17 Girona;2005M11;1,88
17 Girona;2005M10;2,59
17 Girona;2005M09;2,92
17 Girona;2005M08;6,55
17 Girona;2005M07;4,66
17 Girona;2005M06;2,35
17 Girona;2005M05;2,47
17 Girona;2005M04;1,86
17 Girona;2005M03;2,76
17 Girona;2005M02;2,34
17 Girona;2005M01;2,93
18 Granada;2026M06;2,53
18 Granada;2026M05;2,76
18 Granada;2026M04;2,83
18 Granada;2026M03;2,37
18 Granada;2026M02;2,36
18 Granada;2026M01;2,22
18 Granada;2025M12;2,55
18 Granada;2025M11;1,98
18 Granada;2025M10;2,33
18 Granada;2025M09;2,66
18 Granada;2025M08;3,96
18 Granada;2025M07;3,54
18 Granada;2025M06;2,39
18 Granada;2025M05;2,58
18 Granada;2025M04;2,38
18 Granada;2025M03;2,12
18 Granada;2025M02;1,96
18 Granada;2025M01;2,06
18 Granada;2024M12;2,37
18 Granada;2024M11;2,09
18 Granada;2024M10;2,49
18 Granada;2024M09;2,77
18 Granada;2024M08;3,75
18 Granada;2024M07;3,28
18 Granada;2024M06;2,66
18 Granada;2024M05;2,79
18 Granada;2024M04;2,44
18 Granada;2024M03;3,02
18 Granada;2024M02;2,59
18 Granada;2024M01;2,31
18 Granada;2023M12;2,61
18 Granada;2023M11;2,12
18 Granada;2023M10;2,67
18 Granada;2023M09;2,34
18 Granada;2023M08;3,06
18 Granada;2023M07;2,62
18 Granada;2023M06;2,53
18 Granada;2023M05;2,49
18 Granada;2023M04;2,71
18 Granada;2023M03;2,43
18 Granada;2023M02;2,09
18 Granada;2023M01;2,28
18 Granada;2022M12;2,07
18 Granada;2022M11;1,86
18 Granada;2022M10;2,44
18 Granada;2022M09;2,61
18 Granada;2022M08;3,77
18 Granada;2022M07;3,07
18 Granada;2022M06;2,42
18 Granada;2022M05;2,34
18 Granada;2022M04;2,37
18 Granada;2022M03;2,14
18 Granada;2022M02;2,12
18 Granada;2022M01;2,4
18 Granada;2021M12;2,83
18 Granada;2021M11;2,51
18 Granada;2021M10;2,83
18 Granada;2021M09;2,84
18 Granada;2021M08;4,19
18 Granada;2021M07;3,3
18 Granada;2021M06;3,03
18 Granada;2021M05;2,32
18 Granada;2021M04;3,03
18 Granada;2021M03;3,71
18 Granada;2021M02;3,43
18 Granada;2021M01;1,78
18 Granada;2020M12;2,06
18 Granada;2020M11;.
18 Granada;2020M10;2,44
18 Granada;2020M09;2,55
18 Granada;2020M08;4,04
18 Granada;2020M07;3,25
18 Granada;2020M06;2,4
18 Granada;2020M05;.
18 Granada;2020M04;.
18 Granada;2020M03;2,78
18 Granada;2020M02;2,53
18 Granada;2020M01;2,41
18 Granada;2019M12;2,91
18 Granada;2019M11;2,3
18 Granada;2019M10;2,56
18 Granada;2019M09;3,03
18 Granada;2019M08;4,04
18 Granada;2019M07;3,86
18 Granada;2019M06;2,37
18 Granada;2019M05;2,5
18 Granada;2019M04;2,99
18 Granada;2019M03;2,64
18 Granada;2019M02;2,12
18 Granada;2019M01;2,53
18 Granada;2018M12;2,68
18 Granada;2018M11;2,54
18 Granada;2018M10;2,68
18 Granada;2018M09;2,63
18 Granada;2018M08;4,12
18 Granada;2018M07;3,62
18 Granada;2018M06;2,66
18 Granada;2018M05;2,8
18 Granada;2018M04;2,53
18 Granada;2018M03;2,56
18 Granada;2018M02;2,03
18 Granada;2018M01;2,03
18 Granada;2017M12;2,45
18 Granada;2017M11;2,03
18 Granada;2017M10;2,35
18 Granada;2017M09;2,47
18 Granada;2017M08;4,25
18 Granada;2017M07;3,54
18 Granada;2017M06;2,77
18 Granada;2017M05;2,79
18 Granada;2017M04;2,73
18 Granada;2017M03;1,98
18 Granada;2017M02;2,09
18 Granada;2017M01;2,14
18 Granada;2016M12;2,23
18 Granada;2016M11;2,27
18 Granada;2016M10;2,17
18 Granada;2016M09;2,86
18 Granada;2016M08;3,86
18 Granada;2016M07;3,36
18 Granada;2016M06;2,87
18 Granada;2016M05;2,69
18 Granada;2016M04;2,31
18 Granada;2016M03;2,6
18 Granada;2016M02;2,17
18 Granada;2016M01;2,48
18 Granada;2015M12;2,2
18 Granada;2015M11;2,59
18 Granada;2015M10;2,28
18 Granada;2015M09;3,13
18 Granada;2015M08;3,72
18 Granada;2015M07;3,14
18 Granada;2015M06;3,89
18 Granada;2015M05;2,65
18 Granada;2015M04;2,83
18 Granada;2015M03;2,43
18 Granada;2015M02;2,18
18 Granada;2015M01;2,71
18 Granada;2014M12;2,39
18 Granada;2014M11;2,19
18 Granada;2014M10;2,16
18 Granada;2014M09;2,47
18 Granada;2014M08;3,71
18 Granada;2014M07;2,69
18 Granada;2014M06;2,23
18 Granada;2014M05;2,65
18 Granada;2014M04;2,57
18 Granada;2014M03;2,39
18 Granada;2014M02;1,87
18 Granada;2014M01;2,38
18 Granada;2013M12;2,5
18 Granada;2013M11;1,81
18 Granada;2013M10;2,37
18 Granada;2013M09;2,99
18 Granada;2013M08;3,54
18 Granada;2013M07;3,15
18 Granada;2013M06;2,86
18 Granada;2013M05;3,08
18 Granada;2013M04;3,01
18 Granada;2013M03;2,38
18 Granada;2013M02;1,77
18 Granada;2013M01;2,55
18 Granada;2012M12;2,07
18 Granada;2012M11;2,77
18 Granada;2012M10;2,79
18 Granada;2012M09;2,85
18 Granada;2012M08;3,96
18 Granada;2012M07;3,51
18 Granada;2012M06;2,01
18 Granada;2012M05;1,9
18 Granada;2012M04;2,63
18 Granada;2012M03;1,86
18 Granada;2012M02;2,23
18 Granada;2012M01;2,61
18 Granada;2011M12;2,3
18 Granada;2011M11;2,52
18 Granada;2011M10;2,54
18 Granada;2011M09;2,78
18 Granada;2011M08;4,36
18 Granada;2011M07;3,13
18 Granada;2011M06;2,99
18 Granada;2011M05;3,13
18 Granada;2011M04;2,98
18 Granada;2011M03;3,24
18 Granada;2011M02;2,11
18 Granada;2011M01;2,28
18 Granada;2010M12;2,85
18 Granada;2010M11;3,48
18 Granada;2010M10;2,2
18 Granada;2010M09;3,57
18 Granada;2010M08;4,65
18 Granada;2010M07;4,59
18 Granada;2010M06;2,95
18 Granada;2010M05;2,65
18 Granada;2010M04;3,32
18 Granada;2010M03;2,86
18 Granada;2010M02;2,57
18 Granada;2010M01;2,39
18 Granada;2009M12;3,27
18 Granada;2009M11;3,18
18 Granada;2009M10;2,79
18 Granada;2009M09;2,78
18 Granada;2009M08;4,8
18 Granada;2009M07;3,77
18 Granada;2009M06;3,02
18 Granada;2009M05;3,33
18 Granada;2009M04;2,84
18 Granada;2009M03;2,96
18 Granada;2009M02;2,42
18 Granada;2009M01;3,88
18 Granada;2008M12;3,25
18 Granada;2008M11;4,31
18 Granada;2008M10;3,62
18 Granada;2008M09;3,49
18 Granada;2008M08;6,3
18 Granada;2008M07;5,61
18 Granada;2008M06;4,67
18 Granada;2008M05;4,48
18 Granada;2008M04;3,74
18 Granada;2008M03;5,35
18 Granada;2008M02;3,55
18 Granada;2008M01;4,14
18 Granada;2007M12;4,11
18 Granada;2007M11;3,92
18 Granada;2007M10;3,2
18 Granada;2007M09;3,86
18 Granada;2007M08;5,39
18 Granada;2007M07;5,14
18 Granada;2007M06;3,02
18 Granada;2007M05;3,56
18 Granada;2007M04;3,91
18 Granada;2007M03;3,32
18 Granada;2007M02;3,81
18 Granada;2007M01;2,86
18 Granada;2006M12;3,22
18 Granada;2006M11;2,32
18 Granada;2006M10;2,67
18 Granada;2006M09;2,56
18 Granada;2006M08;4,63
18 Granada;2006M07;3,83
18 Granada;2006M06;3,25
18 Granada;2006M05;2,75
18 Granada;2006M04;2,64
18 Granada;2006M03;2,09
18 Granada;2006M02;2,48
18 Granada;2006M01;2,28
18 Granada;2005M12;2,65
18 Granada;2005M11;2,3
18 Granada;2005M10;2,93
18 Granada;2005M09;3,24
18 Granada;2005M08;8,06
18 Granada;2005M07;3,88
18 Granada;2005M06;2,86
18 Granada;2005M05;3
18 Granada;2005M04;2,55
18 Granada;2005M03;3
18 Granada;2005M02;2,21
18 Granada;2005M01;3,29
19 Guadalajara;2026M06;2,31
19 Guadalajara;2026M05;1,97
19 Guadalajara;2026M04;2,6
19 Guadalajara;2026M03;2,76
19 Guadalajara;2026M02;1,98
19 Guadalajara;2026M01;2,28
19 Guadalajara;2025M12;2,12
19 Guadalajara;2025M11;2,03
19 Guadalajara;2025M10;1,9
19 Guadalajara;2025M09;2
19 Guadalajara;2025M08;2,59
19 Guadalajara;2025M07;2,36
19 Guadalajara;2025M06;2,34
19 Guadalajara;2025M05;2,07
19 Guadalajara;2025M04;2,49
19 Guadalajara;2025M03;2,26
19 Guadalajara;2025M02;1,85
19 Guadalajara;2025M01;2,31
19 Guadalajara;2024M12;2,37
19 Guadalajara;2024M11;2,32
19 Guadalajara;2024M10;2,14
19 Guadalajara;2024M09;1,97
19 Guadalajara;2024M08;2,32
19 Guadalajara;2024M07;2,01
19 Guadalajara;2024M06;1,91
19 Guadalajara;2024M05;2,09
19 Guadalajara;2024M04;2,08
19 Guadalajara;2024M03;2,2
19 Guadalajara;2024M02;2,05
19 Guadalajara;2024M01;2,27
19 Guadalajara;2023M12;2,54
19 Guadalajara;2023M11;2,31
19 Guadalajara;2023M10;2,31
19 Guadalajara;2023M09;2,3
19 Guadalajara;2023M08;3
19 Guadalajara;2023M07;2,44
19 Guadalajara;2023M06;2,13
19 Guadalajara;2023M05;2,84
19 Guadalajara;2023M04;3,03
19 Guadalajara;2023M03;2,64
19 Guadalajara;2023M02;2,62
19 Guadalajara;2023M01;3,12
19 Guadalajara;2022M12;2,54
19 Guadalajara;2022M11;2,22
19 Guadalajara;2022M10;2,23
19 Guadalajara;2022M09;2,18
19 Guadalajara;2022M08;3,34
19 Guadalajara;2022M07;2,67
19 Guadalajara;2022M06;2,43
19 Guadalajara;2022M05;2,21
19 Guadalajara;2022M04;2,21
19 Guadalajara;2022M03;1,78
19 Guadalajara;2022M02;1,84
19 Guadalajara;2022M01;2,47
19 Guadalajara;2021M12;2,51
19 Guadalajara;2021M11;1,91
19 Guadalajara;2021M10;2,34
19 Guadalajara;2021M09;2,43
19 Guadalajara;2021M08;3,9
19 Guadalajara;2021M07;2,74
19 Guadalajara;2021M06;2,29
19 Guadalajara;2021M05;2,14
19 Guadalajara;2021M04;2,15
19 Guadalajara;2021M03;2,18
19 Guadalajara;2021M02;1,64
19 Guadalajara;2021M01;1,4
19 Guadalajara;2020M12;2,02
19 Guadalajara;2020M11;1,74
19 Guadalajara;2020M10;1,81
19 Guadalajara;2020M09;2,05
19 Guadalajara;2020M08;3,37
19 Guadalajara;2020M07;2,84
19 Guadalajara;2020M06;2,34
19 Guadalajara;2020M05;2,8
19 Guadalajara;2020M04;.
19 Guadalajara;2020M03;1,79
19 Guadalajara;2020M02;1,87
19 Guadalajara;2020M01;2,21
19 Guadalajara;2019M12;2,61
19 Guadalajara;2019M11;1,9
19 Guadalajara;2019M10;1,93
19 Guadalajara;2019M09;1,82
19 Guadalajara;2019M08;2,66
19 Guadalajara;2019M07;2,62
19 Guadalajara;2019M06;2,12
19 Guadalajara;2019M05;2,23
19 Guadalajara;2019M04;2,54
19 Guadalajara;2019M03;1,87
19 Guadalajara;2019M02;1,92
19 Guadalajara;2019M01;1,87
19 Guadalajara;2018M12;2,46
19 Guadalajara;2018M11;2,15
19 Guadalajara;2018M10;2,1
19 Guadalajara;2018M09;2,12
19 Guadalajara;2018M08;2,96
19 Guadalajara;2018M07;3
19 Guadalajara;2018M06;2,45
19 Guadalajara;2018M05;2,46
19 Guadalajara;2018M04;2,2
19 Guadalajara;2018M03;2,35
19 Guadalajara;2018M02;2,27
19 Guadalajara;2018M01;2,05
19 Guadalajara;2017M12;2,49
19 Guadalajara;2017M11;2,2
19 Guadalajara;2017M10;2,31
19 Guadalajara;2017M09;2,23
19 Guadalajara;2017M08;3,62
19 Guadalajara;2017M07;2,91
19 Guadalajara;2017M06;2,2
19 Guadalajara;2017M05;2,56
19 Guadalajara;2017M04;2,39
19 Guadalajara;2017M03;2,22
19 Guadalajara;2017M02;2,09
19 Guadalajara;2017M01;2,4
19 Guadalajara;2016M12;2,34
19 Guadalajara;2016M11;2,19
19 Guadalajara;2016M10;2,13
19 Guadalajara;2016M09;2,12
19 Guadalajara;2016M08;3,5
19 Guadalajara;2016M07;3,05
19 Guadalajara;2016M06;1,86
19 Guadalajara;2016M05;1,95
19 Guadalajara;2016M04;1,93
19 Guadalajara;2016M03;2,19
19 Guadalajara;2016M02;1,76
19 Guadalajara;2016M01;1,81
19 Guadalajara;2015M12;2,21
19 Guadalajara;2015M11;1,7
19 Guadalajara;2015M10;1,97
19 Guadalajara;2015M09;1,71
19 Guadalajara;2015M08;2,57
19 Guadalajara;2015M07;2,85
19 Guadalajara;2015M06;2,08
19 Guadalajara;2015M05;1,87
19 Guadalajara;2015M04;2,09
19 Guadalajara;2015M03;1,74
19 Guadalajara;2015M02;1,62
19 Guadalajara;2015M01;1,54
19 Guadalajara;2014M12;2,03
19 Guadalajara;2014M11;1,93
19 Guadalajara;2014M10;1,96
19 Guadalajara;2014M09;1,7
19 Guadalajara;2014M08;2,38
19 Guadalajara;2014M07;2,8
19 Guadalajara;2014M06;1,83
19 Guadalajara;2014M05;1,75
19 Guadalajara;2014M04;2,26
19 Guadalajara;2014M03;2,14
19 Guadalajara;2014M02;1,65
19 Guadalajara;2014M01;1,68
19 Guadalajara;2013M12;2,15
19 Guadalajara;2013M11;2,06
19 Guadalajara;2013M10;1,86
19 Guadalajara;2013M09;1,64
19 Guadalajara;2013M08;3,49
19 Guadalajara;2013M07;3,99
19 Guadalajara;2013M06;2,2
19 Guadalajara;2013M05;1,93
19 Guadalajara;2013M04;2,21
19 Guadalajara;2013M03;2,5
19 Guadalajara;2013M02;1,74
19 Guadalajara;2013M01;1,74
19 Guadalajara;2012M12;2,28
19 Guadalajara;2012M11;1,78
19 Guadalajara;2012M10;1,95
19 Guadalajara;2012M09;1,68
19 Guadalajara;2012M08;2,35
19 Guadalajara;2012M07;2,87
19 Guadalajara;2012M06;1,85
19 Guadalajara;2012M05;2,46
19 Guadalajara;2012M04;2,31
19 Guadalajara;2012M03;1,86
19 Guadalajara;2012M02;2,79
19 Guadalajara;2012M01;1,97
19 Guadalajara;2011M12;1,81
19 Guadalajara;2011M11;2,01
19 Guadalajara;2011M10;2,02
19 Guadalajara;2011M09;1,84
19 Guadalajara;2011M08;2,61
19 Guadalajara;2011M07;3,06
19 Guadalajara;2011M06;2,4
19 Guadalajara;2011M05;2,42
19 Guadalajara;2011M04;2,26
19 Guadalajara;2011M03;1,88
19 Guadalajara;2011M02;2,04
19 Guadalajara;2011M01;2,1
19 Guadalajara;2010M12;2,53
19 Guadalajara;2010M11;2,04
19 Guadalajara;2010M10;2,25
19 Guadalajara;2010M09;1,98
19 Guadalajara;2010M08;3,58
19 Guadalajara;2010M07;2,69
19 Guadalajara;2010M06;2,32
19 Guadalajara;2010M05;2,09
19 Guadalajara;2010M04;2,52
19 Guadalajara;2010M03;2,11
19 Guadalajara;2010M02;2,19
19 Guadalajara;2010M01;3,9
19 Guadalajara;2009M12;2,48
19 Guadalajara;2009M11;1,99
19 Guadalajara;2009M10;2,14
19 Guadalajara;2009M09;2,11
19 Guadalajara;2009M08;4,13
19 Guadalajara;2009M07;3,56
19 Guadalajara;2009M06;2,33
19 Guadalajara;2009M05;2,24
19 Guadalajara;2009M04;2,57
19 Guadalajara;2009M03;2,26
19 Guadalajara;2009M02;2,07
19 Guadalajara;2009M01;3,04
19 Guadalajara;2008M12;2,3
19 Guadalajara;2008M11;1,93
19 Guadalajara;2008M10;1,85
19 Guadalajara;2008M09;2,01
19 Guadalajara;2008M08;2,92
19 Guadalajara;2008M07;2,27
19 Guadalajara;2008M06;1,96
19 Guadalajara;2008M05;2,33
19 Guadalajara;2008M04;1,92
19 Guadalajara;2008M03;2,66
19 Guadalajara;2008M02;1,94
19 Guadalajara;2008M01;2,05
19 Guadalajara;2007M12;2,65
19 Guadalajara;2007M11;2,06
19 Guadalajara;2007M10;2,1
19 Guadalajara;2007M09;2,09
19 Guadalajara;2007M08;3,48
19 Guadalajara;2007M07;1,92
19 Guadalajara;2007M06;2,56
19 Guadalajara;2007M05;2,14
19 Guadalajara;2007M04;2,73
19 Guadalajara;2007M03;1,79
19 Guadalajara;2007M02;1,87
19 Guadalajara;2007M01;1,91
19 Guadalajara;2006M12;2,61
19 Guadalajara;2006M11;1,97
19 Guadalajara;2006M10;2,22
19 Guadalajara;2006M09;2,14
19 Guadalajara;2006M08;3,13
19 Guadalajara;2006M07;2,41
19 Guadalajara;2006M06;1,85
19 Guadalajara;2006M05;2,32
19 Guadalajara;2006M04;2,61
19 Guadalajara;2006M03;2,05
19 Guadalajara;2006M02;2
19 Guadalajara;2006M01;2,01
19 Guadalajara;2005M12;2,45
19 Guadalajara;2005M11;2,21
19 Guadalajara;2005M10;2,05
19 Guadalajara;2005M09;1,94
19 Guadalajara;2005M08;4,19
19 Guadalajara;2005M07;2,12
19 Guadalajara;2005M06;2
19 Guadalajara;2005M05;2,13
19 Guadalajara;2005M04;1,84
19 Guadalajara;2005M03;2,72
19 Guadalajara;2005M02;2,48
19 Guadalajara;2005M01;2,28
21 Huelva;2026M06;1,99
21 Huelva;2026M05;2,38
21 Huelva;2026M04;2,12
21 Huelva;2026M03;1,83
21 Huelva;2026M02;1,75
21 Huelva;2026M01;1,83
21 Huelva;2025M12;2,11
21 Huelva;2025M11;1,84
21 Huelva;2025M10;2,03
21 Huelva;2025M09;2,26
21 Huelva;2025M08;2,81
21 Huelva;2025M07;2,63
21 Huelva;2025M06;2,76
21 Huelva;2025M05;2,12
21 Huelva;2025M04;2,59
21 Huelva;2025M03;1,85
21 Huelva;2025M02;1,86
21 Huelva;2025M01;2,32
21 Huelva;2024M12;2,32
21 Huelva;2024M11;2,25
21 Huelva;2024M10;2,11
21 Huelva;2024M09;2,16
21 Huelva;2024M08;2,97
21 Huelva;2024M07;2,3
21 Huelva;2024M06;2,11
21 Huelva;2024M05;2,3
21 Huelva;2024M04;2,11
21 Huelva;2024M03;2,28
21 Huelva;2024M02;2,04
21 Huelva;2024M01;1,86
21 Huelva;2023M12;2,39
21 Huelva;2023M11;2,18
21 Huelva;2023M10;2,58
21 Huelva;2023M09;2,55
21 Huelva;2023M08;3,9
21 Huelva;2023M07;3,12
21 Huelva;2023M06;2,84
21 Huelva;2023M05;2,82
21 Huelva;2023M04;2,49
21 Huelva;2023M03;2,24
21 Huelva;2023M02;1,99
21 Huelva;2023M01;1,92
21 Huelva;2022M12;2,46
21 Huelva;2022M11;1,84
21 Huelva;2022M10;1,9
21 Huelva;2022M09;2,54
21 Huelva;2022M08;3,69
21 Huelva;2022M07;2,96
21 Huelva;2022M06;3,25
21 Huelva;2022M05;2,62
21 Huelva;2022M04;3,39
21 Huelva;2022M03;2,66
21 Huelva;2022M02;2,49
21 Huelva;2022M01;2,12
21 Huelva;2021M12;2,64
21 Huelva;2021M11;2,22
21 Huelva;2021M10;2,37
21 Huelva;2021M09;2,37
21 Huelva;2021M08;3,92
21 Huelva;2021M07;3,43
21 Huelva;2021M06;2,02
21 Huelva;2021M05;2,86
21 Huelva;2021M04;2,78
21 Huelva;2021M03;3
21 Huelva;2021M02;3,01
21 Huelva;2021M01;2,3
21 Huelva;2020M12;2,25
21 Huelva;2020M11;.
21 Huelva;2020M10;2,52
21 Huelva;2020M09;2,08
21 Huelva;2020M08;2,72
21 Huelva;2020M07;1,97
21 Huelva;2020M06;1,76
21 Huelva;2020M05;.
21 Huelva;2020M04;.
21 Huelva;2020M03;2,27
21 Huelva;2020M02;1,95
21 Huelva;2020M01;1,96
21 Huelva;2019M12;2,32
21 Huelva;2019M11;2,27
21 Huelva;2019M10;2,05
21 Huelva;2019M09;1,83
21 Huelva;2019M08;2,43
21 Huelva;2019M07;1,64
21 Huelva;2019M06;1,99
21 Huelva;2019M05;1,97
21 Huelva;2019M04;2,21
21 Huelva;2019M03;2,3
21 Huelva;2019M02;1,98
21 Huelva;2019M01;2,34
21 Huelva;2018M12;2,35
21 Huelva;2018M11;1,9
21 Huelva;2018M10;1,73
21 Huelva;2018M09;1,96
21 Huelva;2018M08;2,59
21 Huelva;2018M07;2,24
21 Huelva;2018M06;2,68
21 Huelva;2018M05;2,11
21 Huelva;2018M04;2,53
21 Huelva;2018M03;2,3
21 Huelva;2018M02;2,43
21 Huelva;2018M01;1,95
21 Huelva;2017M12;2,71
21 Huelva;2017M11;2,1
21 Huelva;2017M10;2,18
21 Huelva;2017M09;2,28
21 Huelva;2017M08;2,93
21 Huelva;2017M07;2,48
21 Huelva;2017M06;2,07
21 Huelva;2017M05;2,18
21 Huelva;2017M04;2,48
21 Huelva;2017M03;1,91
21 Huelva;2017M02;2,06
21 Huelva;2017M01;2,2
21 Huelva;2016M12;2,28
21 Huelva;2016M11;2,04
21 Huelva;2016M10;2,22
21 Huelva;2016M09;2,13
21 Huelva;2016M08;3,17
21 Huelva;2016M07;2,74
21 Huelva;2016M06;2,25
21 Huelva;2016M05;2,37
21 Huelva;2016M04;1,9
21 Huelva;2016M03;2,18
21 Huelva;2016M02;2,02
21 Huelva;2016M01;1,93
21 Huelva;2015M12;2,37
21 Huelva;2015M11;1,9
21 Huelva;2015M10;2,07
21 Huelva;2015M09;1,88
21 Huelva;2015M08;2,63
21 Huelva;2015M07;2,43
21 Huelva;2015M06;2,29
21 Huelva;2015M05;2,29
21 Huelva;2015M04;2,5
21 Huelva;2015M03;2,07
21 Huelva;2015M02;2,23
21 Huelva;2015M01;2,07
21 Huelva;2014M12;2,56
21 Huelva;2014M11;1,95
21 Huelva;2014M10;2,05
21 Huelva;2014M09;1,92
21 Huelva;2014M08;3,19
21 Huelva;2014M07;2,97
21 Huelva;2014M06;2,14
21 Huelva;2014M05;2,46
21 Huelva;2014M04;2,71
21 Huelva;2014M03;1,96
21 Huelva;2014M02;1,88
21 Huelva;2014M01;1,85
21 Huelva;2013M12;2,4
21 Huelva;2013M11;1,89
21 Huelva;2013M10;2,29
21 Huelva;2013M09;2,33
21 Huelva;2013M08;2,89
21 Huelva;2013M07;3,55
21 Huelva;2013M06;2,78
21 Huelva;2013M05;2,29
21 Huelva;2013M04;2,21
21 Huelva;2013M03;3,23
21 Huelva;2013M02;2,21
21 Huelva;2013M01;2,42
21 Huelva;2012M12;2,49
21 Huelva;2012M11;2,01
21 Huelva;2012M10;2,12
21 Huelva;2012M09;2,31
21 Huelva;2012M08;3,48
21 Huelva;2012M07;2,33
21 Huelva;2012M06;2,1
21 Huelva;2012M05;2,37
21 Huelva;2012M04;2,69
21 Huelva;2012M03;2,34
21 Huelva;2012M02;2,07
21 Huelva;2012M01;2,07
21 Huelva;2011M12;2,37
21 Huelva;2011M11;1,87
21 Huelva;2011M10;2,55
21 Huelva;2011M09;3,08
21 Huelva;2011M08;3,8
21 Huelva;2011M07;3,33
21 Huelva;2011M06;3,19
21 Huelva;2011M05;2,99
21 Huelva;2011M04;3,08
21 Huelva;2011M03;2,71
21 Huelva;2011M02;2,74
21 Huelva;2011M01;2,32
21 Huelva;2010M12;3,27
21 Huelva;2010M11;2,33
21 Huelva;2010M10;2,73
21 Huelva;2010M09;3,31
21 Huelva;2010M08;4,5
21 Huelva;2010M07;4,09
21 Huelva;2010M06;3,47
21 Huelva;2010M05;4,3
21 Huelva;2010M04;2,85
21 Huelva;2010M03;2,33
21 Huelva;2010M02;2,38
21 Huelva;2010M01;2,68
21 Huelva;2009M12;2,65
21 Huelva;2009M11;1,73
21 Huelva;2009M10;2,36
21 Huelva;2009M09;2,97
21 Huelva;2009M08;3,99
21 Huelva;2009M07;2,96
21 Huelva;2009M06;4,6
21 Huelva;2009M05;2,66
21 Huelva;2009M04;2,94
21 Huelva;2009M03;1,92
21 Huelva;2009M02;2,32
21 Huelva;2009M01;2,37
21 Huelva;2008M12;2,58
21 Huelva;2008M11;2,07
21 Huelva;2008M10;2,37
21 Huelva;2008M09;3,08
21 Huelva;2008M08;3,82
21 Huelva;2008M07;3,18
21 Huelva;2008M06;3,15
21 Huelva;2008M05;2,94
21 Huelva;2008M04;2,4
21 Huelva;2008M03;3,08
21 Huelva;2008M02;2,07
21 Huelva;2008M01;2,09
21 Huelva;2007M12;2,42
21 Huelva;2007M11;2,52
21 Huelva;2007M10;2,65
21 Huelva;2007M09;2,68
21 Huelva;2007M08;4,59
21 Huelva;2007M07;3,5
21 Huelva;2007M06;3,19
21 Huelva;2007M05;2,14
21 Huelva;2007M04;3,01
21 Huelva;2007M03;2,26
21 Huelva;2007M02;1,96
21 Huelva;2007M01;2,02
21 Huelva;2006M12;2,78
21 Huelva;2006M11;2,27
21 Huelva;2006M10;2,74
21 Huelva;2006M09;3,07
21 Huelva;2006M08;4,72
21 Huelva;2006M07;4,11
21 Huelva;2006M06;3,28
21 Huelva;2006M05;4,33
21 Huelva;2006M04;3,37
21 Huelva;2006M03;2,22
21 Huelva;2006M02;2,87
21 Huelva;2006M01;2,67
21 Huelva;2005M12;2,79
21 Huelva;2005M11;2,59
21 Huelva;2005M10;2,07
21 Huelva;2005M09;3,37
21 Huelva;2005M08;6,1
21 Huelva;2005M07;5,45
21 Huelva;2005M06;3,39
21 Huelva;2005M05;2,95
21 Huelva;2005M04;2,65
21 Huelva;2005M03;3,16
21 Huelva;2005M02;3,12
21 Huelva;2005M01;2,8
22 Huesca;2026M06;2,63
22 Huesca;2026M05;2,46
22 Huesca;2026M04;2,7
22 Huesca;2026M03;2,78
22 Huesca;2026M02;2,77
22 Huesca;2026M01;2,69
22 Huesca;2025M12;3,15
22 Huesca;2025M11;2,2
22 Huesca;2025M10;2,46
22 Huesca;2025M09;2,89
22 Huesca;2025M08;4,26
22 Huesca;2025M07;3,64
22 Huesca;2025M06;2,59
22 Huesca;2025M05;2,74
22 Huesca;2025M04;2,9
22 Huesca;2025M03;2,16
22 Huesca;2025M02;2,2
22 Huesca;2025M01;2,5
22 Huesca;2024M12;2,9
22 Huesca;2024M11;2,43
22 Huesca;2024M10;2,44
22 Huesca;2024M09;2,71
22 Huesca;2024M08;4,1
22 Huesca;2024M07;3,79
22 Huesca;2024M06;2,69
22 Huesca;2024M05;2,58
22 Huesca;2024M04;2,84
22 Huesca;2024M03;2,96
22 Huesca;2024M02;2,65
22 Huesca;2024M01;2,9
22 Huesca;2023M12;3,42
22 Huesca;2023M11;3,22
22 Huesca;2023M10;3,28
22 Huesca;2023M09;3,08
22 Huesca;2023M08;3,94
22 Huesca;2023M07;3,7
22 Huesca;2023M06;2,79
22 Huesca;2023M05;3,02
22 Huesca;2023M04;3,19
22 Huesca;2023M03;3,01
22 Huesca;2023M02;3,36
22 Huesca;2023M01;3,2
22 Huesca;2022M12;2,97
22 Huesca;2022M11;2,39
22 Huesca;2022M10;2,65
22 Huesca;2022M09;2,6
22 Huesca;2022M08;4,12
22 Huesca;2022M07;3,59
22 Huesca;2022M06;2,7
22 Huesca;2022M05;2,63
22 Huesca;2022M04;2,78
22 Huesca;2022M03;2,36
22 Huesca;2022M02;2,52
22 Huesca;2022M01;2,81
22 Huesca;2021M12;2,99
22 Huesca;2021M11;2,73
22 Huesca;2021M10;2,98
22 Huesca;2021M09;3,03
22 Huesca;2021M08;4,8
22 Huesca;2021M07;4,07
22 Huesca;2021M06;2,75
22 Huesca;2021M05;2,48
22 Huesca;2021M04;2,68
22 Huesca;2021M03;2,3
22 Huesca;2021M02;3,14
22 Huesca;2021M01;3
22 Huesca;2020M12;2,42
22 Huesca;2020M11;4,85
22 Huesca;2020M10;2,61
22 Huesca;2020M09;2,75
22 Huesca;2020M08;4,5
22 Huesca;2020M07;4,28
22 Huesca;2020M06;2,96
22 Huesca;2020M05;7,52
22 Huesca;2020M04;.
22 Huesca;2020M03;2,43
22 Huesca;2020M02;2,23
22 Huesca;2020M01;2,67
22 Huesca;2019M12;2,82
22 Huesca;2019M11;2,44
22 Huesca;2019M10;2,23
22 Huesca;2019M09;2,61
22 Huesca;2019M08;4,44
22 Huesca;2019M07;3,61
22 Huesca;2019M06;2,86
22 Huesca;2019M05;2,44
22 Huesca;2019M04;3,2
22 Huesca;2019M03;2,74
22 Huesca;2019M02;2,72
22 Huesca;2019M01;3,62
22 Huesca;2018M12;3,23
22 Huesca;2018M11;2,89
22 Huesca;2018M10;2,58
22 Huesca;2018M09;2,77
22 Huesca;2018M08;4,07
22 Huesca;2018M07;3,64
22 Huesca;2018M06;2,75
22 Huesca;2018M05;2,62
22 Huesca;2018M04;2,65
22 Huesca;2018M03;2,74
22 Huesca;2018M02;2,31
22 Huesca;2018M01;2,76
22 Huesca;2017M12;3,09
22 Huesca;2017M11;2,21
22 Huesca;2017M10;2,65
22 Huesca;2017M09;2,62
22 Huesca;2017M08;4,61
22 Huesca;2017M07;3,83
22 Huesca;2017M06;2,62
22 Huesca;2017M05;2,31
22 Huesca;2017M04;3,12
22 Huesca;2017M03;2,05
22 Huesca;2017M02;2,17
22 Huesca;2017M01;2,7
22 Huesca;2016M12;2,89
22 Huesca;2016M11;2,36
22 Huesca;2016M10;2,9
22 Huesca;2016M09;2,65
22 Huesca;2016M08;4,93
22 Huesca;2016M07;4,34
22 Huesca;2016M06;3,27
22 Huesca;2016M05;2,6
22 Huesca;2016M04;2,23
22 Huesca;2016M03;3,08
22 Huesca;2016M02;2,32
22 Huesca;2016M01;3,15
22 Huesca;2015M12;2,58
22 Huesca;2015M11;2,7
22 Huesca;2015M10;2,38
22 Huesca;2015M09;2,65
22 Huesca;2015M08;4,76
22 Huesca;2015M07;4,43
22 Huesca;2015M06;3,15
22 Huesca;2015M05;2,48
22 Huesca;2015M04;2,74
22 Huesca;2015M03;2,68
22 Huesca;2015M02;2,59
22 Huesca;2015M01;3,75
22 Huesca;2014M12;2,73
22 Huesca;2014M11;2,39
22 Huesca;2014M10;2,25
22 Huesca;2014M09;3,01
22 Huesca;2014M08;5,23
22 Huesca;2014M07;4,42
22 Huesca;2014M06;3,2
22 Huesca;2014M05;2,88
22 Huesca;2014M04;3,17
22 Huesca;2014M03;2,37
22 Huesca;2014M02;2,39
22 Huesca;2014M01;3,5
22 Huesca;2013M12;2,89
22 Huesca;2013M11;2,33
22 Huesca;2013M10;2,08
22 Huesca;2013M09;3,03
22 Huesca;2013M08;5,03
22 Huesca;2013M07;4,18
22 Huesca;2013M06;3,03
22 Huesca;2013M05;2,99
22 Huesca;2013M04;2,67
22 Huesca;2013M03;3,43
22 Huesca;2013M02;3
22 Huesca;2013M01;3,39
22 Huesca;2012M12;2,92
22 Huesca;2012M11;2,44
22 Huesca;2012M10;2,5
22 Huesca;2012M09;3,16
22 Huesca;2012M08;5,52
22 Huesca;2012M07;4,18
22 Huesca;2012M06;3
22 Huesca;2012M05;2,02
22 Huesca;2012M04;3,35
22 Huesca;2012M03;2,13
22 Huesca;2012M02;2,18
22 Huesca;2012M01;3,32
22 Huesca;2011M12;3,01
22 Huesca;2011M11;2,59
22 Huesca;2011M10;2,58
22 Huesca;2011M09;2,72
22 Huesca;2011M08;5,65
22 Huesca;2011M07;4,66
22 Huesca;2011M06;2,84
22 Huesca;2011M05;3,1
22 Huesca;2011M04;2,98
22 Huesca;2011M03;3,11
22 Huesca;2011M02;2,71
22 Huesca;2011M01;3,34
22 Huesca;2010M12;3,28
22 Huesca;2010M11;2,63
22 Huesca;2010M10;2,75
22 Huesca;2010M09;3,01
22 Huesca;2010M08;5,39
22 Huesca;2010M07;4,52
22 Huesca;2010M06;2,41
22 Huesca;2010M05;2,17
22 Huesca;2010M04;3,93
22 Huesca;2010M03;2,59
22 Huesca;2010M02;2,55
22 Huesca;2010M01;3,57
22 Huesca;2009M12;3,16
22 Huesca;2009M11;2,94
22 Huesca;2009M10;2,68
22 Huesca;2009M09;2,93
22 Huesca;2009M08;5,23
22 Huesca;2009M07;3,98
22 Huesca;2009M06;2,71
22 Huesca;2009M05;2,63
22 Huesca;2009M04;3,12
22 Huesca;2009M03;2,96
22 Huesca;2009M02;2,84
22 Huesca;2009M01;3,23
22 Huesca;2008M12;3,56
22 Huesca;2008M11;3,3
22 Huesca;2008M10;2,92
22 Huesca;2008M09;3,51
22 Huesca;2008M08;5,65
22 Huesca;2008M07;4,62
22 Huesca;2008M06;3,08
22 Huesca;2008M05;4,12
22 Huesca;2008M04;2,64
22 Huesca;2008M03;3,37
22 Huesca;2008M02;3,18
22 Huesca;2008M01;4
22 Huesca;2007M12;3,36
22 Huesca;2007M11;4,06
22 Huesca;2007M10;3,06
22 Huesca;2007M09;3,91
22 Huesca;2007M08;5,96
22 Huesca;2007M07;4,57
22 Huesca;2007M06;3,35
22 Huesca;2007M05;2,95
22 Huesca;2007M04;3,24
22 Huesca;2007M03;2,68
22 Huesca;2007M02;2,91
22 Huesca;2007M01;3,4
22 Huesca;2006M12;3,79
22 Huesca;2006M11;3,35
22 Huesca;2006M10;3,46
22 Huesca;2006M09;3,67
22 Huesca;2006M08;6,94
22 Huesca;2006M07;5,82
22 Huesca;2006M06;3,21
22 Huesca;2006M05;3,01
22 Huesca;2006M04;3,14
22 Huesca;2006M03;2,49
22 Huesca;2006M02;2,29
22 Huesca;2006M01;2,72
22 Huesca;2005M12;3,25
22 Huesca;2005M11;2,14
22 Huesca;2005M10;2,86
22 Huesca;2005M09;3,41
22 Huesca;2005M08;6,69
22 Huesca;2005M07;4,81
22 Huesca;2005M06;3,03
22 Huesca;2005M05;2,92
22 Huesca;2005M04;2,55
22 Huesca;2005M03;3,47
22 Huesca;2005M02;3,44
22 Huesca;2005M01;3,24
23 Jaén;2026M06;2,02
23 Jaén;2026M05;1,89
23 Jaén;2026M04;2,52
23 Jaén;2026M03;2,28
23 Jaén;2026M02;2,33
23 Jaén;2026M01;2,37
23 Jaén;2025M12;2,31
23 Jaén;2025M11;2,18
23 Jaén;2025M10;2,19
23 Jaén;2025M09;2,52
23 Jaén;2025M08;3,78
23 Jaén;2025M07;2,95
23 Jaén;2025M06;2,19
23 Jaén;2025M05;2,33
23 Jaén;2025M04;2,52
23 Jaén;2025M03;1,92
23 Jaén;2025M02;2
23 Jaén;2025M01;2,06
23 Jaén;2024M12;2,37
23 Jaén;2024M11;2,05
23 Jaén;2024M10;1,94
23 Jaén;2024M09;2
23 Jaén;2024M08;3,55
23 Jaén;2024M07;3,3
23 Jaén;2024M06;2,99
23 Jaén;2024M05;2,01
23 Jaén;2024M04;2,06
23 Jaén;2024M03;2,44
23 Jaén;2024M02;2,04
23 Jaén;2024M01;2,15
23 Jaén;2023M12;2,45
23 Jaén;2023M11;2,04
23 Jaén;2023M10;2,26
23 Jaén;2023M09;2,39
23 Jaén;2023M08;3,67
23 Jaén;2023M07;2,76
23 Jaén;2023M06;2,11
23 Jaén;2023M05;2,27
23 Jaén;2023M04;2,5
23 Jaén;2023M03;1,97
23 Jaén;2023M02;2,17
23 Jaén;2023M01;2,1
23 Jaén;2022M12;2,42
23 Jaén;2022M11;2,38
23 Jaén;2022M10;2,43
23 Jaén;2022M09;2,91
23 Jaén;2022M08;4,07
23 Jaén;2022M07;2,88
23 Jaén;2022M06;2,52
23 Jaén;2022M05;2,22
23 Jaén;2022M04;2,45
23 Jaén;2022M03;2,19
23 Jaén;2022M02;2,01
23 Jaén;2022M01;2,52
23 Jaén;2021M12;2,64
23 Jaén;2021M11;2,16
23 Jaén;2021M10;2,47
23 Jaén;2021M09;2,59
23 Jaén;2021M08;4,33
23 Jaén;2021M07;3,49
23 Jaén;2021M06;2,36
23 Jaén;2021M05;2,16
23 Jaén;2021M04;2,67
23 Jaén;2021M03;1,67
23 Jaén;2021M02;2,28
23 Jaén;2021M01;2,96
23 Jaén;2020M12;2,1
23 Jaén;2020M11;2,83
23 Jaén;2020M10;2,81
23 Jaén;2020M09;2,62
23 Jaén;2020M08;3,74
23 Jaén;2020M07;3,19
23 Jaén;2020M06;2,49
23 Jaén;2020M05;3,13
23 Jaén;2020M04;.
23 Jaén;2020M03;1,79
23 Jaén;2020M02;1,97
23 Jaén;2020M01;2,13
23 Jaén;2019M12;2,28
23 Jaén;2019M11;1,91
23 Jaén;2019M10;1,69
23 Jaén;2019M09;1,98
23 Jaén;2019M08;3,67
23 Jaén;2019M07;2,41
23 Jaén;2019M06;1,98
23 Jaén;2019M05;1,79
23 Jaén;2019M04;2,38
23 Jaén;2019M03;2,09
23 Jaén;2019M02;1,83
23 Jaén;2019M01;2,43
23 Jaén;2018M12;2,61
23 Jaén;2018M11;2,16
23 Jaén;2018M10;2,13
23 Jaén;2018M09;2,05
23 Jaén;2018M08;3,18
23 Jaén;2018M07;2,41
23 Jaén;2018M06;1,96
23 Jaén;2018M05;2,08
23 Jaén;2018M04;2,26
23 Jaén;2018M03;2,39
23 Jaén;2018M02;2,22
23 Jaén;2018M01;2,42
23 Jaén;2017M12;2,52
23 Jaén;2017M11;2,7
23 Jaén;2017M10;2,14
23 Jaén;2017M09;2,53
23 Jaén;2017M08;3,5
23 Jaén;2017M07;2,95
23 Jaén;2017M06;1,99
23 Jaén;2017M05;2,18
23 Jaén;2017M04;2,64
23 Jaén;2017M03;1,98
23 Jaén;2017M02;2,37
23 Jaén;2017M01;2,59
23 Jaén;2016M12;2,5
23 Jaén;2016M11;2,35
23 Jaén;2016M10;2,39
23 Jaén;2016M09;2,21
23 Jaén;2016M08;3,92
23 Jaén;2016M07;2,68
23 Jaén;2016M06;2,19
23 Jaén;2016M05;2,55
23 Jaén;2016M04;1,94
23 Jaén;2016M03;2,8
23 Jaén;2016M02;2,24
23 Jaén;2016M01;2,82
23 Jaén;2015M12;2,58
23 Jaén;2015M11;2,17
23 Jaén;2015M10;2,31
23 Jaén;2015M09;2,41
23 Jaén;2015M08;4,22
23 Jaén;2015M07;2,89
23 Jaén;2015M06;2,6
23 Jaén;2015M05;2,56
23 Jaén;2015M04;2,5
23 Jaén;2015M03;2,18
23 Jaén;2015M02;2,15
23 Jaén;2015M01;2,58
23 Jaén;2014M12;2,75
23 Jaén;2014M11;2,51
23 Jaén;2014M10;2,29
23 Jaén;2014M09;2,87
23 Jaén;2014M08;4,06
23 Jaén;2014M07;2,98
23 Jaén;2014M06;2,11
23 Jaén;2014M05;2,62
23 Jaén;2014M04;2,88
23 Jaén;2014M03;2,18
23 Jaén;2014M02;1,87
23 Jaén;2014M01;2,05
23 Jaén;2013M12;2,45
23 Jaén;2013M11;2,1
23 Jaén;2013M10;2,1
23 Jaén;2013M09;2,66
23 Jaén;2013M08;3,95
23 Jaén;2013M07;5,71
23 Jaén;2013M06;2,84
23 Jaén;2013M05;2,68
23 Jaén;2013M04;2,66
23 Jaén;2013M03;2,97
23 Jaén;2013M02;2,01
23 Jaén;2013M01;2,29
23 Jaén;2012M12;2,45
23 Jaén;2012M11;2,39
23 Jaén;2012M10;2,14
23 Jaén;2012M09;2,03
23 Jaén;2012M08;6,42
23 Jaén;2012M07;2,55
23 Jaén;2012M06;2,03
23 Jaén;2012M05;2,74
23 Jaén;2012M04;2,29
23 Jaén;2012M03;1,98
23 Jaén;2012M02;2,29
23 Jaén;2012M01;2,57
23 Jaén;2011M12;2,66
23 Jaén;2011M11;2,43
23 Jaén;2011M10;2,55
23 Jaén;2011M09;2,42
23 Jaén;2011M08;4,27
23 Jaén;2011M07;3,42
23 Jaén;2011M06;2,44
23 Jaén;2011M05;2,94
23 Jaén;2011M04;2,84
23 Jaén;2011M03;2,51
23 Jaén;2011M02;2,28
23 Jaén;2011M01;3,52
23 Jaén;2010M12;2,81
23 Jaén;2010M11;1,97
23 Jaén;2010M10;2,38
23 Jaén;2010M09;4,18
23 Jaén;2010M08;4,99
23 Jaén;2010M07;2,76
23 Jaén;2010M06;2,78
23 Jaén;2010M05;2,99
23 Jaén;2010M04;2,48
23 Jaén;2010M03;2,15
23 Jaén;2010M02;1,79
23 Jaén;2010M01;4,59
23 Jaén;2009M12;2,63
23 Jaén;2009M11;2,04
23 Jaén;2009M10;2,06
23 Jaén;2009M09;2,97
23 Jaén;2009M08;4,56
23 Jaén;2009M07;3,14
23 Jaén;2009M06;2,19
23 Jaén;2009M05;2,7
23 Jaén;2009M04;2,86
23 Jaén;2009M03;2,09
23 Jaén;2009M02;1,6
23 Jaén;2009M01;4,44
23 Jaén;2008M12;2,6
23 Jaén;2008M11;2,33
23 Jaén;2008M10;2,02
23 Jaén;2008M09;3,53
23 Jaén;2008M08;5,92
23 Jaén;2008M07;2,85
23 Jaén;2008M06;1,81
23 Jaén;2008M05;3,07
23 Jaén;2008M04;1,79
23 Jaén;2008M03;3,37
23 Jaén;2008M02;2,23
23 Jaén;2008M01;3,06
23 Jaén;2007M12;3,05
23 Jaén;2007M11;3,39
23 Jaén;2007M10;2,91
23 Jaén;2007M09;2,82
23 Jaén;2007M08;4,36
23 Jaén;2007M07;4,07
23 Jaén;2007M06;2,41
23 Jaén;2007M05;2,52
23 Jaén;2007M04;3,14
23 Jaén;2007M03;2,45
23 Jaén;2007M02;1,92
23 Jaén;2007M01;3,08
23 Jaén;2006M12;2,4
23 Jaén;2006M11;2,42
23 Jaén;2006M10;3,06
23 Jaén;2006M09;4,39
23 Jaén;2006M08;6,32
23 Jaén;2006M07;4,24
23 Jaén;2006M06;2,63
23 Jaén;2006M05;2,58
23 Jaén;2006M04;3,54
23 Jaén;2006M03;2,03
23 Jaén;2006M02;2,56
23 Jaén;2006M01;3,01
23 Jaén;2005M12;2,55
23 Jaén;2005M11;2,58
23 Jaén;2005M10;2,3
23 Jaén;2005M09;3,5
23 Jaén;2005M08;6,37
23 Jaén;2005M07;4,8
23 Jaén;2005M06;2,46
23 Jaén;2005M05;3,34
23 Jaén;2005M04;2,59
23 Jaén;2005M03;2,71
23 Jaén;2005M02;2,91
23 Jaén;2005M01;3,1
24 León;2026M06;1,98
24 León;2026M05;1,66
24 León;2026M04;2,03
24 León;2026M03;1,97
24 León;2026M02;2,08
24 León;2026M01;2,23
24 León;2025M12;2,37
24 León;2025M11;1,75
24 León;2025M10;1,5
24 León;2025M09;1,53
24 León;2025M08;3,17
24 León;2025M07;1,98
24 León;2025M06;1,5
24 León;2025M05;1,49
24 León;2025M04;1,82
24 León;2025M03;1,76
24 León;2025M02;1,83
24 León;2025M01;1,79
24 León;2024M12;2,69
24 León;2024M11;2,73
24 León;2024M10;2,22
24 León;2024M09;2,2
24 León;2024M08;3,02
24 León;2024M07;2,39
24 León;2024M06;2,5
24 León;2024M05;2,21
24 León;2024M04;2,17
24 León;2024M03;2,62
24 León;2024M02;2,25
24 León;2024M01;2,14
24 León;2023M12;2,82
24 León;2023M11;2,55
24 León;2023M10;2,42
24 León;2023M09;2,06
24 León;2023M08;3,25
24 León;2023M07;2,63
24 León;2023M06;2,22
24 León;2023M05;2
24 León;2023M04;2,24
24 León;2023M03;2,02
24 León;2023M02;2,16
24 León;2023M01;2,25
24 León;2022M12;2,46
24 León;2022M11;2,13
24 León;2022M10;1,91
24 León;2022M09;1,86
24 León;2022M08;3,21
24 León;2022M07;2,58
24 León;2022M06;1,89
24 León;2022M05;1,77
24 León;2022M04;2,33
24 León;2022M03;2,15
24 León;2022M02;2,73
24 León;2022M01;2,74
24 León;2021M12;2,5
24 León;2021M11;1,97
24 León;2021M10;2,04
24 León;2021M09;2,03
24 León;2021M08;2,7
24 León;2021M07;2,71
24 León;2021M06;1,91
24 León;2021M05;1,77
24 León;2021M04;2,55
24 León;2021M03;2,29
24 León;2021M02;3,28
24 León;2021M01;3,16
24 León;2020M12;3,76
24 León;2020M11;.
24 León;2020M10;2,02
24 León;2020M09;1,95
24 León;2020M08;3,17
24 León;2020M07;2,92
24 León;2020M06;2,1
24 León;2020M05;.
24 León;2020M04;.
24 León;2020M03;1,69
24 León;2020M02;1,95
24 León;2020M01;2,24
24 León;2019M12;2,48
24 León;2019M11;1,91
24 León;2019M10;1,58
24 León;2019M09;1,57
24 León;2019M08;2,25
24 León;2019M07;2,03
24 León;2019M06;1,55
24 León;2019M05;1,56
24 León;2019M04;1,82
24 León;2019M03;1,89
24 León;2019M02;1,92
24 León;2019M01;1,93
24 León;2018M12;2,33
24 León;2018M11;2,22
24 León;2018M10;1,76
24 León;2018M09;1,67
24 León;2018M08;2,81
24 León;2018M07;2,1
24 León;2018M06;1,53
24 León;2018M05;1,55
24 León;2018M04;1,96
24 León;2018M03;2,22
24 León;2018M02;1,78
24 León;2018M01;1,9
24 León;2017M12;2,52
24 León;2017M11;1,88
24 León;2017M10;1,71
24 León;2017M09;1,63
24 León;2017M08;2,61
24 León;2017M07;2,23
24 León;2017M06;1,56
24 León;2017M05;1,51
24 León;2017M04;2,17
24 León;2017M03;1,81
24 León;2017M02;1,73
24 León;2017M01;1,7
24 León;2016M12;2,3
24 León;2016M11;2,01
24 León;2016M10;1,96
24 León;2016M09;1,67
24 León;2016M08;2,94
24 León;2016M07;2,45
24 León;2016M06;1,77
24 León;2016M05;1,64
24 León;2016M04;1,8
24 León;2016M03;2,35
24 León;2016M02;1,72
24 León;2016M01;2,01
24 León;2015M12;2,44
24 León;2015M11;1,83
24 León;2015M10;1,96
24 León;2015M09;1,8
24 León;2015M08;3,23
24 León;2015M07;2,49
24 León;2015M06;1,59
24 León;2015M05;1,64
24 León;2015M04;2,29
24 León;2015M03;2,01
24 León;2015M02;2,16
24 León;2015M01;1,92
24 León;2014M12;2,21
24 León;2014M11;1,75
24 León;2014M10;1,82
24 León;2014M09;2,35
24 León;2014M08;2,79
24 León;2014M07;2,04
24 León;2014M06;1,69
24 León;2014M05;1,61
24 León;2014M04;2,13
24 León;2014M03;1,66
24 León;2014M02;1,84
24 León;2014M01;2,01
24 León;2013M12;2,31
24 León;2013M11;1,83
24 León;2013M10;1,75
24 León;2013M09;1,73
24 León;2013M08;3,04
24 León;2013M07;2,32
24 León;2013M06;1,63
24 León;2013M05;1,69
24 León;2013M04;1,84
24 León;2013M03;2,62
24 León;2013M02;2,12
24 León;2013M01;2,47
24 León;2012M12;2,56
24 León;2012M11;2,02
24 León;2012M10;2,04
24 León;2012M09;2,01
24 León;2012M08;3,24
24 León;2012M07;2,7
24 León;2012M06;2,07
24 León;2012M05;1,69
24 León;2012M04;2,61
24 León;2012M03;1,84
24 León;2012M02;2,44
24 León;2012M01;2,33
24 León;2011M12;2,3
24 León;2011M11;1,58
24 León;2011M10;1,63
24 León;2011M09;1,5
24 León;2011M08;2,74
24 León;2011M07;2,06
24 León;2011M06;1,45
24 León;2011M05;1,62
24 León;2011M04;2,02
24 León;2011M03;1,82
24 León;2011M02;1,84
24 León;2011M01;2,51
24 León;2010M12;2,68
24 León;2010M11;1,97
24 León;2010M10;1,94
24 León;2010M09;1,67
24 León;2010M08;3,53
24 León;2010M07;2,49
24 León;2010M06;2
24 León;2010M05;1,61
24 León;2010M04;1,95
24 León;2010M03;2,06
24 León;2010M02;1,86
24 León;2010M01;2,2
24 León;2009M12;2,64
24 León;2009M11;2,12
24 León;2009M10;2,38
24 León;2009M09;1,97
24 León;2009M08;3,45
24 León;2009M07;2,36
24 León;2009M06;1,86
24 León;2009M05;1,84
24 León;2009M04;2,22
24 León;2009M03;1,95
24 León;2009M02;1,76
24 León;2009M01;2,44
24 León;2008M12;2,13
24 León;2008M11;1,84
24 León;2008M10;1,8
24 León;2008M09;2
24 León;2008M08;3,55
24 León;2008M07;2,62
24 León;2008M06;1,98
24 León;2008M05;1,9
24 León;2008M04;1,85
24 León;2008M03;2,63
24 León;2008M02;2,1
24 León;2008M01;2,13
24 León;2007M12;2,67
24 León;2007M11;2,47
24 León;2007M10;2,25
24 León;2007M09;2,32
24 León;2007M08;3,34
24 León;2007M07;2,91
24 León;2007M06;2,09
24 León;2007M05;1,95
24 León;2007M04;2,74
24 León;2007M03;1,8
24 León;2007M02;1,94
24 León;2007M01;1,98
24 León;2006M12;2,98
24 León;2006M11;1,85
24 León;2006M10;2,27
24 León;2006M09;2,13
24 León;2006M08;3,27
24 León;2006M07;2,89
24 León;2006M06;2,23
24 León;2006M05;1,95
24 León;2006M04;2,73
24 León;2006M03;2
24 León;2006M02;1,84
24 León;2006M01;1,75
24 León;2005M12;2,52
24 León;2005M11;1,76
24 León;2005M10;2,21
24 León;2005M09;2,07
24 León;2005M08;3,45
24 León;2005M07;2,76
24 León;2005M06;1,97
24 León;2005M05;1,89
24 León;2005M04;1,65
24 León;2005M03;2,31
24 León;2005M02;2,08
24 León;2005M01;1,97
25 Lleida;2026M06;2,13
25 Lleida;2026M05;2,12
25 Lleida;2026M04;2,14
25 Lleida;2026M03;2,67
25 Lleida;2026M02;2,61
25 Lleida;2026M01;2,85
25 Lleida;2025M12;2,55
25 Lleida;2025M11;2,1
25 Lleida;2025M10;2,02
25 Lleida;2025M09;2,6
25 Lleida;2025M08;4,54
25 Lleida;2025M07;3,31
25 Lleida;2025M06;2,53
25 Lleida;2025M05;2,08
25 Lleida;2025M04;2,78
25 Lleida;2025M03;2
25 Lleida;2025M02;2,11
25 Lleida;2025M01;2,41
25 Lleida;2024M12;2,48
25 Lleida;2024M11;2
25 Lleida;2024M10;2,3
25 Lleida;2024M09;2,33
25 Lleida;2024M08;3,88
25 Lleida;2024M07;2,96
25 Lleida;2024M06;2,38
25 Lleida;2024M05;2,07
25 Lleida;2024M04;2,06
25 Lleida;2024M03;2,7
25 Lleida;2024M02;2,39
25 Lleida;2024M01;2,96
25 Lleida;2023M12;3,01
25 Lleida;2023M11;2,35
25 Lleida;2023M10;2,41
25 Lleida;2023M09;2,42
25 Lleida;2023M08;4,39
25 Lleida;2023M07;3,21
25 Lleida;2023M06;2,35
25 Lleida;2023M05;2,5
25 Lleida;2023M04;2,88
25 Lleida;2023M03;2,38
25 Lleida;2023M02;2,45
25 Lleida;2023M01;2,84
25 Lleida;2022M12;2,72
25 Lleida;2022M11;2,07
25 Lleida;2022M10;2,45
25 Lleida;2022M09;2,05
25 Lleida;2022M08;4,4
25 Lleida;2022M07;2,75
25 Lleida;2022M06;2,46
25 Lleida;2022M05;2,1
25 Lleida;2022M04;2,5
25 Lleida;2022M03;1,92
25 Lleida;2022M02;2,06
25 Lleida;2022M01;2,5
25 Lleida;2021M12;2,72
25 Lleida;2021M11;1,97
25 Lleida;2021M10;2,25
25 Lleida;2021M09;2,47
25 Lleida;2021M08;4,48
25 Lleida;2021M07;3,34
25 Lleida;2021M06;2,34
25 Lleida;2021M05;2,01
25 Lleida;2021M04;3,03
25 Lleida;2021M03;2,33
25 Lleida;2021M02;2
25 Lleida;2021M01;3,67
25 Lleida;2020M12;2,84
25 Lleida;2020M11;.
25 Lleida;2020M10;2,75
25 Lleida;2020M09;2,83
25 Lleida;2020M08;4,79
25 Lleida;2020M07;3,62
25 Lleida;2020M06;2,14
25 Lleida;2020M05;.
25 Lleida;2020M04;.
25 Lleida;2020M03;2,97
25 Lleida;2020M02;2,18
25 Lleida;2020M01;2,17
25 Lleida;2019M12;2,41
25 Lleida;2019M11;1,82
25 Lleida;2019M10;1,79
25 Lleida;2019M09;1,99
25 Lleida;2019M08;3,92
25 Lleida;2019M07;2,61
25 Lleida;2019M06;2
25 Lleida;2019M05;1,73
25 Lleida;2019M04;2,52
25 Lleida;2019M03;1,82
25 Lleida;2019M02;1,88
25 Lleida;2019M01;2,05
25 Lleida;2018M12;2,47
25 Lleida;2018M11;1,92
25 Lleida;2018M10;1,94
25 Lleida;2018M09;2,18
25 Lleida;2018M08;3,99
25 Lleida;2018M07;2,94
25 Lleida;2018M06;1,88
25 Lleida;2018M05;1,93
25 Lleida;2018M04;2,06
25 Lleida;2018M03;2,06
25 Lleida;2018M02;1,8
25 Lleida;2018M01;2,08
25 Lleida;2017M12;2,81
25 Lleida;2017M11;1,85
25 Lleida;2017M10;2,15
25 Lleida;2017M09;2,54
25 Lleida;2017M08;3,9
25 Lleida;2017M07;3,07
25 Lleida;2017M06;2
25 Lleida;2017M05;1,92
25 Lleida;2017M04;2,6
25 Lleida;2017M03;1,77
25 Lleida;2017M02;1,98
25 Lleida;2017M01;2,29
25 Lleida;2016M12;2,29
25 Lleida;2016M11;1,69
25 Lleida;2016M10;1,99
25 Lleida;2016M09;2,24
25 Lleida;2016M08;4,49
25 Lleida;2016M07;2,83
25 Lleida;2016M06;2,14
25 Lleida;2016M05;1,92
25 Lleida;2016M04;1,91
25 Lleida;2016M03;2,41
25 Lleida;2016M02;2,14
25 Lleida;2016M01;2,65
25 Lleida;2015M12;2,37
25 Lleida;2015M11;1,99
25 Lleida;2015M10;2,12
25 Lleida;2015M09;2,61
25 Lleida;2015M08;4,46
25 Lleida;2015M07;3,25
25 Lleida;2015M06;2,14
25 Lleida;2015M05;1,95
25 Lleida;2015M04;2,45
25 Lleida;2015M03;2,06
25 Lleida;2015M02;2,1
25 Lleida;2015M01;2,6
25 Lleida;2014M12;2,77
25 Lleida;2014M11;2,14
25 Lleida;2014M10;1,98
25 Lleida;2014M09;2,51
25 Lleida;2014M08;4,24
25 Lleida;2014M07;3,24
25 Lleida;2014M06;2,51
25 Lleida;2014M05;2,2
25 Lleida;2014M04;2,86
25 Lleida;2014M03;2,19
25 Lleida;2014M02;1,96
25 Lleida;2014M01;2,47
25 Lleida;2013M12;2,76
25 Lleida;2013M11;2,06
25 Lleida;2013M10;2,31
25 Lleida;2013M09;2,57
25 Lleida;2013M08;4,97
25 Lleida;2013M07;3,57
25 Lleida;2013M06;2,31
25 Lleida;2013M05;2,3
25 Lleida;2013M04;2,34
25 Lleida;2013M03;2,75
25 Lleida;2013M02;2,11
25 Lleida;2013M01;2,94
25 Lleida;2012M12;3,34
25 Lleida;2012M11;2,47
25 Lleida;2012M10;2,48
25 Lleida;2012M09;2,23
25 Lleida;2012M08;5,96
25 Lleida;2012M07;3,08
25 Lleida;2012M06;2,05
25 Lleida;2012M05;1,95
25 Lleida;2012M04;3,02
25 Lleida;2012M03;2,06
25 Lleida;2012M02;2,25
25 Lleida;2012M01;2,42
25 Lleida;2011M12;2,82
25 Lleida;2011M11;1,78
25 Lleida;2011M10;2,42
25 Lleida;2011M09;2,85
25 Lleida;2011M08;5,32
25 Lleida;2011M07;3,53
25 Lleida;2011M06;2,49
25 Lleida;2011M05;1,91
25 Lleida;2011M04;2,8
25 Lleida;2011M03;2,41
25 Lleida;2011M02;1,96
25 Lleida;2011M01;2,57
25 Lleida;2010M12;3,86
25 Lleida;2010M11;2,79
25 Lleida;2010M10;2,81
25 Lleida;2010M09;2,51
25 Lleida;2010M08;8,39
25 Lleida;2010M07;4,03
25 Lleida;2010M06;2,74
25 Lleida;2010M05;2,32
25 Lleida;2010M04;3,5
25 Lleida;2010M03;2,17
25 Lleida;2010M02;2,05
25 Lleida;2010M01;3,08
25 Lleida;2009M12;2,65
25 Lleida;2009M11;2,07
25 Lleida;2009M10;2,48
25 Lleida;2009M09;2,82
25 Lleida;2009M08;7,63
25 Lleida;2009M07;3,7
25 Lleida;2009M06;2,53
25 Lleida;2009M05;2,56
25 Lleida;2009M04;3,21
25 Lleida;2009M03;1,94
25 Lleida;2009M02;2,07
25 Lleida;2009M01;3,06
25 Lleida;2008M12;2,83
25 Lleida;2008M11;1,99
25 Lleida;2008M10;2,35
25 Lleida;2008M09;2,72
25 Lleida;2008M08;7,38
25 Lleida;2008M07;4,27
25 Lleida;2008M06;2,44
25 Lleida;2008M05;2,89
25 Lleida;2008M04;2,02
25 Lleida;2008M03;3,53
25 Lleida;2008M02;2,04
25 Lleida;2008M01;2,49
25 Lleida;2007M12;2,92
25 Lleida;2007M11;2,92
25 Lleida;2007M10;2,27
25 Lleida;2007M09;2,23
25 Lleida;2007M08;6,27
25 Lleida;2007M07;3,45
25 Lleida;2007M06;1,96
25 Lleida;2007M05;2,09
25 Lleida;2007M04;3,58
25 Lleida;2007M03;2,32
25 Lleida;2007M02;2,12
25 Lleida;2007M01;2,42
25 Lleida;2006M12;3,11
25 Lleida;2006M11;2,33
25 Lleida;2006M10;2,76
25 Lleida;2006M09;3,5
25 Lleida;2006M08;6,66
25 Lleida;2006M07;3,63
25 Lleida;2006M06;2,39
25 Lleida;2006M05;2,68
25 Lleida;2006M04;3,36
25 Lleida;2006M03;2,14
25 Lleida;2006M02;2,27
25 Lleida;2006M01;2,83
25 Lleida;2005M12;3,21
25 Lleida;2005M11;2,27
25 Lleida;2005M10;2,53
25 Lleida;2005M09;2,72
25 Lleida;2005M08;5,14
25 Lleida;2005M07;3,45
25 Lleida;2005M06;2,67
25 Lleida;2005M05;2,08
25 Lleida;2005M04;2,13
25 Lleida;2005M03;2,73
25 Lleida;2005M02;2,11
25 Lleida;2005M01;2,83
27 Lugo;2026M06;1,83
27 Lugo;2026M05;1,42
27 Lugo;2026M04;1,58
27 Lugo;2026M03;1,82
27 Lugo;2026M02;2,06
27 Lugo;2026M01;2,04
27 Lugo;2025M12;2,11
27 Lugo;2025M11;2,01
27 Lugo;2025M10;1,54
27 Lugo;2025M09;1,78
27 Lugo;2025M08;2,23
27 Lugo;2025M07;2,12
27 Lugo;2025M06;1,71
27 Lugo;2025M05;1,61
27 Lugo;2025M04;1,56
27 Lugo;2025M03;1,49
27 Lugo;2025M02;1,59
27 Lugo;2025M01;1,82
27 Lugo;2024M12;1,8
27 Lugo;2024M11;1,71
27 Lugo;2024M10;1,42
27 Lugo;2024M09;1,62
27 Lugo;2024M08;2,76
27 Lugo;2024M07;2,05
27 Lugo;2024M06;1,53
27 Lugo;2024M05;1,46
27 Lugo;2024M04;1,37
27 Lugo;2024M03;2
27 Lugo;2024M02;1,46
27 Lugo;2024M01;2,27
27 Lugo;2023M12;2,17
27 Lugo;2023M11;1,63
27 Lugo;2023M10;1,89
27 Lugo;2023M09;1,71
27 Lugo;2023M08;2,86
27 Lugo;2023M07;2,35
27 Lugo;2023M06;1,82
27 Lugo;2023M05;1,32
27 Lugo;2023M04;1,81
27 Lugo;2023M03;1,66
27 Lugo;2023M02;1,63
27 Lugo;2023M01;2,13
27 Lugo;2022M12;2,26
27 Lugo;2022M11;1,58
27 Lugo;2022M10;1,49
27 Lugo;2022M09;1,68
27 Lugo;2022M08;2,45
27 Lugo;2022M07;2,16
27 Lugo;2022M06;1,49
27 Lugo;2022M05;1,32
27 Lugo;2022M04;1,66
27 Lugo;2022M03;1,75
27 Lugo;2022M02;1,89
27 Lugo;2022M01;1,98
27 Lugo;2021M12;1,91
27 Lugo;2021M11;1,74
27 Lugo;2021M10;1,71
27 Lugo;2021M09;1,71
27 Lugo;2021M08;2,4
27 Lugo;2021M07;1,91
27 Lugo;2021M06;1,56
27 Lugo;2021M05;1,47
27 Lugo;2021M04;1,77
27 Lugo;2021M03;1,88
27 Lugo;2021M02;1,71
27 Lugo;2021M01;2,03
27 Lugo;2020M12;2,04
27 Lugo;2020M11;.
27 Lugo;2020M10;1,7
27 Lugo;2020M09;1,87
27 Lugo;2020M08;2,53
27 Lugo;2020M07;2,17
27 Lugo;2020M06;2,85
27 Lugo;2020M05;.
27 Lugo;2020M04;.
27 Lugo;2020M03;1,77
27 Lugo;2020M02;1,51
27 Lugo;2020M01;1,65
27 Lugo;2019M12;1,95
27 Lugo;2019M11;1,74
27 Lugo;2019M10;1,42
27 Lugo;2019M09;1,43
27 Lugo;2019M08;2,3
27 Lugo;2019M07;1,99
27 Lugo;2019M06;1,4
27 Lugo;2019M05;1,32
27 Lugo;2019M04;1,62
27 Lugo;2019M03;1,58
27 Lugo;2019M02;1,54
27 Lugo;2019M01;1,68
27 Lugo;2018M12;1,87
27 Lugo;2018M11;1,71
27 Lugo;2018M10;1,53
27 Lugo;2018M09;1,52
27 Lugo;2018M08;2,38
27 Lugo;2018M07;1,97
27 Lugo;2018M06;1,46
27 Lugo;2018M05;1,44
27 Lugo;2018M04;1,5
27 Lugo;2018M03;1,82
27 Lugo;2018M02;1,55
27 Lugo;2018M01;1,51
27 Lugo;2017M12;2,24
27 Lugo;2017M11;1,76
27 Lugo;2017M10;1,77
27 Lugo;2017M09;1,66
27 Lugo;2017M08;2,43
27 Lugo;2017M07;2,31
27 Lugo;2017M06;1,49
27 Lugo;2017M05;1,46
27 Lugo;2017M04;1,86
27 Lugo;2017M03;1,54
27 Lugo;2017M02;1,54
27 Lugo;2017M01;1,81
27 Lugo;2016M12;1,96
27 Lugo;2016M11;1,76
27 Lugo;2016M10;1,68
27 Lugo;2016M09;1,64
27 Lugo;2016M08;2,73
27 Lugo;2016M07;2,29
27 Lugo;2016M06;1,56
27 Lugo;2016M05;1,37
27 Lugo;2016M04;1,33
27 Lugo;2016M03;2,07
27 Lugo;2016M02;1,48
27 Lugo;2016M01;1,57
27 Lugo;2015M12;2,23
27 Lugo;2015M11;1,65
27 Lugo;2015M10;1,53
27 Lugo;2015M09;1,52
27 Lugo;2015M08;2,26
27 Lugo;2015M07;1,87
27 Lugo;2015M06;1,37
27 Lugo;2015M05;1,29
27 Lugo;2015M04;1,7
27 Lugo;2015M03;1,46
27 Lugo;2015M02;1,32
27 Lugo;2015M01;1,57
27 Lugo;2014M12;1,85
27 Lugo;2014M11;1,67
27 Lugo;2014M10;1,62
27 Lugo;2014M09;1,62
27 Lugo;2014M08;2,47
27 Lugo;2014M07;2,13
27 Lugo;2014M06;1,53
27 Lugo;2014M05;1,48
27 Lugo;2014M04;2,07
27 Lugo;2014M03;1,62
27 Lugo;2014M02;1,42
27 Lugo;2014M01;1,82
27 Lugo;2013M12;1,83
27 Lugo;2013M11;1,56
27 Lugo;2013M10;1,36
27 Lugo;2013M09;1,7
27 Lugo;2013M08;2,31
27 Lugo;2013M07;1,98
27 Lugo;2013M06;1,54
27 Lugo;2013M05;1,53
27 Lugo;2013M04;1,63
27 Lugo;2013M03;1,86
27 Lugo;2013M02;1,43
27 Lugo;2013M01;1,7
27 Lugo;2012M12;1,48
27 Lugo;2012M11;2,01
27 Lugo;2012M10;1,56
27 Lugo;2012M09;1,61
27 Lugo;2012M08;2,18
27 Lugo;2012M07;1,67
27 Lugo;2012M06;1,45
27 Lugo;2012M05;1,22
27 Lugo;2012M04;2,1
27 Lugo;2012M03;1,44
27 Lugo;2012M02;1,35
27 Lugo;2012M01;1,46
27 Lugo;2011M12;1,83
27 Lugo;2011M11;1,87
27 Lugo;2011M10;1,69
27 Lugo;2011M09;1,42
27 Lugo;2011M08;2,53
27 Lugo;2011M07;1,93
27 Lugo;2011M06;1,38
27 Lugo;2011M05;1,29
27 Lugo;2011M04;1,78
27 Lugo;2011M03;1,55
27 Lugo;2011M02;1,45
27 Lugo;2011M01;1,18
27 Lugo;2010M12;1,82
27 Lugo;2010M11;1,55
27 Lugo;2010M10;1,62
27 Lugo;2010M09;1,41
27 Lugo;2010M08;2,13
27 Lugo;2010M07;1,88
27 Lugo;2010M06;1,39
27 Lugo;2010M05;1,37
27 Lugo;2010M04;1,68
27 Lugo;2010M03;1,59
27 Lugo;2010M02;1,58
27 Lugo;2010M01;1,54
27 Lugo;2009M12;1,79
27 Lugo;2009M11;1,63
27 Lugo;2009M10;1,61
27 Lugo;2009M09;1,61
27 Lugo;2009M08;2,24
27 Lugo;2009M07;1,8
27 Lugo;2009M06;1,59
27 Lugo;2009M05;1,48
27 Lugo;2009M04;1,9
27 Lugo;2009M03;1,64
27 Lugo;2009M02;1,77
27 Lugo;2009M01;1,59
27 Lugo;2008M12;1,81
27 Lugo;2008M11;1,76
27 Lugo;2008M10;1,64
27 Lugo;2008M09;1,63
27 Lugo;2008M08;2,4
27 Lugo;2008M07;2,35
27 Lugo;2008M06;1,73
27 Lugo;2008M05;1,62
27 Lugo;2008M04;1,62
27 Lugo;2008M03;2,27
27 Lugo;2008M02;1,8
27 Lugo;2008M01;1,71
27 Lugo;2007M12;1,9
27 Lugo;2007M11;1,86
27 Lugo;2007M10;1,92
27 Lugo;2007M09;1,82
27 Lugo;2007M08;2,36
27 Lugo;2007M07;2,18
27 Lugo;2007M06;1,62
27 Lugo;2007M05;1,55
27 Lugo;2007M04;2,25
27 Lugo;2007M03;1,99
27 Lugo;2007M02;1,87
27 Lugo;2007M01;2,01
27 Lugo;2006M12;2,07
27 Lugo;2006M11;1,7
27 Lugo;2006M10;1,82
27 Lugo;2006M09;1,69
27 Lugo;2006M08;2,68
27 Lugo;2006M07;2,04
27 Lugo;2006M06;1,51
27 Lugo;2006M05;1,51
27 Lugo;2006M04;2,08
27 Lugo;2006M03;1,63
27 Lugo;2006M02;1,56
27 Lugo;2006M01;1,66
27 Lugo;2005M12;1,96
27 Lugo;2005M11;1,59
27 Lugo;2005M10;1,67
27 Lugo;2005M09;1,75
27 Lugo;2005M08;2,44
27 Lugo;2005M07;1,93
27 Lugo;2005M06;1,49
27 Lugo;2005M05;1,52
27 Lugo;2005M04;1,58
27 Lugo;2005M03;2,02
27 Lugo;2005M02;1,49
27 Lugo;2005M01;1,75
28 Madrid;2026M06;1,75
28 Madrid;2026M05;1,7
28 Madrid;2026M04;1,91
28 Madrid;2026M03;1,8
28 Madrid;2026M02;1,84
28 Madrid;2026M01;1,71
28 Madrid;2025M12;1,76
28 Madrid;2025M11;1,6
28 Madrid;2025M10;1,83
28 Madrid;2025M09;1,75
28 Madrid;2025M08;2,29
28 Madrid;2025M07;1,9
28 Madrid;2025M06;1,75
28 Madrid;2025M05;1,96
28 Madrid;2025M04;1,77
28 Madrid;2025M03;1,62
28 Madrid;2025M02;1,49
28 Madrid;2025M01;1,51
28 Madrid;2024M12;1,94
28 Madrid;2024M11;1,84
28 Madrid;2024M10;1,82
28 Madrid;2024M09;1,8
28 Madrid;2024M08;2,42
28 Madrid;2024M07;2,22
28 Madrid;2024M06;1,93
28 Madrid;2024M05;1,75
28 Madrid;2024M04;1,77
28 Madrid;2024M03;1,86
28 Madrid;2024M02;1,81
28 Madrid;2024M01;1,85
28 Madrid;2023M12;1,99
28 Madrid;2023M11;1,65
28 Madrid;2023M10;1,77
28 Madrid;2023M09;1,63
28 Madrid;2023M08;2,21
28 Madrid;2023M07;1,87
28 Madrid;2023M06;1,86
28 Madrid;2023M05;1,88
28 Madrid;2023M04;1,98
28 Madrid;2023M03;1,79
28 Madrid;2023M02;1,73
28 Madrid;2023M01;1,88
28 Madrid;2022M12;2,13
28 Madrid;2022M11;1,82
28 Madrid;2022M10;1,79
28 Madrid;2022M09;1,77
28 Madrid;2022M08;2,53
28 Madrid;2022M07;2,09
28 Madrid;2022M06;1,93
28 Madrid;2022M05;1,95
28 Madrid;2022M04;1,89
28 Madrid;2022M03;1,77
28 Madrid;2022M02;1,81
28 Madrid;2022M01;1,86
28 Madrid;2021M12;1,98
28 Madrid;2021M11;1,84
28 Madrid;2021M10;2,05
28 Madrid;2021M09;2,12
28 Madrid;2021M08;2,82
28 Madrid;2021M07;2,37
28 Madrid;2021M06;1,94
28 Madrid;2021M05;1,98
28 Madrid;2021M04;1,86
28 Madrid;2021M03;2
28 Madrid;2021M02;1,78
28 Madrid;2021M01;1,83
28 Madrid;2020M12;1,88
28 Madrid;2020M11;2
28 Madrid;2020M10;1,82
28 Madrid;2020M09;1,89
28 Madrid;2020M08;2,47
28 Madrid;2020M07;2,34
28 Madrid;2020M06;1,98
28 Madrid;2020M05;2,54
28 Madrid;2020M04;.
28 Madrid;2020M03;1,97
28 Madrid;2020M02;1,68
28 Madrid;2020M01;1,8
28 Madrid;2019M12;1,81
28 Madrid;2019M11;1,62
28 Madrid;2019M10;1,65
28 Madrid;2019M09;1,61
28 Madrid;2019M08;2,09
28 Madrid;2019M07;1,91
28 Madrid;2019M06;1,73
28 Madrid;2019M05;1,57
28 Madrid;2019M04;1,93
28 Madrid;2019M03;1,6
28 Madrid;2019M02;1,67
28 Madrid;2019M01;1,77
28 Madrid;2018M12;1,88
28 Madrid;2018M11;1,85
28 Madrid;2018M10;1,88
28 Madrid;2018M09;1,82
28 Madrid;2018M08;2,48
28 Madrid;2018M07;1,97
28 Madrid;2018M06;1,69
28 Madrid;2018M05;1,8
28 Madrid;2018M04;1,86
28 Madrid;2018M03;1,91
28 Madrid;2018M02;1,76
28 Madrid;2018M01;1,82
28 Madrid;2017M12;1,95
28 Madrid;2017M11;1,91
28 Madrid;2017M10;1,92
28 Madrid;2017M09;1,67
28 Madrid;2017M08;2,55
28 Madrid;2017M07;2,01
28 Madrid;2017M06;1,77
28 Madrid;2017M05;1,7
28 Madrid;2017M04;2
28 Madrid;2017M03;1,82
28 Madrid;2017M02;1,66
28 Madrid;2017M01;1,92
28 Madrid;2016M12;1,78
28 Madrid;2016M11;1,8
28 Madrid;2016M10;1,68
28 Madrid;2016M09;1,66
28 Madrid;2016M08;2,63
28 Madrid;2016M07;1,9
28 Madrid;2016M06;1,69
28 Madrid;2016M05;1,73
28 Madrid;2016M04;1,7
28 Madrid;2016M03;1,75
28 Madrid;2016M02;1,62
28 Madrid;2016M01;1,88
28 Madrid;2015M12;1,92
28 Madrid;2015M11;1,76
28 Madrid;2015M10;1,73
28 Madrid;2015M09;1,63
28 Madrid;2015M08;2,35
28 Madrid;2015M07;2
28 Madrid;2015M06;1,56
28 Madrid;2015M05;1,82
28 Madrid;2015M04;1,87
28 Madrid;2015M03;1,74
28 Madrid;2015M02;1,69
28 Madrid;2015M01;1,89
28 Madrid;2014M12;1,76
28 Madrid;2014M11;1,61
28 Madrid;2014M10;1,59
28 Madrid;2014M09;1,53
28 Madrid;2014M08;2,11
28 Madrid;2014M07;1,8
28 Madrid;2014M06;1,55
28 Madrid;2014M05;1,55
28 Madrid;2014M04;1,79
28 Madrid;2014M03;1,56
28 Madrid;2014M02;1,64
28 Madrid;2014M01;1,61
28 Madrid;2013M12;1,71
28 Madrid;2013M11;1,6
28 Madrid;2013M10;1,6
28 Madrid;2013M09;1,52
28 Madrid;2013M08;2,23
28 Madrid;2013M07;1,93
28 Madrid;2013M06;1,56
28 Madrid;2013M05;1,6
28 Madrid;2013M04;1,67
28 Madrid;2013M03;1,74
28 Madrid;2013M02;1,46
28 Madrid;2013M01;1,63
28 Madrid;2012M12;1,68
28 Madrid;2012M11;1,78
28 Madrid;2012M10;2,1
28 Madrid;2012M09;1,75
28 Madrid;2012M08;2,39
28 Madrid;2012M07;2,26
28 Madrid;2012M06;1,6
28 Madrid;2012M05;1,66
28 Madrid;2012M04;1,93
28 Madrid;2012M03;1,56
28 Madrid;2012M02;1,65
28 Madrid;2012M01;1,78
28 Madrid;2011M12;2
28 Madrid;2011M11;1,91
28 Madrid;2011M10;1,93
28 Madrid;2011M09;1,88
28 Madrid;2011M08;2,55
28 Madrid;2011M07;1,97
28 Madrid;2011M06;1,68
28 Madrid;2011M05;1,61
28 Madrid;2011M04;1,92
28 Madrid;2011M03;1,62
28 Madrid;2011M02;1,68
28 Madrid;2011M01;1,73
28 Madrid;2010M12;2,1
28 Madrid;2010M11;1,71
28 Madrid;2010M10;1,76
28 Madrid;2010M09;1,74
28 Madrid;2010M08;3,51
28 Madrid;2010M07;2,34
28 Madrid;2010M06;1,73
28 Madrid;2010M05;1,69
28 Madrid;2010M04;2
28 Madrid;2010M03;1,8
28 Madrid;2010M02;1,91
28 Madrid;2010M01;1,96
28 Madrid;2009M12;1,93
28 Madrid;2009M11;1,67
28 Madrid;2009M10;1,7
28 Madrid;2009M09;1,98
28 Madrid;2009M08;2,75
28 Madrid;2009M07;2,05
28 Madrid;2009M06;1,74
28 Madrid;2009M05;1,58
28 Madrid;2009M04;2,21
28 Madrid;2009M03;1,87
28 Madrid;2009M02;1,61
28 Madrid;2009M01;1,83
28 Madrid;2008M12;1,74
28 Madrid;2008M11;1,77
28 Madrid;2008M10;1,49
28 Madrid;2008M09;1,58
28 Madrid;2008M08;2,65
28 Madrid;2008M07;1,84
28 Madrid;2008M06;1,69
28 Madrid;2008M05;1,93
28 Madrid;2008M04;1,64
28 Madrid;2008M03;2,22
28 Madrid;2008M02;1,68
28 Madrid;2008M01;1,75
28 Madrid;2007M12;1,83
28 Madrid;2007M11;1,83
28 Madrid;2007M10;1,81
28 Madrid;2007M09;1,55
28 Madrid;2007M08;2,68
28 Madrid;2007M07;1,93
28 Madrid;2007M06;1,6
28 Madrid;2007M05;1,67
28 Madrid;2007M04;2,18
28 Madrid;2007M03;1,64
28 Madrid;2007M02;1,69
28 Madrid;2007M01;1,75
28 Madrid;2006M12;1,95
28 Madrid;2006M11;1,77
28 Madrid;2006M10;1,9
28 Madrid;2006M09;1,67
28 Madrid;2006M08;2,48
28 Madrid;2006M07;2,01
28 Madrid;2006M06;1,71
28 Madrid;2006M05;2,01
28 Madrid;2006M04;2,21
28 Madrid;2006M03;1,82
28 Madrid;2006M02;1,85
28 Madrid;2006M01;2,03
28 Madrid;2005M12;2,06
28 Madrid;2005M11;1,87
28 Madrid;2005M10;1,89
28 Madrid;2005M09;1,9
28 Madrid;2005M08;3,13
28 Madrid;2005M07;2,03
28 Madrid;2005M06;1,68
28 Madrid;2005M05;1,97
28 Madrid;2005M04;1,71
28 Madrid;2005M03;2,53
28 Madrid;2005M02;2,17
28 Madrid;2005M01;2,06
29 Málaga;2026M06;6,19
29 Málaga;2026M05;5
29 Málaga;2026M04;4,43
29 Málaga;2026M03;2,85
29 Málaga;2026M02;2,69
29 Málaga;2026M01;3,63
29 Málaga;2025M12;4,13
29 Málaga;2025M11;4,45
29 Málaga;2025M10;6,95
29 Málaga;2025M09;4,91
29 Málaga;2025M08;5,96
29 Málaga;2025M07;5,34
29 Málaga;2025M06;5,77
29 Málaga;2025M05;6,93
29 Málaga;2025M04;4,45
29 Málaga;2025M03;4,95
29 Málaga;2025M02;6,02
29 Málaga;2025M01;1,9
29 Málaga;2024M12;4,43
29 Málaga;2024M11;4,09
29 Málaga;2024M10;4,88
29 Málaga;2024M09;5,08
29 Málaga;2024M08;6,14
29 Málaga;2024M07;6,42
29 Málaga;2024M06;5,68
29 Málaga;2024M05;5,12
29 Málaga;2024M04;5,29
29 Málaga;2024M03;5
29 Málaga;2024M02;4,14
29 Málaga;2024M01;4,35
29 Málaga;2023M12;2,9
29 Málaga;2023M11;3,16
29 Málaga;2023M10;4,26
29 Málaga;2023M09;4,1
29 Málaga;2023M08;5,32
29 Málaga;2023M07;4,96
29 Málaga;2023M06;3,73
29 Málaga;2023M05;3,35
29 Málaga;2023M04;3,44
29 Málaga;2023M03;3,01
29 Málaga;2023M02;3,86
29 Málaga;2023M01;3,7
29 Málaga;2022M12;2,83
29 Málaga;2022M11;3,07
29 Málaga;2022M10;3,87
29 Málaga;2022M09;4,2
29 Málaga;2022M08;5,24
29 Málaga;2022M07;5,5
29 Málaga;2022M06;4,3
29 Málaga;2022M05;3,31
29 Málaga;2022M04;3,84
29 Málaga;2022M03;3,9
29 Málaga;2022M02;3,34
29 Málaga;2022M01;4,43
29 Málaga;2021M12;3,57
29 Málaga;2021M11;4,06
29 Málaga;2021M10;3,72
29 Málaga;2021M09;4,81
29 Málaga;2021M08;5,42
29 Málaga;2021M07;4,92
29 Málaga;2021M06;3,38
29 Málaga;2021M05;2,77
29 Málaga;2021M04;3,15
29 Málaga;2021M03;3,39
29 Málaga;2021M02;10,55
29 Málaga;2021M01;6,08
29 Málaga;2020M12;3,47
29 Málaga;2020M11;6,19
29 Málaga;2020M10;3,35
29 Málaga;2020M09;4,32
29 Málaga;2020M08;5,8
29 Málaga;2020M07;5,05
29 Málaga;2020M06;2,93
29 Málaga;2020M05;3
29 Málaga;2020M04;.
29 Málaga;2020M03;7,17
29 Málaga;2020M02;4,55
29 Málaga;2020M01;3,43
29 Málaga;2019M12;3,26
29 Málaga;2019M11;2,83
29 Málaga;2019M10;5,05
29 Málaga;2019M09;5,61
29 Málaga;2019M08;6,54
29 Málaga;2019M07;6,27
29 Málaga;2019M06;5,62
29 Málaga;2019M05;5,43
29 Málaga;2019M04;5,01
29 Málaga;2019M03;4,18
29 Málaga;2019M02;3,38
29 Málaga;2019M01;4,55
29 Málaga;2018M12;3,44
29 Málaga;2018M11;3,55
29 Málaga;2018M10;5,1
29 Málaga;2018M09;6,17
29 Málaga;2018M08;7,44
29 Málaga;2018M07;6,52
29 Málaga;2018M06;5,67
29 Málaga;2018M05;5,54
29 Málaga;2018M04;4,84
29 Málaga;2018M03;4,14
29 Málaga;2018M02;3,98
29 Málaga;2018M01;3,29
29 Málaga;2017M12;3,02
29 Málaga;2017M11;2,67
29 Málaga;2017M10;5,31
29 Málaga;2017M09;5,18
29 Málaga;2017M08;6,59
29 Málaga;2017M07;6,24
29 Málaga;2017M06;5,29
29 Málaga;2017M05;5,17
29 Málaga;2017M04;5,01
29 Málaga;2017M03;3,28
29 Málaga;2017M02;3,47
29 Málaga;2017M01;4,58
29 Málaga;2016M12;3,5
29 Málaga;2016M11;2,56
29 Málaga;2016M10;4,91
29 Málaga;2016M09;5,5
29 Málaga;2016M08;6,81
29 Málaga;2016M07;6,06
29 Málaga;2016M06;4,6
29 Málaga;2016M05;4,37
29 Málaga;2016M04;3,91
29 Málaga;2016M03;3,73
29 Málaga;2016M02;3,11
29 Málaga;2016M01;4,98
29 Málaga;2015M12;3,06
29 Málaga;2015M11;4,26
29 Málaga;2015M10;4,71
29 Málaga;2015M09;5,4
29 Málaga;2015M08;7,62
29 Málaga;2015M07;6,33
29 Málaga;2015M06;5,6
29 Málaga;2015M05;4,91
29 Málaga;2015M04;5,36
29 Málaga;2015M03;5,4
29 Málaga;2015M02;3,89
29 Málaga;2015M01;5,37
29 Málaga;2014M12;4,21
29 Málaga;2014M11;6,14
29 Málaga;2014M10;6,6
29 Málaga;2014M09;6,57
29 Málaga;2014M08;6,94
29 Málaga;2014M07;6,23
29 Málaga;2014M06;6,03
29 Málaga;2014M05;6,48
29 Málaga;2014M04;5,83
29 Málaga;2014M03;6,47
29 Málaga;2014M02;5,8
29 Málaga;2014M01;7,08
29 Málaga;2013M12;3,89
29 Málaga;2013M11;4,75
29 Málaga;2013M10;4,8
29 Málaga;2013M09;4,9
29 Málaga;2013M08;6,76
29 Málaga;2013M07;5,81
29 Málaga;2013M06;5,07
29 Málaga;2013M05;5,61
29 Málaga;2013M04;5,3
29 Málaga;2013M03;5,21
29 Málaga;2013M02;5,41
29 Málaga;2013M01;7,64
29 Málaga;2012M12;4,04
29 Málaga;2012M11;7,2
29 Málaga;2012M10;6,09
29 Málaga;2012M09;6,84
29 Málaga;2012M08;6,82
29 Málaga;2012M07;7,89
29 Málaga;2012M06;6,97
29 Málaga;2012M05;7,33
29 Málaga;2012M04;6,82
29 Málaga;2012M03;9,56
29 Málaga;2012M02;6,43
29 Málaga;2012M01;7,22
29 Málaga;2011M12;3,28
29 Málaga;2011M11;3,55
29 Málaga;2011M10;3,15
29 Málaga;2011M09;5,53
29 Málaga;2011M08;8,74
29 Málaga;2011M07;5,06
29 Málaga;2011M06;4,04
29 Málaga;2011M05;4,28
29 Málaga;2011M04;3,92
29 Málaga;2011M03;4,63
29 Málaga;2011M02;4,74
29 Málaga;2011M01;4,08
29 Málaga;2010M12;3,35
29 Málaga;2010M11;3,51
29 Málaga;2010M10;2,75
29 Málaga;2010M09;4,48
29 Málaga;2010M08;7,65
29 Málaga;2010M07;5,07
29 Málaga;2010M06;2,88
29 Málaga;2010M05;4,68
29 Málaga;2010M04;4,45
29 Málaga;2010M03;2,76
29 Málaga;2010M02;2,96
29 Málaga;2010M01;3,07
29 Málaga;2009M12;3,5
29 Málaga;2009M11;3,42
29 Málaga;2009M10;2,94
29 Málaga;2009M09;3,73
29 Málaga;2009M08;7,46
29 Málaga;2009M07;4,82
29 Málaga;2009M06;3,68
29 Málaga;2009M05;3,66
29 Málaga;2009M04;3,13
29 Málaga;2009M03;2,43
29 Málaga;2009M02;2,87
29 Málaga;2009M01;4,99
29 Málaga;2008M12;2,92
29 Málaga;2008M11;2,78
29 Málaga;2008M10;3,97
29 Málaga;2008M09;3,65
29 Málaga;2008M08;8,42
29 Málaga;2008M07;6,44
29 Málaga;2008M06;3,48
29 Málaga;2008M05;4,05
29 Málaga;2008M04;8,46
29 Málaga;2008M03;3,89
29 Málaga;2008M02;3,05
29 Málaga;2008M01;3,95
29 Málaga;2007M12;4,15
29 Málaga;2007M11;2,93
29 Málaga;2007M10;4,08
29 Málaga;2007M09;4,71
29 Málaga;2007M08;6,24
29 Málaga;2007M07;5,53
29 Málaga;2007M06;3,77
29 Málaga;2007M05;3,36
29 Málaga;2007M04;3,85
29 Málaga;2007M03;2,82
29 Málaga;2007M02;3,08
29 Málaga;2007M01;4,14
29 Málaga;2006M12;3,29
29 Málaga;2006M11;2,47
29 Málaga;2006M10;3,44
29 Málaga;2006M09;3,95
29 Málaga;2006M08;8,04
29 Málaga;2006M07;4,11
29 Málaga;2006M06;4,07
29 Málaga;2006M05;3,72
29 Málaga;2006M04;4,79
29 Málaga;2006M03;3,29
29 Málaga;2006M02;3,13
29 Málaga;2006M01;3,38
29 Málaga;2005M12;3,18
29 Málaga;2005M11;3,21
29 Málaga;2005M10;5,14
29 Málaga;2005M09;5,21
29 Málaga;2005M08;9,35
29 Málaga;2005M07;6,73
29 Málaga;2005M06;3,61
29 Málaga;2005M05;4,36
29 Málaga;2005M04;4,72
29 Málaga;2005M03;2,99
29 Málaga;2005M02;3,21
29 Málaga;2005M01;3,32
30 Murcia;2026M06;2,16
30 Murcia;2026M05;2,28
30 Murcia;2026M04;2,52
30 Murcia;2026M03;2,19
30 Murcia;2026M02;1,99
30 Murcia;2026M01;2,09
30 Murcia;2025M12;2,17
30 Murcia;2025M11;2,28
30 Murcia;2025M10;2,19
30 Murcia;2025M09;2,23
30 Murcia;2025M08;4,59
30 Murcia;2025M07;3,36
30 Murcia;2025M06;2,38
30 Murcia;2025M05;2,22
30 Murcia;2025M04;2,41
30 Murcia;2025M03;2,29
30 Murcia;2025M02;1,94
30 Murcia;2025M01;2,26
30 Murcia;2024M12;2,88
30 Murcia;2024M11;2,58
30 Murcia;2024M10;2,72
30 Murcia;2024M09;3,08
30 Murcia;2024M08;5,44
30 Murcia;2024M07;4,08
30 Murcia;2024M06;2,46
30 Murcia;2024M05;2,85
30 Murcia;2024M04;2,6
30 Murcia;2024M03;2,65
30 Murcia;2024M02;2,49
30 Murcia;2024M01;2,46
30 Murcia;2023M12;2,63
30 Murcia;2023M11;2,19
30 Murcia;2023M10;2,33
30 Murcia;2023M09;2,54
30 Murcia;2023M08;5,98
30 Murcia;2023M07;3,9
30 Murcia;2023M06;2,18
30 Murcia;2023M05;2,48
30 Murcia;2023M04;2,73
30 Murcia;2023M03;2,21
30 Murcia;2023M02;2,4
30 Murcia;2023M01;2,31
30 Murcia;2022M12;2,14
30 Murcia;2022M11;1,9
30 Murcia;2022M10;2,2
30 Murcia;2022M09;2,55
30 Murcia;2022M08;5,78
30 Murcia;2022M07;4,41
30 Murcia;2022M06;2,47
30 Murcia;2022M05;2,36
30 Murcia;2022M04;2,41
30 Murcia;2022M03;2,24
30 Murcia;2022M02;2,32
30 Murcia;2022M01;2,59
30 Murcia;2021M12;2,33
30 Murcia;2021M11;2,04
30 Murcia;2021M10;2,25
30 Murcia;2021M09;2,1
30 Murcia;2021M08;4,31
30 Murcia;2021M07;3,33
30 Murcia;2021M06;2,25
30 Murcia;2021M05;1,9
30 Murcia;2021M04;2,03
30 Murcia;2021M03;2,1
30 Murcia;2021M02;1,74
30 Murcia;2021M01;2,17
30 Murcia;2020M12;1,91
30 Murcia;2020M11;2
30 Murcia;2020M10;2,04
30 Murcia;2020M09;2,29
30 Murcia;2020M08;4,51
30 Murcia;2020M07;3,28
30 Murcia;2020M06;2,47
30 Murcia;2020M05;4,35
30 Murcia;2020M04;.
30 Murcia;2020M03;1,89
30 Murcia;2020M02;1,84
30 Murcia;2020M01;1,8
30 Murcia;2019M12;2,35
30 Murcia;2019M11;1,82
30 Murcia;2019M10;1,75
30 Murcia;2019M09;2,08
30 Murcia;2019M08;3,26
30 Murcia;2019M07;2,42
30 Murcia;2019M06;2,02
30 Murcia;2019M05;2
30 Murcia;2019M04;2,33
30 Murcia;2019M03;1,9
30 Murcia;2019M02;1,87
30 Murcia;2019M01;2,22
30 Murcia;2018M12;2,85
30 Murcia;2018M11;2,15
30 Murcia;2018M10;2,21
30 Murcia;2018M09;2,27
30 Murcia;2018M08;3,91
30 Murcia;2018M07;2,76
30 Murcia;2018M06;2
30 Murcia;2018M05;2,07
30 Murcia;2018M04;2,02
30 Murcia;2018M03;2,2
30 Murcia;2018M02;1,97
30 Murcia;2018M01;2,08
30 Murcia;2017M12;2,65
30 Murcia;2017M11;2,04
30 Murcia;2017M10;2,04
30 Murcia;2017M09;2,07
30 Murcia;2017M08;3,78
30 Murcia;2017M07;2,48
30 Murcia;2017M06;2,1
30 Murcia;2017M05;2,07
30 Murcia;2017M04;2,49
30 Murcia;2017M03;1,95
30 Murcia;2017M02;2,05
30 Murcia;2017M01;1,96
30 Murcia;2016M12;2,12
30 Murcia;2016M11;1,92
30 Murcia;2016M10;2,15
30 Murcia;2016M09;2,21
30 Murcia;2016M08;3,84
30 Murcia;2016M07;2,81
30 Murcia;2016M06;2,22
30 Murcia;2016M05;2,23
30 Murcia;2016M04;1,82
30 Murcia;2016M03;2,45
30 Murcia;2016M02;2,06
30 Murcia;2016M01;2,99
30 Murcia;2015M12;2,59
30 Murcia;2015M11;2,21
30 Murcia;2015M10;2,08
30 Murcia;2015M09;2,23
30 Murcia;2015M08;4,94
30 Murcia;2015M07;2,86
30 Murcia;2015M06;2,16
30 Murcia;2015M05;2,04
30 Murcia;2015M04;2,23
30 Murcia;2015M03;1,73
30 Murcia;2015M02;1,66
30 Murcia;2015M01;2,18
30 Murcia;2014M12;2,44
30 Murcia;2014M11;1,91
30 Murcia;2014M10;1,72
30 Murcia;2014M09;1,97
30 Murcia;2014M08;3,54
30 Murcia;2014M07;2,65
30 Murcia;2014M06;1,78
30 Murcia;2014M05;2,09
30 Murcia;2014M04;2,3
30 Murcia;2014M03;1,73
30 Murcia;2014M02;1,58
30 Murcia;2014M01;1,83
30 Murcia;2013M12;2,26
30 Murcia;2013M11;1,9
30 Murcia;2013M10;1,82
30 Murcia;2013M09;1,96
30 Murcia;2013M08;4,51
30 Murcia;2013M07;2,39
30 Murcia;2013M06;1,75
30 Murcia;2013M05;1,87
30 Murcia;2013M04;1,92
30 Murcia;2013M03;2,24
30 Murcia;2013M02;1,92
30 Murcia;2013M01;2,05
30 Murcia;2012M12;2,52
30 Murcia;2012M11;2,17
30 Murcia;2012M10;2,08
30 Murcia;2012M09;1,96
30 Murcia;2012M08;5,37
30 Murcia;2012M07;3,29
30 Murcia;2012M06;1,85
30 Murcia;2012M05;2,11
30 Murcia;2012M04;2,31
30 Murcia;2012M03;2,22
30 Murcia;2012M02;2,19
30 Murcia;2012M01;2,62
30 Murcia;2011M12;2,22
30 Murcia;2011M11;2,84
30 Murcia;2011M10;3,19
30 Murcia;2011M09;2,41
30 Murcia;2011M08;5,88
30 Murcia;2011M07;3,45
30 Murcia;2011M06;2,02
30 Murcia;2011M05;2,29
30 Murcia;2011M04;3,01
30 Murcia;2011M03;2,32
30 Murcia;2011M02;2,42
30 Murcia;2011M01;1,66
30 Murcia;2010M12;2,33
30 Murcia;2010M11;1,93
30 Murcia;2010M10;2,38
30 Murcia;2010M09;2,38
30 Murcia;2010M08;4,03
30 Murcia;2010M07;3,86
30 Murcia;2010M06;2,17
30 Murcia;2010M05;2,27
30 Murcia;2010M04;2,62
30 Murcia;2010M03;2,03
30 Murcia;2010M02;2,09
30 Murcia;2010M01;2,6
30 Murcia;2009M12;2,58
30 Murcia;2009M11;2,13
30 Murcia;2009M10;2,61
30 Murcia;2009M09;2,86
30 Murcia;2009M08;6,4
30 Murcia;2009M07;3,47
30 Murcia;2009M06;2,29
30 Murcia;2009M05;3,65
30 Murcia;2009M04;3,4
30 Murcia;2009M03;2,23
30 Murcia;2009M02;2,08
30 Murcia;2009M01;3,68
30 Murcia;2008M12;2,59
30 Murcia;2008M11;2,3
30 Murcia;2008M10;2,63
30 Murcia;2008M09;2,33
30 Murcia;2008M08;6,64
30 Murcia;2008M07;4,98
30 Murcia;2008M06;2,46
30 Murcia;2008M05;3,2
30 Murcia;2008M04;2,51
30 Murcia;2008M03;3,69
30 Murcia;2008M02;2,03
30 Murcia;2008M01;3,59
30 Murcia;2007M12;3,39
30 Murcia;2007M11;2,22
30 Murcia;2007M10;2,5
30 Murcia;2007M09;3,25
30 Murcia;2007M08;7,52
30 Murcia;2007M07;4,45
30 Murcia;2007M06;2,21
30 Murcia;2007M05;2,3
30 Murcia;2007M04;2,94
30 Murcia;2007M03;2,17
30 Murcia;2007M02;2,31
30 Murcia;2007M01;2,12
30 Murcia;2006M12;3,56
30 Murcia;2006M11;2,22
30 Murcia;2006M10;2,47
30 Murcia;2006M09;3,6
30 Murcia;2006M08;8,65
30 Murcia;2006M07;5,93
30 Murcia;2006M06;2,79
30 Murcia;2006M05;2,44
30 Murcia;2006M04;3,33
30 Murcia;2006M03;2,12
30 Murcia;2006M02;2,05
30 Murcia;2006M01;2,65
30 Murcia;2005M12;2,6
30 Murcia;2005M11;2,23
30 Murcia;2005M10;2,16
30 Murcia;2005M09;2,08
30 Murcia;2005M08;10,11
30 Murcia;2005M07;5,04
30 Murcia;2005M06;2,28
30 Murcia;2005M05;3,34
30 Murcia;2005M04;2,11
30 Murcia;2005M03;3,05
30 Murcia;2005M02;2,37
30 Murcia;2005M01;3,23
31 Navarra;2026M06;2,71
31 Navarra;2026M05;2,18
31 Navarra;2026M04;2,68
31 Navarra;2026M03;2,48
31 Navarra;2026M02;2,22
31 Navarra;2026M01;2,61
31 Navarra;2025M12;2,88
31 Navarra;2025M11;2,26
31 Navarra;2025M10;2,45
31 Navarra;2025M09;2,63
31 Navarra;2025M08;4,76
31 Navarra;2025M07;3,98
31 Navarra;2025M06;2,29
31 Navarra;2025M05;2,34
31 Navarra;2025M04;2,5
31 Navarra;2025M03;1,99
31 Navarra;2025M02;2,86
31 Navarra;2025M01;2,3
31 Navarra;2024M12;3,01
31 Navarra;2024M11;2,26
31 Navarra;2024M10;2,2
31 Navarra;2024M09;2,49
31 Navarra;2024M08;3,55
31 Navarra;2024M07;3,11
31 Navarra;2024M06;2,21
31 Navarra;2024M05;1,82
31 Navarra;2024M04;1,82
31 Navarra;2024M03;2,78
31 Navarra;2024M02;2,27
31 Navarra;2024M01;2,36
31 Navarra;2023M12;3,1
31 Navarra;2023M11;2,59
31 Navarra;2023M10;2,36
31 Navarra;2023M09;2,29
31 Navarra;2023M08;3,59
31 Navarra;2023M07;3,07
31 Navarra;2023M06;2,57
31 Navarra;2023M05;2,65
31 Navarra;2023M04;2,53
31 Navarra;2023M03;2,43
31 Navarra;2023M02;2,52
31 Navarra;2023M01;2,75
31 Navarra;2022M12;2,99
31 Navarra;2022M11;2,62
31 Navarra;2022M10;2,74
31 Navarra;2022M09;2,81
31 Navarra;2022M08;5,11
31 Navarra;2022M07;3,86
31 Navarra;2022M06;2,71
31 Navarra;2022M05;2,62
31 Navarra;2022M04;3,27
31 Navarra;2022M03;2,96
31 Navarra;2022M02;3,09
31 Navarra;2022M01;3,05
31 Navarra;2021M12;3,85
31 Navarra;2021M11;3,92
31 Navarra;2021M10;3,27
31 Navarra;2021M09;3,4
31 Navarra;2021M08;5,47
31 Navarra;2021M07;4,15
31 Navarra;2021M06;3,22
31 Navarra;2021M05;3,56
31 Navarra;2021M04;3,77
31 Navarra;2021M03;3,56
31 Navarra;2021M02;3,99
31 Navarra;2021M01;3,99
31 Navarra;2020M12;3,68
31 Navarra;2020M11;5,26
31 Navarra;2020M10;3,69
31 Navarra;2020M09;3,43
31 Navarra;2020M08;5,81
31 Navarra;2020M07;4,33
31 Navarra;2020M06;2,71
31 Navarra;2020M05;2,8
31 Navarra;2020M04;.
31 Navarra;2020M03;3,11
31 Navarra;2020M02;2,29
31 Navarra;2020M01;2,77
31 Navarra;2019M12;3,07
31 Navarra;2019M11;2,4
31 Navarra;2019M10;2,31
31 Navarra;2019M09;2,9
31 Navarra;2019M08;5,81
31 Navarra;2019M07;4,06
31 Navarra;2019M06;2,63
31 Navarra;2019M05;2,52
31 Navarra;2019M04;3,53
31 Navarra;2019M03;2,36
31 Navarra;2019M02;2,57
31 Navarra;2019M01;2,48
31 Navarra;2018M12;3,06
31 Navarra;2018M11;2,4
31 Navarra;2018M10;2,48
31 Navarra;2018M09;2,46
31 Navarra;2018M08;5,41
31 Navarra;2018M07;4,28
31 Navarra;2018M06;2,44
31 Navarra;2018M05;2,04
31 Navarra;2018M04;2,42
31 Navarra;2018M03;2,91
31 Navarra;2018M02;2,82
31 Navarra;2018M01;2,65
31 Navarra;2017M12;2,91
31 Navarra;2017M11;2,08
31 Navarra;2017M10;2,35
31 Navarra;2017M09;1,89
31 Navarra;2017M08;5,09
31 Navarra;2017M07;3,71
31 Navarra;2017M06;2,13
31 Navarra;2017M05;1,9
31 Navarra;2017M04;2,7
31 Navarra;2017M03;2,04
31 Navarra;2017M02;2,11
31 Navarra;2017M01;2,96
31 Navarra;2016M12;2,79
31 Navarra;2016M11;2,14
31 Navarra;2016M10;2,27
31 Navarra;2016M09;1,92
31 Navarra;2016M08;4,46
31 Navarra;2016M07;3,18
31 Navarra;2016M06;1,82
31 Navarra;2016M05;1,76
31 Navarra;2016M04;2,05
31 Navarra;2016M03;2,78
31 Navarra;2016M02;2,09
31 Navarra;2016M01;2,75
31 Navarra;2015M12;2,83
31 Navarra;2015M11;2,31
31 Navarra;2015M10;2,27
31 Navarra;2015M09;1,87
31 Navarra;2015M08;4,67
31 Navarra;2015M07;3,53
31 Navarra;2015M06;1,84
31 Navarra;2015M05;1,85
31 Navarra;2015M04;2,46
31 Navarra;2015M03;2,16
31 Navarra;2015M02;2,09
31 Navarra;2015M01;2,68
31 Navarra;2014M12;2,68
31 Navarra;2014M11;2
31 Navarra;2014M10;1,93
31 Navarra;2014M09;2,25
31 Navarra;2014M08;4,42
31 Navarra;2014M07;3,26
31 Navarra;2014M06;1,95
31 Navarra;2014M05;1,97
31 Navarra;2014M04;2,77
31 Navarra;2014M03;1,98
31 Navarra;2014M02;2,14
31 Navarra;2014M01;2,11
31 Navarra;2013M12;2,62
31 Navarra;2013M11;2,28
31 Navarra;2013M10;2,14
31 Navarra;2013M09;2,42
31 Navarra;2013M08;5,5
31 Navarra;2013M07;3,98
31 Navarra;2013M06;2,1
31 Navarra;2013M05;2,07
31 Navarra;2013M04;2,16
31 Navarra;2013M03;3,24
31 Navarra;2013M02;2,27
31 Navarra;2013M01;2,77
31 Navarra;2012M12;2,78
31 Navarra;2012M11;3,2
31 Navarra;2012M10;2,35
31 Navarra;2012M09;2,66
31 Navarra;2012M08;5,11
31 Navarra;2012M07;3,99
31 Navarra;2012M06;1,96
31 Navarra;2012M05;2,11
31 Navarra;2012M04;2,77
31 Navarra;2012M03;2,27
31 Navarra;2012M02;2,75
31 Navarra;2012M01;2,81
31 Navarra;2011M12;3,31
31 Navarra;2011M11;2,34
31 Navarra;2011M10;2,33
31 Navarra;2011M09;2,42
31 Navarra;2011M08;6,26
31 Navarra;2011M07;4,38
31 Navarra;2011M06;2,01
31 Navarra;2011M05;2,01
31 Navarra;2011M04;3,33
31 Navarra;2011M03;2,31
31 Navarra;2011M02;2,22
31 Navarra;2011M01;2,8
31 Navarra;2010M12;3,73
31 Navarra;2010M11;2,1
31 Navarra;2010M10;2,76
31 Navarra;2010M09;2,44
31 Navarra;2010M08;7,14
31 Navarra;2010M07;4,04
31 Navarra;2010M06;2,33
31 Navarra;2010M05;1,93
31 Navarra;2010M04;3,33
31 Navarra;2010M03;2,24
31 Navarra;2010M02;2,04
31 Navarra;2010M01;2,45
31 Navarra;2009M12;2,91
31 Navarra;2009M11;2,15
31 Navarra;2009M10;2,46
31 Navarra;2009M09;3,11
31 Navarra;2009M08;7,23
31 Navarra;2009M07;3,84
31 Navarra;2009M06;2,51
31 Navarra;2009M05;2,74
31 Navarra;2009M04;3,06
31 Navarra;2009M03;2,76
31 Navarra;2009M02;2,22
31 Navarra;2009M01;3,43
31 Navarra;2008M12;2,94
31 Navarra;2008M11;2,13
31 Navarra;2008M10;2,39
31 Navarra;2008M09;3,1
31 Navarra;2008M08;6,55
31 Navarra;2008M07;4,5
31 Navarra;2008M06;2,32
31 Navarra;2008M05;2,75
31 Navarra;2008M04;2,5
31 Navarra;2008M03;3,86
31 Navarra;2008M02;2,21
31 Navarra;2008M01;3,02
31 Navarra;2007M12;3,64
31 Navarra;2007M11;3,11
31 Navarra;2007M10;2,51
31 Navarra;2007M09;3,16
31 Navarra;2007M08;5,69
31 Navarra;2007M07;4,07
31 Navarra;2007M06;2,15
31 Navarra;2007M05;2,15
31 Navarra;2007M04;3,45
31 Navarra;2007M03;2,28
31 Navarra;2007M02;2,31
31 Navarra;2007M01;2,32
31 Navarra;2006M12;3,48
31 Navarra;2006M11;2,51
31 Navarra;2006M10;2,74
31 Navarra;2006M09;2,76
31 Navarra;2006M08;8,68
31 Navarra;2006M07;4,94
31 Navarra;2006M06;2,49
31 Navarra;2006M05;2,25
31 Navarra;2006M04;2,82
31 Navarra;2006M03;2,3
31 Navarra;2006M02;2,96
31 Navarra;2006M01;2,66
31 Navarra;2005M12;3,41
31 Navarra;2005M11;2,31
31 Navarra;2005M10;2,99
31 Navarra;2005M09;3,29
31 Navarra;2005M08;8,75
31 Navarra;2005M07;5,92
31 Navarra;2005M06;2,93
31 Navarra;2005M05;2,97
31 Navarra;2005M04;2,39
31 Navarra;2005M03;3,58
31 Navarra;2005M02;2,51
31 Navarra;2005M01;3,85
32 Ourense;2026M06;1,64
32 Ourense;2026M05;1,56
32 Ourense;2026M04;1,63
32 Ourense;2026M03;1,48
32 Ourense;2026M02;1,4
32 Ourense;2026M01;1,35
32 Ourense;2025M12;1,5
32 Ourense;2025M11;1,53
32 Ourense;2025M10;1,71
32 Ourense;2025M09;2,02
32 Ourense;2025M08;2,43
32 Ourense;2025M07;2,12
32 Ourense;2025M06;1,76
32 Ourense;2025M05;1,78
32 Ourense;2025M04;1,82
32 Ourense;2025M03;1,47
32 Ourense;2025M02;1,34
32 Ourense;2025M01;1,48
32 Ourense;2024M12;1,61
32 Ourense;2024M11;1,47
32 Ourense;2024M10;1,87
32 Ourense;2024M09;1,94
32 Ourense;2024M08;2,54
32 Ourense;2024M07;2,11
32 Ourense;2024M06;1,78
32 Ourense;2024M05;1,65
32 Ourense;2024M04;1,51
32 Ourense;2024M03;1,65
32 Ourense;2024M02;1,48
32 Ourense;2024M01;1,53
32 Ourense;2023M12;1,72
32 Ourense;2023M11;1,5
32 Ourense;2023M10;1,63
32 Ourense;2023M09;1,68
32 Ourense;2023M08;2,15
32 Ourense;2023M07;1,99
32 Ourense;2023M06;1,59
32 Ourense;2023M05;1,41
32 Ourense;2023M04;1,78
32 Ourense;2023M03;1,46
32 Ourense;2023M02;1,45
32 Ourense;2023M01;1,44
32 Ourense;2022M12;1,77
32 Ourense;2022M11;1,49
32 Ourense;2022M10;1,7
32 Ourense;2022M09;1,85
32 Ourense;2022M08;2,39
32 Ourense;2022M07;1,98
32 Ourense;2022M06;1,68
32 Ourense;2022M05;1,57
32 Ourense;2022M04;1,99
32 Ourense;2022M03;1,5
32 Ourense;2022M02;1,5
32 Ourense;2022M01;1,42
32 Ourense;2021M12;1,7
32 Ourense;2021M11;1,73
32 Ourense;2021M10;1,77
32 Ourense;2021M09;1,84
32 Ourense;2021M08;2,41
32 Ourense;2021M07;2,23
32 Ourense;2021M06;1,67
32 Ourense;2021M05;1,58
32 Ourense;2021M04;1,58
32 Ourense;2021M03;1,6
32 Ourense;2021M02;1,87
32 Ourense;2021M01;1,59
32 Ourense;2020M12;1,5
32 Ourense;2020M11;.
32 Ourense;2020M10;1,9
32 Ourense;2020M09;1,83
32 Ourense;2020M08;2,32
32 Ourense;2020M07;2,1
32 Ourense;2020M06;1,49
32 Ourense;2020M05;.
32 Ourense;2020M04;.
32 Ourense;2020M03;1,45
32 Ourense;2020M02;1,71
32 Ourense;2020M01;1,44
32 Ourense;2019M12;1,72
32 Ourense;2019M11;1,58
32 Ourense;2019M10;1,61
32 Ourense;2019M09;1,77
32 Ourense;2019M08;2,24
32 Ourense;2019M07;1,94
32 Ourense;2019M06;1,63
32 Ourense;2019M05;1,68
32 Ourense;2019M04;1,95
32 Ourense;2019M03;1,62
32 Ourense;2019M02;1,54
32 Ourense;2019M01;1,45
32 Ourense;2018M12;1,78
32 Ourense;2018M11;1,61
32 Ourense;2018M10;1,67
32 Ourense;2018M09;1,61
32 Ourense;2018M08;2,15
32 Ourense;2018M07;1,91
32 Ourense;2018M06;1,61
32 Ourense;2018M05;1,48
32 Ourense;2018M04;1,72
32 Ourense;2018M03;1,72
32 Ourense;2018M02;1,67
32 Ourense;2018M01;1,44
32 Ourense;2017M12;1,86
32 Ourense;2017M11;1,48
32 Ourense;2017M10;1,66
32 Ourense;2017M09;1,57
32 Ourense;2017M08;2,21
32 Ourense;2017M07;1,8
32 Ourense;2017M06;1,63
32 Ourense;2017M05;1,72
32 Ourense;2017M04;1,78
32 Ourense;2017M03;1,47
32 Ourense;2017M02;1,57
32 Ourense;2017M01;1,46
32 Ourense;2016M12;1,65
32 Ourense;2016M11;1,48
32 Ourense;2016M10;1,58
32 Ourense;2016M09;1,67
32 Ourense;2016M08;1,95
32 Ourense;2016M07;1,93
32 Ourense;2016M06;1,48
32 Ourense;2016M05;1,47
32 Ourense;2016M04;1,39
32 Ourense;2016M03;1,67
32 Ourense;2016M02;1,34
32 Ourense;2016M01;1,37
32 Ourense;2015M12;1,59
32 Ourense;2015M11;1,54
32 Ourense;2015M10;1,52
32 Ourense;2015M09;1,46
32 Ourense;2015M08;2,06
32 Ourense;2015M07;1,86
32 Ourense;2015M06;1,44
32 Ourense;2015M05;1,52
32 Ourense;2015M04;1,57
32 Ourense;2015M03;1,38
32 Ourense;2015M02;1,48
32 Ourense;2015M01;1,61
32 Ourense;2014M12;1,8
32 Ourense;2014M11;1,56
32 Ourense;2014M10;1,52
32 Ourense;2014M09;1,78
32 Ourense;2014M08;2,19
32 Ourense;2014M07;2,07
32 Ourense;2014M06;1,67
32 Ourense;2014M05;1,68
32 Ourense;2014M04;1,9
32 Ourense;2014M03;1,88
32 Ourense;2014M02;1,49
32 Ourense;2014M01;1,84
32 Ourense;2013M12;1,97
32 Ourense;2013M11;1,8
32 Ourense;2013M10;1,94
32 Ourense;2013M09;1,78
32 Ourense;2013M08;2,18
32 Ourense;2013M07;1,85
32 Ourense;2013M06;1,42
32 Ourense;2013M05;1,69
32 Ourense;2013M04;1,54
32 Ourense;2013M03;1,82
32 Ourense;2013M02;1,53
32 Ourense;2013M01;1,42
32 Ourense;2012M12;1,47
32 Ourense;2012M11;1,54
32 Ourense;2012M10;1,58
32 Ourense;2012M09;1,62
32 Ourense;2012M08;2,22
32 Ourense;2012M07;1,79
32 Ourense;2012M06;1,49
32 Ourense;2012M05;1,62
32 Ourense;2012M04;1,96
32 Ourense;2012M03;1,45
32 Ourense;2012M02;1,4
32 Ourense;2012M01;1,34
32 Ourense;2011M12;1,67
32 Ourense;2011M11;1,45
32 Ourense;2011M10;1,48
32 Ourense;2011M09;1,68
32 Ourense;2011M08;2,55
32 Ourense;2011M07;2,22
32 Ourense;2011M06;1,84
32 Ourense;2011M05;1,82
32 Ourense;2011M04;1,77
32 Ourense;2011M03;1,61
32 Ourense;2011M02;1,46
32 Ourense;2011M01;1,73
32 Ourense;2010M12;1,94
32 Ourense;2010M11;1,66
32 Ourense;2010M10;1,8
32 Ourense;2010M09;1,63
32 Ourense;2010M08;2,43
32 Ourense;2010M07;2,02
32 Ourense;2010M06;1,91
32 Ourense;2010M05;1,82
32 Ourense;2010M04;1,99
32 Ourense;2010M03;1,78
32 Ourense;2010M02;1,59
32 Ourense;2010M01;1,53
32 Ourense;2009M12;1,85
32 Ourense;2009M11;1,53
32 Ourense;2009M10;1,65
32 Ourense;2009M09;1,8
32 Ourense;2009M08;2,28
32 Ourense;2009M07;2,09
32 Ourense;2009M06;1,77
32 Ourense;2009M05;1,76
32 Ourense;2009M04;1,99
32 Ourense;2009M03;1,69
32 Ourense;2009M02;1,49
32 Ourense;2009M01;1,54
32 Ourense;2008M12;1,8
32 Ourense;2008M11;1,57
32 Ourense;2008M10;1,66
32 Ourense;2008M09;1,86
32 Ourense;2008M08;2,43
32 Ourense;2008M07;2,05
32 Ourense;2008M06;1,76
32 Ourense;2008M05;1,68
32 Ourense;2008M04;1,57
32 Ourense;2008M03;1,94
32 Ourense;2008M02;1,65
32 Ourense;2008M01;1,5
32 Ourense;2007M12;1,9
32 Ourense;2007M11;1,67
32 Ourense;2007M10;1,67
32 Ourense;2007M09;1,67
32 Ourense;2007M08;2,28
32 Ourense;2007M07;2,06
32 Ourense;2007M06;1,68
32 Ourense;2007M05;1,65
32 Ourense;2007M04;1,97
32 Ourense;2007M03;1,52
32 Ourense;2007M02;1,52
32 Ourense;2007M01;1,67
32 Ourense;2006M12;1,84
32 Ourense;2006M11;1,64
32 Ourense;2006M10;1,81
32 Ourense;2006M09;1,76
32 Ourense;2006M08;2,49
32 Ourense;2006M07;2,13
32 Ourense;2006M06;1,66
32 Ourense;2006M05;1,68
32 Ourense;2006M04;1,9
32 Ourense;2006M03;1,66
32 Ourense;2006M02;1,61
32 Ourense;2006M01;1,61
32 Ourense;2005M12;1,63
32 Ourense;2005M11;1,6
32 Ourense;2005M10;1,76
32 Ourense;2005M09;1,7
32 Ourense;2005M08;2,75
32 Ourense;2005M07;2,03
32 Ourense;2005M06;1,72
32 Ourense;2005M05;1,68
32 Ourense;2005M04;1,59
32 Ourense;2005M03;2,01
32 Ourense;2005M02;1,53
32 Ourense;2005M01;1,55
34 Palencia;2026M06;1,89
34 Palencia;2026M05;1,86
34 Palencia;2026M04;2,04
34 Palencia;2026M03;2,08
34 Palencia;2026M02;2,17
34 Palencia;2026M01;2,31
34 Palencia;2025M12;2,4
34 Palencia;2025M11;2,07
34 Palencia;2025M10;1,86
34 Palencia;2025M09;2,04
34 Palencia;2025M08;2,65
34 Palencia;2025M07;2,32
34 Palencia;2025M06;1,93
34 Palencia;2025M05;2,16
34 Palencia;2025M04;2,48
34 Palencia;2025M03;2,24
34 Palencia;2025M02;1,9
34 Palencia;2025M01;2,44
34 Palencia;2024M12;2,7
34 Palencia;2024M11;2,35
34 Palencia;2024M10;2,11
34 Palencia;2024M09;2,21
34 Palencia;2024M08;3,14
34 Palencia;2024M07;2,64
34 Palencia;2024M06;2,04
34 Palencia;2024M05;2,02
34 Palencia;2024M04;2,44
34 Palencia;2024M03;2,38
34 Palencia;2024M02;2,31
34 Palencia;2024M01;2,3
34 Palencia;2023M12;2,74
34 Palencia;2023M11;2,7
34 Palencia;2023M10;2,16
34 Palencia;2023M09;2,36
34 Palencia;2023M08;3,22
34 Palencia;2023M07;2,64
34 Palencia;2023M06;1,78
34 Palencia;2023M05;1,8
34 Palencia;2023M04;2,02
34 Palencia;2023M03;1,8
34 Palencia;2023M02;1,87
34 Palencia;2023M01;2,21
34 Palencia;2022M12;2,75
34 Palencia;2022M11;2,23
34 Palencia;2022M10;2,03
34 Palencia;2022M09;1,84
34 Palencia;2022M08;3,5
34 Palencia;2022M07;2,66
34 Palencia;2022M06;1,89
34 Palencia;2022M05;1,93
34 Palencia;2022M04;2,49
34 Palencia;2022M03;2,08
34 Palencia;2022M02;2,25
34 Palencia;2022M01;2,04
34 Palencia;2021M12;2,73
34 Palencia;2021M11;2
34 Palencia;2021M10;2,24
34 Palencia;2021M09;2,13
34 Palencia;2021M08;4
34 Palencia;2021M07;2,39
34 Palencia;2021M06;2,32
34 Palencia;2021M05;1,77
34 Palencia;2021M04;2,07
34 Palencia;2021M03;2,89
34 Palencia;2021M02;3,1
34 Palencia;2021M01;3,93
34 Palencia;2020M12;2,84
34 Palencia;2020M11;.
34 Palencia;2020M10;2,74
34 Palencia;2020M09;3,01
34 Palencia;2020M08;3,95
34 Palencia;2020M07;3,06
34 Palencia;2020M06;2,32
34 Palencia;2020M05;.
34 Palencia;2020M04;.
34 Palencia;2020M03;1,63
34 Palencia;2020M02;1,83
34 Palencia;2020M01;2,15
34 Palencia;2019M12;3,01
34 Palencia;2019M11;2,06
34 Palencia;2019M10;2,17
34 Palencia;2019M09;2
34 Palencia;2019M08;3,98
34 Palencia;2019M07;3,11
34 Palencia;2019M06;2,15
34 Palencia;2019M05;1,87
34 Palencia;2019M04;2,38
34 Palencia;2019M03;2,13
34 Palencia;2019M02;2,07
34 Palencia;2019M01;2,69
34 Palencia;2018M12;3,68
34 Palencia;2018M11;2,54
34 Palencia;2018M10;2,05
34 Palencia;2018M09;1,97
34 Palencia;2018M08;3,15
34 Palencia;2018M07;2,81
34 Palencia;2018M06;2,22
34 Palencia;2018M05;2,21
34 Palencia;2018M04;2,36
34 Palencia;2018M03;2,9
34 Palencia;2018M02;2,17
34 Palencia;2018M01;2,29
34 Palencia;2017M12;3,07
34 Palencia;2017M11;2,38
34 Palencia;2017M10;2,11
34 Palencia;2017M09;2,22
34 Palencia;2017M08;3,59
34 Palencia;2017M07;2,53
34 Palencia;2017M06;1,95
34 Palencia;2017M05;1,83
34 Palencia;2017M04;2,59
34 Palencia;2017M03;1,91
34 Palencia;2017M02;2
34 Palencia;2017M01;2,12
34 Palencia;2016M12;2,59
34 Palencia;2016M11;2,09
34 Palencia;2016M10;2,04
34 Palencia;2016M09;1,96
34 Palencia;2016M08;3,66
34 Palencia;2016M07;2,7
34 Palencia;2016M06;1,93
34 Palencia;2016M05;1,9
34 Palencia;2016M04;1,87
34 Palencia;2016M03;2,58
34 Palencia;2016M02;2,03
34 Palencia;2016M01;2,26
34 Palencia;2015M12;3,26
34 Palencia;2015M11;2,01
34 Palencia;2015M10;1,96
34 Palencia;2015M09;1,64
34 Palencia;2015M08;3,43
34 Palencia;2015M07;2,48
34 Palencia;2015M06;1,95
34 Palencia;2015M05;1,73
34 Palencia;2015M04;2,24
34 Palencia;2015M03;1,97
34 Palencia;2015M02;2,23
34 Palencia;2015M01;2,54
34 Palencia;2014M12;2,37
34 Palencia;2014M11;2,02
34 Palencia;2014M10;1,9
34 Palencia;2014M09;2,04
34 Palencia;2014M08;3,93
34 Palencia;2014M07;2,96
34 Palencia;2014M06;2,06
34 Palencia;2014M05;1,97
34 Palencia;2014M04;2,46
34 Palencia;2014M03;2,06
34 Palencia;2014M02;2,25
34 Palencia;2014M01;4,49
34 Palencia;2013M12;2,75
34 Palencia;2013M11;2,06
34 Palencia;2013M10;1,69
34 Palencia;2013M09;1,66
34 Palencia;2013M08;3,75
34 Palencia;2013M07;2,65
34 Palencia;2013M06;1,65
34 Palencia;2013M05;1,57
34 Palencia;2013M04;1,66
34 Palencia;2013M03;2,9
34 Palencia;2013M02;1,9
34 Palencia;2013M01;2,25
34 Palencia;2012M12;2,14
34 Palencia;2012M11;2,01
34 Palencia;2012M10;2,28
34 Palencia;2012M09;1,75
34 Palencia;2012M08;4,53
34 Palencia;2012M07;2,71
34 Palencia;2012M06;1,67
34 Palencia;2012M05;1,69
34 Palencia;2012M04;2,74
34 Palencia;2012M03;1,75
34 Palencia;2012M02;2,02
34 Palencia;2012M01;2,58
34 Palencia;2011M12;1,91
34 Palencia;2011M11;1,87
34 Palencia;2011M10;1,98
34 Palencia;2011M09;2,11
34 Palencia;2011M08;4,38
34 Palencia;2011M07;2,52
34 Palencia;2011M06;1,66
34 Palencia;2011M05;1,64
34 Palencia;2011M04;2,78
34 Palencia;2011M03;2,02
34 Palencia;2011M02;2,55
34 Palencia;2011M01;2,57
34 Palencia;2010M12;2,89
34 Palencia;2010M11;2,08
34 Palencia;2010M10;2,48
34 Palencia;2010M09;2,6
34 Palencia;2010M08;4,92
34 Palencia;2010M07;2,69
34 Palencia;2010M06;2,21
34 Palencia;2010M05;1,93
34 Palencia;2010M04;2,79
34 Palencia;2010M03;2,04
34 Palencia;2010M02;2,24
34 Palencia;2010M01;2,65
34 Palencia;2009M12;2,57
34 Palencia;2009M11;2,08
34 Palencia;2009M10;2,15
34 Palencia;2009M09;2,51
34 Palencia;2009M08;4,81
34 Palencia;2009M07;3,06
34 Palencia;2009M06;2,42
34 Palencia;2009M05;2,25
34 Palencia;2009M04;2,7
34 Palencia;2009M03;2,26
34 Palencia;2009M02;2,24
34 Palencia;2009M01;3,37
34 Palencia;2008M12;2,69
34 Palencia;2008M11;2,28
34 Palencia;2008M10;2,32
34 Palencia;2008M09;2,73
34 Palencia;2008M08;4,53
34 Palencia;2008M07;3,5
34 Palencia;2008M06;2,77
34 Palencia;2008M05;2,68
34 Palencia;2008M04;2,12
34 Palencia;2008M03;3,31
34 Palencia;2008M02;2,33
34 Palencia;2008M01;2,46
34 Palencia;2007M12;2,98
34 Palencia;2007M11;2,88
34 Palencia;2007M10;2,32
34 Palencia;2007M09;2,26
34 Palencia;2007M08;4,55
34 Palencia;2007M07;3,39
34 Palencia;2007M06;2,19
34 Palencia;2007M05;2,36
34 Palencia;2007M04;3,11
34 Palencia;2007M03;2,7
34 Palencia;2007M02;2,43
34 Palencia;2007M01;2,63
34 Palencia;2006M12;2,6
34 Palencia;2006M11;2,03
34 Palencia;2006M10;2,34
34 Palencia;2006M09;2,08
34 Palencia;2006M08;4,86
34 Palencia;2006M07;3,48
34 Palencia;2006M06;2,02
34 Palencia;2006M05;2,16
34 Palencia;2006M04;2,79
34 Palencia;2006M03;2,29
34 Palencia;2006M02;1,99
34 Palencia;2006M01;2,68
34 Palencia;2005M12;2,66
34 Palencia;2005M11;1,81
34 Palencia;2005M10;2,13
34 Palencia;2005M09;2,15
34 Palencia;2005M08;4,55
34 Palencia;2005M07;3,6
34 Palencia;2005M06;2,09
34 Palencia;2005M05;1,98
34 Palencia;2005M04;1,92
34 Palencia;2005M03;2,97
34 Palencia;2005M02;1,79
34 Palencia;2005M01;2,43
35 Palmas, Las;2026M06;2,94
35 Palmas, Las;2026M05;2,82
35 Palmas, Las;2026M04;3,24
35 Palmas, Las;2026M03;3,47
35 Palmas, Las;2026M02;3,5
35 Palmas, Las;2026M01;3,52
35 Palmas, Las;2025M12;3,15
35 Palmas, Las;2025M11;3,12
35 Palmas, Las;2025M10;3,11
35 Palmas, Las;2025M09;2,93
35 Palmas, Las;2025M08;3,23
35 Palmas, Las;2025M07;3,17
35 Palmas, Las;2025M06;3,08
35 Palmas, Las;2025M05;2,91
35 Palmas, Las;2025M04;3,26
35 Palmas, Las;2025M03;3,22
35 Palmas, Las;2025M02;3,47
35 Palmas, Las;2025M01;3,67
35 Palmas, Las;2024M12;3,39
35 Palmas, Las;2024M11;3,49
35 Palmas, Las;2024M10;3,28
35 Palmas, Las;2024M09;3,14
35 Palmas, Las;2024M08;3,4
35 Palmas, Las;2024M07;3,17
35 Palmas, Las;2024M06;2,6
35 Palmas, Las;2024M05;2,78
35 Palmas, Las;2024M04;3,71
35 Palmas, Las;2024M03;3,78
35 Palmas, Las;2024M02;3,81
35 Palmas, Las;2024M01;3,89
35 Palmas, Las;2023M12;3,73
35 Palmas, Las;2023M11;3,7
35 Palmas, Las;2023M10;3,38
35 Palmas, Las;2023M09;3,55
35 Palmas, Las;2023M08;4,16
35 Palmas, Las;2023M07;3,8
35 Palmas, Las;2023M06;3,32
35 Palmas, Las;2023M05;3,06
35 Palmas, Las;2023M04;3,3
35 Palmas, Las;2023M03;3,59
35 Palmas, Las;2023M02;3,64
35 Palmas, Las;2023M01;3,55
35 Palmas, Las;2022M12;3,38
35 Palmas, Las;2022M11;3,5
35 Palmas, Las;2022M10;3,19
35 Palmas, Las;2022M09;3,24
35 Palmas, Las;2022M08;4,06
35 Palmas, Las;2022M07;3,68
35 Palmas, Las;2022M06;3,32
35 Palmas, Las;2022M05;3,07
35 Palmas, Las;2022M04;3,76
35 Palmas, Las;2022M03;3,33
35 Palmas, Las;2022M02;3,2
35 Palmas, Las;2022M01;3,36
35 Palmas, Las;2021M12;3,74
35 Palmas, Las;2021M11;3,57
35 Palmas, Las;2021M10;3,17
35 Palmas, Las;2021M09;3,35
35 Palmas, Las;2021M08;3,87
35 Palmas, Las;2021M07;3,24
35 Palmas, Las;2021M06;2,76
35 Palmas, Las;2021M05;2,82
35 Palmas, Las;2021M04;2,48
35 Palmas, Las;2021M03;2,48
35 Palmas, Las;2021M02;3,27
35 Palmas, Las;2021M01;3,75
35 Palmas, Las;2020M12;3,08
35 Palmas, Las;2020M11;2,9
35 Palmas, Las;2020M10;2,55
35 Palmas, Las;2020M09;3,32
35 Palmas, Las;2020M08;3,96
35 Palmas, Las;2020M07;3,71
35 Palmas, Las;2020M06;2,61
35 Palmas, Las;2020M05;2,27
35 Palmas, Las;2020M04;.
35 Palmas, Las;2020M03;4,05
35 Palmas, Las;2020M02;3,83
35 Palmas, Las;2020M01;4,03
35 Palmas, Las;2019M12;4
35 Palmas, Las;2019M11;3,79
35 Palmas, Las;2019M10;3,85
35 Palmas, Las;2019M09;3,49
35 Palmas, Las;2019M08;3,78
35 Palmas, Las;2019M07;3,9
35 Palmas, Las;2019M06;3,3
35 Palmas, Las;2019M05;2,95
35 Palmas, Las;2019M04;4,2
35 Palmas, Las;2019M03;4,1
35 Palmas, Las;2019M02;4
35 Palmas, Las;2019M01;3,77
35 Palmas, Las;2018M12;4,05
35 Palmas, Las;2018M11;4,35
35 Palmas, Las;2018M10;4,03
35 Palmas, Las;2018M09;3,51
35 Palmas, Las;2018M08;4,35
35 Palmas, Las;2018M07;3,98
35 Palmas, Las;2018M06;3,21
35 Palmas, Las;2018M05;3,6
35 Palmas, Las;2018M04;4,43
35 Palmas, Las;2018M03;4,14
35 Palmas, Las;2018M02;4,51
35 Palmas, Las;2018M01;4,63
35 Palmas, Las;2017M12;3,99
35 Palmas, Las;2017M11;4,14
35 Palmas, Las;2017M10;3,75
35 Palmas, Las;2017M09;3,99
35 Palmas, Las;2017M08;4,95
35 Palmas, Las;2017M07;4,19
35 Palmas, Las;2017M06;3,23
35 Palmas, Las;2017M05;3,37
35 Palmas, Las;2017M04;3,89
35 Palmas, Las;2017M03;4,65
35 Palmas, Las;2017M02;4,66
35 Palmas, Las;2017M01;4,47
35 Palmas, Las;2016M12;4,09
35 Palmas, Las;2016M11;4,1
35 Palmas, Las;2016M10;4,16
35 Palmas, Las;2016M09;4
35 Palmas, Las;2016M08;4,3
35 Palmas, Las;2016M07;3,96
35 Palmas, Las;2016M06;3,41
35 Palmas, Las;2016M05;3,4
35 Palmas, Las;2016M04;3,37
35 Palmas, Las;2016M03;4,32
35 Palmas, Las;2016M02;3,9
35 Palmas, Las;2016M01;3,69
35 Palmas, Las;2015M12;4,9
35 Palmas, Las;2015M11;4,35
35 Palmas, Las;2015M10;4,16
35 Palmas, Las;2015M09;3,88
35 Palmas, Las;2015M08;4,66
35 Palmas, Las;2015M07;4,67
35 Palmas, Las;2015M06;3,16
35 Palmas, Las;2015M05;3,9
35 Palmas, Las;2015M04;4,04
35 Palmas, Las;2015M03;4,86
35 Palmas, Las;2015M02;4,43
35 Palmas, Las;2015M01;4,86
35 Palmas, Las;2014M12;4,93
35 Palmas, Las;2014M11;4,26
35 Palmas, Las;2014M10;4,35
35 Palmas, Las;2014M09;4,19
35 Palmas, Las;2014M08;5,61
35 Palmas, Las;2014M07;4,69
35 Palmas, Las;2014M06;3,75
35 Palmas, Las;2014M05;3,59
35 Palmas, Las;2014M04;4,78
35 Palmas, Las;2014M03;5,08
35 Palmas, Las;2014M02;4,33
35 Palmas, Las;2014M01;4,65
35 Palmas, Las;2013M12;4,65
35 Palmas, Las;2013M11;4,15
35 Palmas, Las;2013M10;4,76
35 Palmas, Las;2013M09;3,72
35 Palmas, Las;2013M08;4,3
35 Palmas, Las;2013M07;4,17
35 Palmas, Las;2013M06;3,34
35 Palmas, Las;2013M05;3,79
35 Palmas, Las;2013M04;4,26
35 Palmas, Las;2013M03;4,68
35 Palmas, Las;2013M02;4,18
35 Palmas, Las;2013M01;4,24
35 Palmas, Las;2012M12;4,12
35 Palmas, Las;2012M11;5,8
35 Palmas, Las;2012M10;4,29
35 Palmas, Las;2012M09;4,67
35 Palmas, Las;2012M08;5,28
35 Palmas, Las;2012M07;7,33
35 Palmas, Las;2012M06;4,23
35 Palmas, Las;2012M05;4,54
35 Palmas, Las;2012M04;6,12
35 Palmas, Las;2012M03;6,67
35 Palmas, Las;2012M02;5,7
35 Palmas, Las;2012M01;6,73
35 Palmas, Las;2011M12;4,81
35 Palmas, Las;2011M11;5,78
35 Palmas, Las;2011M10;4,48
35 Palmas, Las;2011M09;4,86
35 Palmas, Las;2011M08;5,87
35 Palmas, Las;2011M07;5,05
35 Palmas, Las;2011M06;4,17
35 Palmas, Las;2011M05;4,8
35 Palmas, Las;2011M04;5,18
35 Palmas, Las;2011M03;5,7
35 Palmas, Las;2011M02;5,97
35 Palmas, Las;2011M01;5,53
35 Palmas, Las;2010M12;6,38
35 Palmas, Las;2010M11;5,2
35 Palmas, Las;2010M10;4,35
35 Palmas, Las;2010M09;5,25
35 Palmas, Las;2010M08;5,45
35 Palmas, Las;2010M07;4,75
35 Palmas, Las;2010M06;4,15
35 Palmas, Las;2010M05;4,25
35 Palmas, Las;2010M04;5,31
35 Palmas, Las;2010M03;5,68
35 Palmas, Las;2010M02;5
35 Palmas, Las;2010M01;5,32
35 Palmas, Las;2009M12;5,62
35 Palmas, Las;2009M11;6,15
35 Palmas, Las;2009M10;4,45
35 Palmas, Las;2009M09;4,45
35 Palmas, Las;2009M08;5,28
35 Palmas, Las;2009M07;5,04
35 Palmas, Las;2009M06;4,15
35 Palmas, Las;2009M05;3,72
35 Palmas, Las;2009M04;4,76
35 Palmas, Las;2009M03;5,13
35 Palmas, Las;2009M02;5,53
35 Palmas, Las;2009M01;6,48
35 Palmas, Las;2008M12;4,84
35 Palmas, Las;2008M11;6,16
35 Palmas, Las;2008M10;4,33
35 Palmas, Las;2008M09;4,32
35 Palmas, Las;2008M08;4,76
35 Palmas, Las;2008M07;4,93
35 Palmas, Las;2008M06;4,71
35 Palmas, Las;2008M05;3,93
35 Palmas, Las;2008M04;4,79
35 Palmas, Las;2008M03;7,22
35 Palmas, Las;2008M02;6,41
35 Palmas, Las;2008M01;7,69
35 Palmas, Las;2007M12;5,69
35 Palmas, Las;2007M11;7,41
35 Palmas, Las;2007M10;6,89
35 Palmas, Las;2007M09;4,49
35 Palmas, Las;2007M08;5,87
35 Palmas, Las;2007M07;7,13
35 Palmas, Las;2007M06;7,53
35 Palmas, Las;2007M05;6,3
35 Palmas, Las;2007M04;6,02
35 Palmas, Las;2007M03;6,51
35 Palmas, Las;2007M02;5,89
35 Palmas, Las;2007M01;5,44
35 Palmas, Las;2006M12;5,71
35 Palmas, Las;2006M11;5,27
35 Palmas, Las;2006M10;5,05
35 Palmas, Las;2006M09;4,15
35 Palmas, Las;2006M08;5,89
35 Palmas, Las;2006M07;4,41
35 Palmas, Las;2006M06;4,16
35 Palmas, Las;2006M05;4,45
35 Palmas, Las;2006M04;5,45
35 Palmas, Las;2006M03;6,31
35 Palmas, Las;2006M02;5,47
35 Palmas, Las;2006M01;6,51
35 Palmas, Las;2005M12;6,99
35 Palmas, Las;2005M11;5,38
35 Palmas, Las;2005M10;6,02
35 Palmas, Las;2005M09;7,09
35 Palmas, Las;2005M08;6,13
35 Palmas, Las;2005M07;7,65
35 Palmas, Las;2005M06;3,91
35 Palmas, Las;2005M05;6,52
35 Palmas, Las;2005M04;6,75
35 Palmas, Las;2005M03;7,15
35 Palmas, Las;2005M02;6,76
35 Palmas, Las;2005M01;7,49
36 Pontevedra;2026M06;1,71
36 Pontevedra;2026M05;1,52
36 Pontevedra;2026M04;1,76
36 Pontevedra;2026M03;1,87
36 Pontevedra;2026M02;1,64
36 Pontevedra;2026M01;1,56
36 Pontevedra;2025M12;1,83
36 Pontevedra;2025M11;1,6
36 Pontevedra;2025M10;1,82
36 Pontevedra;2025M09;2,38
36 Pontevedra;2025M08;3,37
36 Pontevedra;2025M07;3,11
36 Pontevedra;2025M06;2,16
36 Pontevedra;2025M05;1,71
36 Pontevedra;2025M04;2,32
36 Pontevedra;2025M03;1,58
36 Pontevedra;2025M02;1,74
36 Pontevedra;2025M01;1,76
36 Pontevedra;2024M12;1,96
36 Pontevedra;2024M11;1,98
36 Pontevedra;2024M10;1,78
36 Pontevedra;2024M09;1,8
36 Pontevedra;2024M08;3,44
36 Pontevedra;2024M07;2,7
36 Pontevedra;2024M06;1,82
36 Pontevedra;2024M05;1,65
36 Pontevedra;2024M04;1,48
36 Pontevedra;2024M03;1,87
36 Pontevedra;2024M02;1,56
36 Pontevedra;2024M01;1,79
36 Pontevedra;2023M12;2,05
36 Pontevedra;2023M11;2,17
36 Pontevedra;2023M10;1,74
36 Pontevedra;2023M09;2,09
36 Pontevedra;2023M08;4,01
36 Pontevedra;2023M07;2,81
36 Pontevedra;2023M06;1,99
36 Pontevedra;2023M05;1,61
36 Pontevedra;2023M04;1,87
36 Pontevedra;2023M03;1,74
36 Pontevedra;2023M02;1,98
36 Pontevedra;2023M01;1,96
36 Pontevedra;2022M12;2,03
36 Pontevedra;2022M11;1,71
36 Pontevedra;2022M10;1,86
36 Pontevedra;2022M09;1,92
36 Pontevedra;2022M08;3,19
36 Pontevedra;2022M07;2,94
36 Pontevedra;2022M06;1,92
36 Pontevedra;2022M05;1,63
36 Pontevedra;2022M04;1,99
36 Pontevedra;2022M03;1,51
36 Pontevedra;2022M02;1,81
36 Pontevedra;2022M01;1,51
36 Pontevedra;2021M12;1,93
36 Pontevedra;2021M11;1,51
36 Pontevedra;2021M10;1,81
36 Pontevedra;2021M09;2,04
36 Pontevedra;2021M08;3,22
36 Pontevedra;2021M07;2,83
36 Pontevedra;2021M06;1,93
36 Pontevedra;2021M05;1,33
36 Pontevedra;2021M04;1,72
36 Pontevedra;2021M03;1,35
36 Pontevedra;2021M02;1,55
36 Pontevedra;2021M01;1,35
36 Pontevedra;2020M12;1,63
36 Pontevedra;2020M11;1,7
36 Pontevedra;2020M10;1,66
36 Pontevedra;2020M09;2,31
36 Pontevedra;2020M08;3,57
36 Pontevedra;2020M07;3,61
36 Pontevedra;2020M06;2,07
36 Pontevedra;2020M05;1,38
36 Pontevedra;2020M04;.
36 Pontevedra;2020M03;1,67
36 Pontevedra;2020M02;1,47
36 Pontevedra;2020M01;1,61
36 Pontevedra;2019M12;2,08
36 Pontevedra;2019M11;1,57
36 Pontevedra;2019M10;1,69
36 Pontevedra;2019M09;2
36 Pontevedra;2019M08;3,08
36 Pontevedra;2019M07;2,8
36 Pontevedra;2019M06;1,71
36 Pontevedra;2019M05;1,69
36 Pontevedra;2019M04;2,01
36 Pontevedra;2019M03;2,12
36 Pontevedra;2019M02;2,18
36 Pontevedra;2019M01;2,62
36 Pontevedra;2018M12;1,91
36 Pontevedra;2018M11;1,68
36 Pontevedra;2018M10;1,78
36 Pontevedra;2018M09;1,86
36 Pontevedra;2018M08;3,22
36 Pontevedra;2018M07;2,46
36 Pontevedra;2018M06;1,84
36 Pontevedra;2018M05;1,48
36 Pontevedra;2018M04;1,6
36 Pontevedra;2018M03;1,89
36 Pontevedra;2018M02;1,51
36 Pontevedra;2018M01;1,7
36 Pontevedra;2017M12;2,19
36 Pontevedra;2017M11;1,64
36 Pontevedra;2017M10;1,9
36 Pontevedra;2017M09;2,22
36 Pontevedra;2017M08;3,66
36 Pontevedra;2017M07;2,5
36 Pontevedra;2017M06;2,09
36 Pontevedra;2017M05;1,67
36 Pontevedra;2017M04;2,07
36 Pontevedra;2017M03;1,52
36 Pontevedra;2017M02;1,72
36 Pontevedra;2017M01;1,88
36 Pontevedra;2016M12;1,96
36 Pontevedra;2016M11;1,76
36 Pontevedra;2016M10;1,98
36 Pontevedra;2016M09;2,05
36 Pontevedra;2016M08;3,55
36 Pontevedra;2016M07;2,86
36 Pontevedra;2016M06;2,13
36 Pontevedra;2016M05;1,55
36 Pontevedra;2016M04;1,47
36 Pontevedra;2016M03;2,14
36 Pontevedra;2016M02;1,36
36 Pontevedra;2016M01;1,51
36 Pontevedra;2015M12;2,06
36 Pontevedra;2015M11;1,65
36 Pontevedra;2015M10;1,8
36 Pontevedra;2015M09;2,17
36 Pontevedra;2015M08;3,36
36 Pontevedra;2015M07;2,7
36 Pontevedra;2015M06;2,03
36 Pontevedra;2015M05;1,74
36 Pontevedra;2015M04;2,17
36 Pontevedra;2015M03;1,57
36 Pontevedra;2015M02;1,32
36 Pontevedra;2015M01;1,6
36 Pontevedra;2014M12;1,74
36 Pontevedra;2014M11;1,39
36 Pontevedra;2014M10;1,88
36 Pontevedra;2014M09;2,4
36 Pontevedra;2014M08;3,29
36 Pontevedra;2014M07;2,98
36 Pontevedra;2014M06;1,88
36 Pontevedra;2014M05;1,7
36 Pontevedra;2014M04;2,45
36 Pontevedra;2014M03;1,6
36 Pontevedra;2014M02;1,41
36 Pontevedra;2014M01;1,51
36 Pontevedra;2013M12;1,49
36 Pontevedra;2013M11;1,7
36 Pontevedra;2013M10;1,84
36 Pontevedra;2013M09;2,19
36 Pontevedra;2013M08;3,78
36 Pontevedra;2013M07;2,95
36 Pontevedra;2013M06;2,01
36 Pontevedra;2013M05;1,98
36 Pontevedra;2013M04;1,68
36 Pontevedra;2013M03;2,37
36 Pontevedra;2013M02;1,46
36 Pontevedra;2013M01;2,01
36 Pontevedra;2012M12;1,4
36 Pontevedra;2012M11;1,88
36 Pontevedra;2012M10;1,76
36 Pontevedra;2012M09;2,58
36 Pontevedra;2012M08;3,87
36 Pontevedra;2012M07;3,14
36 Pontevedra;2012M06;2,31
36 Pontevedra;2012M05;2,04
36 Pontevedra;2012M04;2,13
36 Pontevedra;2012M03;1,34
36 Pontevedra;2012M02;1,7
36 Pontevedra;2012M01;1,37
36 Pontevedra;2011M12;1,98
36 Pontevedra;2011M11;1,69
36 Pontevedra;2011M10;1,87
36 Pontevedra;2011M09;2,37
36 Pontevedra;2011M08;3,87
36 Pontevedra;2011M07;2,77
36 Pontevedra;2011M06;1,85
36 Pontevedra;2011M05;1,98
36 Pontevedra;2011M04;2,25
36 Pontevedra;2011M03;2,01
36 Pontevedra;2011M02;1,46
36 Pontevedra;2011M01;1,37
36 Pontevedra;2010M12;2,12
36 Pontevedra;2010M11;1,5
36 Pontevedra;2010M10;1,9
36 Pontevedra;2010M09;2,26
36 Pontevedra;2010M08;3,9
36 Pontevedra;2010M07;2,96
36 Pontevedra;2010M06;1,95
36 Pontevedra;2010M05;1,76
36 Pontevedra;2010M04;2,27
36 Pontevedra;2010M03;2,06
36 Pontevedra;2010M02;1,52
36 Pontevedra;2010M01;1,58
36 Pontevedra;2009M12;1,8
36 Pontevedra;2009M11;1,65
36 Pontevedra;2009M10;2,05
36 Pontevedra;2009M09;2,13
36 Pontevedra;2009M08;3,62
36 Pontevedra;2009M07;2,68
36 Pontevedra;2009M06;2,12
36 Pontevedra;2009M05;2,08
36 Pontevedra;2009M04;2,14
36 Pontevedra;2009M03;1,83
36 Pontevedra;2009M02;1,55
36 Pontevedra;2009M01;1,56
36 Pontevedra;2008M12;1,91
36 Pontevedra;2008M11;1,7
36 Pontevedra;2008M10;2,09
36 Pontevedra;2008M09;2,29
36 Pontevedra;2008M08;4,15
36 Pontevedra;2008M07;3,12
36 Pontevedra;2008M06;2,25
36 Pontevedra;2008M05;2,19
36 Pontevedra;2008M04;2,09
36 Pontevedra;2008M03;2,55
36 Pontevedra;2008M02;1,63
36 Pontevedra;2008M01;1,77
36 Pontevedra;2007M12;2,14
36 Pontevedra;2007M11;1,91
36 Pontevedra;2007M10;2,01
36 Pontevedra;2007M09;2,43
36 Pontevedra;2007M08;3,6
36 Pontevedra;2007M07;2,81
36 Pontevedra;2007M06;1,97
36 Pontevedra;2007M05;2,04
36 Pontevedra;2007M04;2,4
36 Pontevedra;2007M03;1,74
36 Pontevedra;2007M02;1,66
36 Pontevedra;2007M01;2,09
36 Pontevedra;2006M12;2,03
36 Pontevedra;2006M11;1,76
36 Pontevedra;2006M10;2,13
36 Pontevedra;2006M09;2,38
36 Pontevedra;2006M08;3,97
36 Pontevedra;2006M07;3
36 Pontevedra;2006M06;2,04
36 Pontevedra;2006M05;1,89
36 Pontevedra;2006M04;2,37
36 Pontevedra;2006M03;1,68
36 Pontevedra;2006M02;1,77
36 Pontevedra;2006M01;1,69
36 Pontevedra;2005M12;2,13
36 Pontevedra;2005M11;1,88
36 Pontevedra;2005M10;2,07
36 Pontevedra;2005M09;2,56
36 Pontevedra;2005M08;4,28
36 Pontevedra;2005M07;3,16
36 Pontevedra;2005M06;2,23
36 Pontevedra;2005M05;1,79
36 Pontevedra;2005M04;1,65
36 Pontevedra;2005M03;2,45
36 Pontevedra;2005M02;1,5
36 Pontevedra;2005M01;1,91
26 Rioja, La;2026M06;1,83
26 Rioja, La;2026M05;1,87
26 Rioja, La;2026M04;2,18
26 Rioja, La;2026M03;1,95
26 Rioja, La;2026M02;2,12
26 Rioja, La;2026M01;2,11
26 Rioja, La;2025M12;2,49
26 Rioja, La;2025M11;2,02
26 Rioja, La;2025M10;1,92
26 Rioja, La;2025M09;1,85
26 Rioja, La;2025M08;3,32
26 Rioja, La;2025M07;2,18
26 Rioja, La;2025M06;1,98
26 Rioja, La;2025M05;1,95
26 Rioja, La;2025M04;2,2
26 Rioja, La;2025M03;1,7
26 Rioja, La;2025M02;1,77
26 Rioja, La;2025M01;1,96
26 Rioja, La;2024M12;2,59
26 Rioja, La;2024M11;2,15
26 Rioja, La;2024M10;2,04
26 Rioja, La;2024M09;2,05
26 Rioja, La;2024M08;3,1
26 Rioja, La;2024M07;2,44
26 Rioja, La;2024M06;1,98
26 Rioja, La;2024M05;2
26 Rioja, La;2024M04;2,09
26 Rioja, La;2024M03;2,63
26 Rioja, La;2024M02;2,06
26 Rioja, La;2024M01;2,1
26 Rioja, La;2023M12;2,91
26 Rioja, La;2023M11;1,92
26 Rioja, La;2023M10;2,34
26 Rioja, La;2023M09;2,05
26 Rioja, La;2023M08;2,98
26 Rioja, La;2023M07;2,43
26 Rioja, La;2023M06;2,18
26 Rioja, La;2023M05;2,08
26 Rioja, La;2023M04;2,47
26 Rioja, La;2023M03;2,07
26 Rioja, La;2023M02;2,02
26 Rioja, La;2023M01;2,46
26 Rioja, La;2022M12;2,73
26 Rioja, La;2022M11;2,18
26 Rioja, La;2022M10;2,31
26 Rioja, La;2022M09;2,05
26 Rioja, La;2022M08;2,9
26 Rioja, La;2022M07;2,15
26 Rioja, La;2022M06;2,15
26 Rioja, La;2022M05;1,98
26 Rioja, La;2022M04;2,37
26 Rioja, La;2022M03;2,15
26 Rioja, La;2022M02;2,03
26 Rioja, La;2022M01;2,22
26 Rioja, La;2021M12;3,28
26 Rioja, La;2021M11;2,78
26 Rioja, La;2021M10;2,83
26 Rioja, La;2021M09;2,86
26 Rioja, La;2021M08;3,57
26 Rioja, La;2021M07;2,85
26 Rioja, La;2021M06;2,96
26 Rioja, La;2021M05;2,1
26 Rioja, La;2021M04;2,23
26 Rioja, La;2021M03;2,03
26 Rioja, La;2021M02;2,41
26 Rioja, La;2021M01;2,84
26 Rioja, La;2020M12;2,9
26 Rioja, La;2020M11;3,06
26 Rioja, La;2020M10;2,34
26 Rioja, La;2020M09;2,13
26 Rioja, La;2020M08;3,52
26 Rioja, La;2020M07;2,37
26 Rioja, La;2020M06;2,26
26 Rioja, La;2020M05;3,67
26 Rioja, La;2020M04;.
26 Rioja, La;2020M03;2,31
26 Rioja, La;2020M02;1,8
26 Rioja, La;2020M01;2,47
26 Rioja, La;2019M12;2,86
26 Rioja, La;2019M11;2,25
26 Rioja, La;2019M10;1,9
26 Rioja, La;2019M09;1,98
26 Rioja, La;2019M08;2,96
26 Rioja, La;2019M07;2,31
26 Rioja, La;2019M06;2,04
26 Rioja, La;2019M05;1,97
26 Rioja, La;2019M04;2,5
26 Rioja, La;2019M03;1,91
26 Rioja, La;2019M02;1,87
26 Rioja, La;2019M01;2
26 Rioja, La;2018M12;3,02
26 Rioja, La;2018M11;2,17
26 Rioja, La;2018M10;2,11
26 Rioja, La;2018M09;1,97
26 Rioja, La;2018M08;3,22
26 Rioja, La;2018M07;2,8
26 Rioja, La;2018M06;1,93
26 Rioja, La;2018M05;1,94
26 Rioja, La;2018M04;2,23
26 Rioja, La;2018M03;2,44
26 Rioja, La;2018M02;1,92
26 Rioja, La;2018M01;1,89
26 Rioja, La;2017M12;2,6
26 Rioja, La;2017M11;1,89
26 Rioja, La;2017M10;2,18
26 Rioja, La;2017M09;2,1
26 Rioja, La;2017M08;2,76
26 Rioja, La;2017M07;2,17
26 Rioja, La;2017M06;1,92
26 Rioja, La;2017M05;2,03
26 Rioja, La;2017M04;2,67
26 Rioja, La;2017M03;1,81
26 Rioja, La;2017M02;1,8
26 Rioja, La;2017M01;1,85
26 Rioja, La;2016M12;2,33
26 Rioja, La;2016M11;1,91
26 Rioja, La;2016M10;2,08
26 Rioja, La;2016M09;1,94
26 Rioja, La;2016M08;2,85
26 Rioja, La;2016M07;2,19
26 Rioja, La;2016M06;1,97
26 Rioja, La;2016M05;2,03
26 Rioja, La;2016M04;1,97
26 Rioja, La;2016M03;2,6
26 Rioja, La;2016M02;2,02
26 Rioja, La;2016M01;2,54
26 Rioja, La;2015M12;2,33
26 Rioja, La;2015M11;2,08
26 Rioja, La;2015M10;2,15
26 Rioja, La;2015M09;2,06
26 Rioja, La;2015M08;3,28
26 Rioja, La;2015M07;2,33
26 Rioja, La;2015M06;2,04
26 Rioja, La;2015M05;2,07
26 Rioja, La;2015M04;2,54
26 Rioja, La;2015M03;2,02
26 Rioja, La;2015M02;1,79
26 Rioja, La;2015M01;2,72
26 Rioja, La;2014M12;2,45
26 Rioja, La;2014M11;2,46
26 Rioja, La;2014M10;1,95
26 Rioja, La;2014M09;1,96
26 Rioja, La;2014M08;3,3
26 Rioja, La;2014M07;2,5
26 Rioja, La;2014M06;2,05
26 Rioja, La;2014M05;2,25
26 Rioja, La;2014M04;2,58
26 Rioja, La;2014M03;1,86
26 Rioja, La;2014M02;1,83
26 Rioja, La;2014M01;2,19
26 Rioja, La;2013M12;2,86
26 Rioja, La;2013M11;2,04
26 Rioja, La;2013M10;1,9
26 Rioja, La;2013M09;2,04
26 Rioja, La;2013M08;3,35
26 Rioja, La;2013M07;2,46
26 Rioja, La;2013M06;2,28
26 Rioja, La;2013M05;2,05
26 Rioja, La;2013M04;2,21
26 Rioja, La;2013M03;2,7
26 Rioja, La;2013M02;1,95
26 Rioja, La;2013M01;2,13
26 Rioja, La;2012M12;2,49
26 Rioja, La;2012M11;2,52
26 Rioja, La;2012M10;2,41
26 Rioja, La;2012M09;1,92
26 Rioja, La;2012M08;2,88
26 Rioja, La;2012M07;2,36
26 Rioja, La;2012M06;1,81
26 Rioja, La;2012M05;1,86
26 Rioja, La;2012M04;3,13
26 Rioja, La;2012M03;2,17
26 Rioja, La;2012M02;1,96
26 Rioja, La;2012M01;2,62
26 Rioja, La;2011M12;2,63
26 Rioja, La;2011M11;2,41
26 Rioja, La;2011M10;2,27
26 Rioja, La;2011M09;2,19
26 Rioja, La;2011M08;4,59
26 Rioja, La;2011M07;2,76
26 Rioja, La;2011M06;1,99
26 Rioja, La;2011M05;2,17
26 Rioja, La;2011M04;2,72
26 Rioja, La;2011M03;2,02
26 Rioja, La;2011M02;1,9
26 Rioja, La;2011M01;2,25
26 Rioja, La;2010M12;3,39
26 Rioja, La;2010M11;2,19
26 Rioja, La;2010M10;2,44
26 Rioja, La;2010M09;2,15
26 Rioja, La;2010M08;4,19
26 Rioja, La;2010M07;2,39
26 Rioja, La;2010M06;1,99
26 Rioja, La;2010M05;2,16
26 Rioja, La;2010M04;2,81
26 Rioja, La;2010M03;2,08
26 Rioja, La;2010M02;1,92
26 Rioja, La;2010M01;2,49
26 Rioja, La;2009M12;2,78
26 Rioja, La;2009M11;2,01
26 Rioja, La;2009M10;2,37
26 Rioja, La;2009M09;2,25
26 Rioja, La;2009M08;3,61
26 Rioja, La;2009M07;2,3
26 Rioja, La;2009M06;2,17
26 Rioja, La;2009M05;2,04
26 Rioja, La;2009M04;2,84
26 Rioja, La;2009M03;2,29
26 Rioja, La;2009M02;2,05
26 Rioja, La;2009M01;3,18
26 Rioja, La;2008M12;2,95
26 Rioja, La;2008M11;2,1
26 Rioja, La;2008M10;2,11
26 Rioja, La;2008M09;2,39
26 Rioja, La;2008M08;4,4
26 Rioja, La;2008M07;2,51
26 Rioja, La;2008M06;2,26
26 Rioja, La;2008M05;3,11
26 Rioja, La;2008M04;1,85
26 Rioja, La;2008M03;3,1
26 Rioja, La;2008M02;1,75
26 Rioja, La;2008M01;2,13
26 Rioja, La;2007M12;2,91
26 Rioja, La;2007M11;2,68
26 Rioja, La;2007M10;2,28
26 Rioja, La;2007M09;2,33
26 Rioja, La;2007M08;4
26 Rioja, La;2007M07;2,88
26 Rioja, La;2007M06;2,57
26 Rioja, La;2007M05;2,15
26 Rioja, La;2007M04;2,9
26 Rioja, La;2007M03;2,22
26 Rioja, La;2007M02;2,08
26 Rioja, La;2007M01;2,12
26 Rioja, La;2006M12;2,28
26 Rioja, La;2006M11;2,28
26 Rioja, La;2006M10;2,85
26 Rioja, La;2006M09;2
26 Rioja, La;2006M08;4,34
26 Rioja, La;2006M07;2,96
26 Rioja, La;2006M06;2,25
26 Rioja, La;2006M05;2,26
26 Rioja, La;2006M04;2,94
26 Rioja, La;2006M03;2,14
26 Rioja, La;2006M02;2,14
26 Rioja, La;2006M01;2,56
26 Rioja, La;2005M12;2,33
26 Rioja, La;2005M11;2,06
26 Rioja, La;2005M10;2,15
26 Rioja, La;2005M09;2,23
26 Rioja, La;2005M08;3,94
26 Rioja, La;2005M07;2,88
26 Rioja, La;2005M06;2,27
26 Rioja, La;2005M05;2,27
26 Rioja, La;2005M04;1,89
26 Rioja, La;2005M03;3,16
26 Rioja, La;2005M02;2,02
26 Rioja, La;2005M01;1,95
37 Salamanca;2026M06;2,01
37 Salamanca;2026M05;1,77
37 Salamanca;2026M04;2,09
37 Salamanca;2026M03;2,06
37 Salamanca;2026M02;2,07
37 Salamanca;2026M01;2,18
37 Salamanca;2025M12;2,26
37 Salamanca;2025M11;1,87
37 Salamanca;2025M10;1,94
37 Salamanca;2025M09;1,9
37 Salamanca;2025M08;2,95
37 Salamanca;2025M07;2,38
37 Salamanca;2025M06;2,09
37 Salamanca;2025M05;2,14
37 Salamanca;2025M04;2,34
37 Salamanca;2025M03;2
37 Salamanca;2025M02;1,7
37 Salamanca;2025M01;1,85
37 Salamanca;2024M12;2,6
37 Salamanca;2024M11;1,95
37 Salamanca;2024M10;1,9
37 Salamanca;2024M09;1,97
37 Salamanca;2024M08;3,29
37 Salamanca;2024M07;2,46
37 Salamanca;2024M06;1,81
37 Salamanca;2024M05;1,8
37 Salamanca;2024M04;1,83
37 Salamanca;2024M03;2,12
37 Salamanca;2024M02;1,91
37 Salamanca;2024M01;2,07
37 Salamanca;2023M12;2,65
37 Salamanca;2023M11;1,96
37 Salamanca;2023M10;2,03
37 Salamanca;2023M09;1,94
37 Salamanca;2023M08;3,58
37 Salamanca;2023M07;2,84
37 Salamanca;2023M06;1,96
37 Salamanca;2023M05;1,96
37 Salamanca;2023M04;2,24
37 Salamanca;2023M03;1,87
37 Salamanca;2023M02;2
37 Salamanca;2023M01;1,91
37 Salamanca;2022M12;2,25
37 Salamanca;2022M11;1,74
37 Salamanca;2022M10;1,85
37 Salamanca;2022M09;1,88
37 Salamanca;2022M08;3,68
37 Salamanca;2022M07;2,74
37 Salamanca;2022M06;1,96
37 Salamanca;2022M05;1,71
37 Salamanca;2022M04;2,26
37 Salamanca;2022M03;1,71
37 Salamanca;2022M02;2,04
37 Salamanca;2022M01;1,78
37 Salamanca;2021M12;2,49
37 Salamanca;2021M11;1,79
37 Salamanca;2021M10;2,06
37 Salamanca;2021M09;2,19
37 Salamanca;2021M08;3,83
37 Salamanca;2021M07;3,18
37 Salamanca;2021M06;2,67
37 Salamanca;2021M05;2,56
37 Salamanca;2021M04;2,72
37 Salamanca;2021M03;2,78
37 Salamanca;2021M02;4,4
37 Salamanca;2021M01;4,54
37 Salamanca;2020M12;3,36
37 Salamanca;2020M11;3,9
37 Salamanca;2020M10;2,78
37 Salamanca;2020M09;2,82
37 Salamanca;2020M08;4,22
37 Salamanca;2020M07;3,21
37 Salamanca;2020M06;2,61
37 Salamanca;2020M05;19,06
37 Salamanca;2020M04;.
37 Salamanca;2020M03;2,09
37 Salamanca;2020M02;1,91
37 Salamanca;2020M01;1,79
37 Salamanca;2019M12;2,47
37 Salamanca;2019M11;2,11
37 Salamanca;2019M10;1,74
37 Salamanca;2019M09;1,95
37 Salamanca;2019M08;2,72
37 Salamanca;2019M07;2,26
37 Salamanca;2019M06;1,8
37 Salamanca;2019M05;2,14
37 Salamanca;2019M04;2,34
37 Salamanca;2019M03;1,82
37 Salamanca;2019M02;1,77
37 Salamanca;2019M01;1,82
37 Salamanca;2018M12;2,38
37 Salamanca;2018M11;2,05
37 Salamanca;2018M10;1,78
37 Salamanca;2018M09;1,81
37 Salamanca;2018M08;2,93
37 Salamanca;2018M07;2,32
37 Salamanca;2018M06;1,89
37 Salamanca;2018M05;1,84
37 Salamanca;2018M04;1,96
37 Salamanca;2018M03;2,24
37 Salamanca;2018M02;1,89
37 Salamanca;2018M01;1,76
37 Salamanca;2017M12;2,47
37 Salamanca;2017M11;1,87
37 Salamanca;2017M10;1,96
37 Salamanca;2017M09;1,79
37 Salamanca;2017M08;3,03
37 Salamanca;2017M07;2,56
37 Salamanca;2017M06;2,03
37 Salamanca;2017M05;1,84
37 Salamanca;2017M04;2,15
37 Salamanca;2017M03;1,91
37 Salamanca;2017M02;1,99
37 Salamanca;2017M01;2,08
37 Salamanca;2016M12;2,21
37 Salamanca;2016M11;2,03
37 Salamanca;2016M10;2,08
37 Salamanca;2016M09;1,95
37 Salamanca;2016M08;3,53
37 Salamanca;2016M07;2,72
37 Salamanca;2016M06;1,79
37 Salamanca;2016M05;1,79
37 Salamanca;2016M04;1,79
37 Salamanca;2016M03;2,14
37 Salamanca;2016M02;2,03
37 Salamanca;2016M01;2,01
37 Salamanca;2015M12;2,22
37 Salamanca;2015M11;1,86
37 Salamanca;2015M10;2
37 Salamanca;2015M09;2,02
37 Salamanca;2015M08;2,98
37 Salamanca;2015M07;2,66
37 Salamanca;2015M06;1,9
37 Salamanca;2015M05;1,95
37 Salamanca;2015M04;2,32
37 Salamanca;2015M03;1,89
37 Salamanca;2015M02;2,11
37 Salamanca;2015M01;2,01
37 Salamanca;2014M12;2,45
37 Salamanca;2014M11;1,78
37 Salamanca;2014M10;1,83
37 Salamanca;2014M09;2,1
37 Salamanca;2014M08;3,58
37 Salamanca;2014M07;2,72
37 Salamanca;2014M06;1,98
37 Salamanca;2014M05;1,89
37 Salamanca;2014M04;2,45
37 Salamanca;2014M03;1,89
37 Salamanca;2014M02;1,76
37 Salamanca;2014M01;2,43
37 Salamanca;2013M12;2,31
37 Salamanca;2013M11;1,91
37 Salamanca;2013M10;1,88
37 Salamanca;2013M09;1,98
37 Salamanca;2013M08;3,26
37 Salamanca;2013M07;2,72
37 Salamanca;2013M06;1,79
37 Salamanca;2013M05;2,01
37 Salamanca;2013M04;1,93
37 Salamanca;2013M03;2,49
37 Salamanca;2013M02;2,12
37 Salamanca;2013M01;2,19
37 Salamanca;2012M12;2,27
37 Salamanca;2012M11;2,29
37 Salamanca;2012M10;1,78
37 Salamanca;2012M09;1,78
37 Salamanca;2012M08;3,9
37 Salamanca;2012M07;2,67
37 Salamanca;2012M06;1,99
37 Salamanca;2012M05;1,6
37 Salamanca;2012M04;3,13
37 Salamanca;2012M03;1,76
37 Salamanca;2012M02;2,17
37 Salamanca;2012M01;1,87
37 Salamanca;2011M12;2,29
37 Salamanca;2011M11;1,85
37 Salamanca;2011M10;2,23
37 Salamanca;2011M09;2,26
37 Salamanca;2011M08;4,42
37 Salamanca;2011M07;3,08
37 Salamanca;2011M06;2,13
37 Salamanca;2011M05;2,11
37 Salamanca;2011M04;2,34
37 Salamanca;2011M03;2,28
37 Salamanca;2011M02;2,11
37 Salamanca;2011M01;2,16
37 Salamanca;2010M12;2,85
37 Salamanca;2010M11;1,85
37 Salamanca;2010M10;2,03
37 Salamanca;2010M09;2,17
37 Salamanca;2010M08;3,59
37 Salamanca;2010M07;3,18
37 Salamanca;2010M06;2,25
37 Salamanca;2010M05;2,03
37 Salamanca;2010M04;2,78
37 Salamanca;2010M03;2,32
37 Salamanca;2010M02;2,36
37 Salamanca;2010M01;2,94
37 Salamanca;2009M12;2,93
37 Salamanca;2009M11;2,13
37 Salamanca;2009M10;2,31
37 Salamanca;2009M09;2,32
37 Salamanca;2009M08;4,67
37 Salamanca;2009M07;3,42
37 Salamanca;2009M06;2,45
37 Salamanca;2009M05;2,12
37 Salamanca;2009M04;2,56
37 Salamanca;2009M03;2,2
37 Salamanca;2009M02;2,07
37 Salamanca;2009M01;2,42
37 Salamanca;2008M12;2,58
37 Salamanca;2008M11;2,04
37 Salamanca;2008M10;1,91
37 Salamanca;2008M09;2,47
37 Salamanca;2008M08;4,01
37 Salamanca;2008M07;2,74
37 Salamanca;2008M06;2,03
37 Salamanca;2008M05;2,32
37 Salamanca;2008M04;2,09
37 Salamanca;2008M03;2,88
37 Salamanca;2008M02;1,9
37 Salamanca;2008M01;2,1
37 Salamanca;2007M12;2,4
37 Salamanca;2007M11;2,6
37 Salamanca;2007M10;2,51
37 Salamanca;2007M09;2,39
37 Salamanca;2007M08;4,2
37 Salamanca;2007M07;2,75
37 Salamanca;2007M06;1,73
37 Salamanca;2007M05;2,25
37 Salamanca;2007M04;3,09
37 Salamanca;2007M03;2,01
37 Salamanca;2007M02;2,37
37 Salamanca;2007M01;2,19
37 Salamanca;2006M12;2,66
37 Salamanca;2006M11;2,1
37 Salamanca;2006M10;2,51
37 Salamanca;2006M09;2,45
37 Salamanca;2006M08;4,82
37 Salamanca;2006M07;3,52
37 Salamanca;2006M06;2,16
37 Salamanca;2006M05;1,9
37 Salamanca;2006M04;2,63
37 Salamanca;2006M03;2,34
37 Salamanca;2006M02;2,34
37 Salamanca;2006M01;2,31
37 Salamanca;2005M12;2,24
37 Salamanca;2005M11;1,94
37 Salamanca;2005M10;2,18
37 Salamanca;2005M09;2,21
37 Salamanca;2005M08;4,63
37 Salamanca;2005M07;3,12
37 Salamanca;2005M06;1,87
37 Salamanca;2005M05;2,25
37 Salamanca;2005M04;1,97
37 Salamanca;2005M03;2,9
37 Salamanca;2005M02;2,02
37 Salamanca;2005M01;2,04
38 Santa Cruz de Tenerife;2026M06;4,27
38 Santa Cruz de Tenerife;2026M05;4,25
38 Santa Cruz de Tenerife;2026M04;4,55
38 Santa Cruz de Tenerife;2026M03;4,75
38 Santa Cruz de Tenerife;2026M02;5,06
38 Santa Cruz de Tenerife;2026M01;5,16
38 Santa Cruz de Tenerife;2025M12;5,04
38 Santa Cruz de Tenerife;2025M11;4,74
38 Santa Cruz de Tenerife;2025M10;4,32
38 Santa Cruz de Tenerife;2025M09;4,83
38 Santa Cruz de Tenerife;2025M08;5,38
38 Santa Cruz de Tenerife;2025M07;4,78
38 Santa Cruz de Tenerife;2025M06;4,41
38 Santa Cruz de Tenerife;2025M05;4,03
38 Santa Cruz de Tenerife;2025M04;4,76
38 Santa Cruz de Tenerife;2025M03;5,28
38 Santa Cruz de Tenerife;2025M02;5,25
38 Santa Cruz de Tenerife;2025M01;5,54
38 Santa Cruz de Tenerife;2024M12;6,12
38 Santa Cruz de Tenerife;2024M11;4,99
38 Santa Cruz de Tenerife;2024M10;4,63
38 Santa Cruz de Tenerife;2024M09;4,35
38 Santa Cruz de Tenerife;2024M08;4,85
38 Santa Cruz de Tenerife;2024M07;5,46
38 Santa Cruz de Tenerife;2024M06;4,62
38 Santa Cruz de Tenerife;2024M05;4,19
38 Santa Cruz de Tenerife;2024M04;4,51
38 Santa Cruz de Tenerife;2024M03;4,36
38 Santa Cruz de Tenerife;2024M02;4,81
38 Santa Cruz de Tenerife;2024M01;5,02
38 Santa Cruz de Tenerife;2023M12;4,71
38 Santa Cruz de Tenerife;2023M11;4,83
38 Santa Cruz de Tenerife;2023M10;4,72
38 Santa Cruz de Tenerife;2023M09;4,73
38 Santa Cruz de Tenerife;2023M08;5,13
38 Santa Cruz de Tenerife;2023M07;5,23
38 Santa Cruz de Tenerife;2023M06;5,15
38 Santa Cruz de Tenerife;2023M05;4,83
38 Santa Cruz de Tenerife;2023M04;5,01
38 Santa Cruz de Tenerife;2023M03;5,57
38 Santa Cruz de Tenerife;2023M02;5,27
38 Santa Cruz de Tenerife;2023M01;5,33
38 Santa Cruz de Tenerife;2022M12;5,09
38 Santa Cruz de Tenerife;2022M11;5,09
38 Santa Cruz de Tenerife;2022M10;4,82
38 Santa Cruz de Tenerife;2022M09;5,13
38 Santa Cruz de Tenerife;2022M08;4,94
38 Santa Cruz de Tenerife;2022M07;4,95
38 Santa Cruz de Tenerife;2022M06;4,54
38 Santa Cruz de Tenerife;2022M05;4,72
38 Santa Cruz de Tenerife;2022M04;4,81
38 Santa Cruz de Tenerife;2022M03;4,91
38 Santa Cruz de Tenerife;2022M02;4,66
38 Santa Cruz de Tenerife;2022M01;5,33
38 Santa Cruz de Tenerife;2021M12;4,49
38 Santa Cruz de Tenerife;2021M11;4,53
38 Santa Cruz de Tenerife;2021M10;4,2
38 Santa Cruz de Tenerife;2021M09;4,26
38 Santa Cruz de Tenerife;2021M08;5,1
38 Santa Cruz de Tenerife;2021M07;5,07
38 Santa Cruz de Tenerife;2021M06;5,56
38 Santa Cruz de Tenerife;2021M05;5
38 Santa Cruz de Tenerife;2021M04;5,49
38 Santa Cruz de Tenerife;2021M03;5,01
38 Santa Cruz de Tenerife;2021M02;5,12
38 Santa Cruz de Tenerife;2021M01;5,51
38 Santa Cruz de Tenerife;2020M12;4,45
38 Santa Cruz de Tenerife;2020M11;4,62
38 Santa Cruz de Tenerife;2020M10;3,75
38 Santa Cruz de Tenerife;2020M09;4,71
38 Santa Cruz de Tenerife;2020M08;5,12
38 Santa Cruz de Tenerife;2020M07;5,12
38 Santa Cruz de Tenerife;2020M06;5,37
38 Santa Cruz de Tenerife;2020M05;31
38 Santa Cruz de Tenerife;2020M04;.
38 Santa Cruz de Tenerife;2020M03;6,53
38 Santa Cruz de Tenerife;2020M02;5,02
38 Santa Cruz de Tenerife;2020M01;4,97
38 Santa Cruz de Tenerife;2019M12;5,04
38 Santa Cruz de Tenerife;2019M11;4,53
38 Santa Cruz de Tenerife;2019M10;4,89
38 Santa Cruz de Tenerife;2019M09;4,76
38 Santa Cruz de Tenerife;2019M08;5,19
38 Santa Cruz de Tenerife;2019M07;5,19
38 Santa Cruz de Tenerife;2019M06;4,76
38 Santa Cruz de Tenerife;2019M05;4,42
38 Santa Cruz de Tenerife;2019M04;5,07
38 Santa Cruz de Tenerife;2019M03;4,86
38 Santa Cruz de Tenerife;2019M02;4,97
38 Santa Cruz de Tenerife;2019M01;5,3
38 Santa Cruz de Tenerife;2018M12;5,19
38 Santa Cruz de Tenerife;2018M11;4,95
38 Santa Cruz de Tenerife;2018M10;4,91
38 Santa Cruz de Tenerife;2018M09;4,82
38 Santa Cruz de Tenerife;2018M08;5,22
38 Santa Cruz de Tenerife;2018M07;5,22
38 Santa Cruz de Tenerife;2018M06;4,46
38 Santa Cruz de Tenerife;2018M05;4,87
38 Santa Cruz de Tenerife;2018M04;5,25
38 Santa Cruz de Tenerife;2018M03;5,49
38 Santa Cruz de Tenerife;2018M02;5,36
38 Santa Cruz de Tenerife;2018M01;5,79
38 Santa Cruz de Tenerife;2017M12;5,12
38 Santa Cruz de Tenerife;2017M11;5,06
38 Santa Cruz de Tenerife;2017M10;5,09
38 Santa Cruz de Tenerife;2017M09;4,66
38 Santa Cruz de Tenerife;2017M08;4,98
38 Santa Cruz de Tenerife;2017M07;4,67
38 Santa Cruz de Tenerife;2017M06;4,32
38 Santa Cruz de Tenerife;2017M05;4,54
38 Santa Cruz de Tenerife;2017M04;5,11
38 Santa Cruz de Tenerife;2017M03;5,33
38 Santa Cruz de Tenerife;2017M02;5,16
38 Santa Cruz de Tenerife;2017M01;5,24
38 Santa Cruz de Tenerife;2016M12;5,33
38 Santa Cruz de Tenerife;2016M11;5,22
38 Santa Cruz de Tenerife;2016M10;5,08
38 Santa Cruz de Tenerife;2016M09;4,93
38 Santa Cruz de Tenerife;2016M08;5,34
38 Santa Cruz de Tenerife;2016M07;5,34
38 Santa Cruz de Tenerife;2016M06;5,26
38 Santa Cruz de Tenerife;2016M05;5,56
38 Santa Cruz de Tenerife;2016M04;5,17
38 Santa Cruz de Tenerife;2016M03;5,64
38 Santa Cruz de Tenerife;2016M02;5,61
38 Santa Cruz de Tenerife;2016M01;5,7
38 Santa Cruz de Tenerife;2015M12;5,51
38 Santa Cruz de Tenerife;2015M11;5,88
38 Santa Cruz de Tenerife;2015M10;5,06
38 Santa Cruz de Tenerife;2015M09;5,48
38 Santa Cruz de Tenerife;2015M08;5,63
38 Santa Cruz de Tenerife;2015M07;5,7
38 Santa Cruz de Tenerife;2015M06;4,88
38 Santa Cruz de Tenerife;2015M05;4,88
38 Santa Cruz de Tenerife;2015M04;5,24
38 Santa Cruz de Tenerife;2015M03;5,52
38 Santa Cruz de Tenerife;2015M02;5,49
38 Santa Cruz de Tenerife;2015M01;5,69
38 Santa Cruz de Tenerife;2014M12;5,53
38 Santa Cruz de Tenerife;2014M11;5,61
38 Santa Cruz de Tenerife;2014M10;5,43
38 Santa Cruz de Tenerife;2014M09;4,92
38 Santa Cruz de Tenerife;2014M08;5,75
38 Santa Cruz de Tenerife;2014M07;4,95
38 Santa Cruz de Tenerife;2014M06;5,51
38 Santa Cruz de Tenerife;2014M05;4,93
38 Santa Cruz de Tenerife;2014M04;5,63
38 Santa Cruz de Tenerife;2014M03;5,58
38 Santa Cruz de Tenerife;2014M02;5,65
38 Santa Cruz de Tenerife;2014M01;6,05
38 Santa Cruz de Tenerife;2013M12;5,89
38 Santa Cruz de Tenerife;2013M11;5,66
38 Santa Cruz de Tenerife;2013M10;5,95
38 Santa Cruz de Tenerife;2013M09;5,28
38 Santa Cruz de Tenerife;2013M08;5,97
38 Santa Cruz de Tenerife;2013M07;6,3
38 Santa Cruz de Tenerife;2013M06;5,22
38 Santa Cruz de Tenerife;2013M05;6,32
38 Santa Cruz de Tenerife;2013M04;6,16
38 Santa Cruz de Tenerife;2013M03;5,4
38 Santa Cruz de Tenerife;2013M02;5,93
38 Santa Cruz de Tenerife;2013M01;5,76
38 Santa Cruz de Tenerife;2012M12;5,31
38 Santa Cruz de Tenerife;2012M11;5,96
38 Santa Cruz de Tenerife;2012M10;6,4
38 Santa Cruz de Tenerife;2012M09;6,64
38 Santa Cruz de Tenerife;2012M08;6,56
38 Santa Cruz de Tenerife;2012M07;6,21
38 Santa Cruz de Tenerife;2012M06;5,42
38 Santa Cruz de Tenerife;2012M05;6,21
38 Santa Cruz de Tenerife;2012M04;6,47
38 Santa Cruz de Tenerife;2012M03;6,13
38 Santa Cruz de Tenerife;2012M02;6,05
38 Santa Cruz de Tenerife;2012M01;7,06
38 Santa Cruz de Tenerife;2011M12;6,65
38 Santa Cruz de Tenerife;2011M11;6,63
38 Santa Cruz de Tenerife;2011M10;6,64
38 Santa Cruz de Tenerife;2011M09;5,24
38 Santa Cruz de Tenerife;2011M08;7,6
38 Santa Cruz de Tenerife;2011M07;6,55
38 Santa Cruz de Tenerife;2011M06;5,32
38 Santa Cruz de Tenerife;2011M05;5,81
38 Santa Cruz de Tenerife;2011M04;6,76
38 Santa Cruz de Tenerife;2011M03;6,09
38 Santa Cruz de Tenerife;2011M02;6,56
38 Santa Cruz de Tenerife;2011M01;6,78
38 Santa Cruz de Tenerife;2010M12;6,18
38 Santa Cruz de Tenerife;2010M11;6,26
38 Santa Cruz de Tenerife;2010M10;5,56
38 Santa Cruz de Tenerife;2010M09;5,91
38 Santa Cruz de Tenerife;2010M08;6,66
38 Santa Cruz de Tenerife;2010M07;6,2
38 Santa Cruz de Tenerife;2010M06;5,41
38 Santa Cruz de Tenerife;2010M05;5,25
38 Santa Cruz de Tenerife;2010M04;5,82
38 Santa Cruz de Tenerife;2010M03;6,26
38 Santa Cruz de Tenerife;2010M02;6,63
38 Santa Cruz de Tenerife;2010M01;8,09
38 Santa Cruz de Tenerife;2009M12;5,75
38 Santa Cruz de Tenerife;2009M11;6,38
38 Santa Cruz de Tenerife;2009M10;5,94
38 Santa Cruz de Tenerife;2009M09;7,22
38 Santa Cruz de Tenerife;2009M08;7,99
38 Santa Cruz de Tenerife;2009M07;6,41
38 Santa Cruz de Tenerife;2009M06;5,31
38 Santa Cruz de Tenerife;2009M05;5,95
38 Santa Cruz de Tenerife;2009M04;5,91
38 Santa Cruz de Tenerife;2009M03;8,01
38 Santa Cruz de Tenerife;2009M02;6,54
38 Santa Cruz de Tenerife;2009M01;8,73
38 Santa Cruz de Tenerife;2008M12;7
38 Santa Cruz de Tenerife;2008M11;6,8
38 Santa Cruz de Tenerife;2008M10;6,27
38 Santa Cruz de Tenerife;2008M09;6,77
38 Santa Cruz de Tenerife;2008M08;8,33
38 Santa Cruz de Tenerife;2008M07;6,58
38 Santa Cruz de Tenerife;2008M06;6,2
38 Santa Cruz de Tenerife;2008M05;8,08
38 Santa Cruz de Tenerife;2008M04;7,14
38 Santa Cruz de Tenerife;2008M03;8,67
38 Santa Cruz de Tenerife;2008M02;7,83
38 Santa Cruz de Tenerife;2008M01;8
38 Santa Cruz de Tenerife;2007M12;7,62
38 Santa Cruz de Tenerife;2007M11;9,18
38 Santa Cruz de Tenerife;2007M10;7,03
38 Santa Cruz de Tenerife;2007M09;5,73
38 Santa Cruz de Tenerife;2007M08;8,3
38 Santa Cruz de Tenerife;2007M07;8,76
38 Santa Cruz de Tenerife;2007M06;6,08
38 Santa Cruz de Tenerife;2007M05;8,13
38 Santa Cruz de Tenerife;2007M04;8,15
38 Santa Cruz de Tenerife;2007M03;7,46
38 Santa Cruz de Tenerife;2007M02;8,04
38 Santa Cruz de Tenerife;2007M01;12,48
38 Santa Cruz de Tenerife;2006M12;7,76
38 Santa Cruz de Tenerife;2006M11;8,41
38 Santa Cruz de Tenerife;2006M10;9,18
38 Santa Cruz de Tenerife;2006M09;9,27
38 Santa Cruz de Tenerife;2006M08;11,82
38 Santa Cruz de Tenerife;2006M07;17,03
38 Santa Cruz de Tenerife;2006M06;13,47
38 Santa Cruz de Tenerife;2006M05;8,78
38 Santa Cruz de Tenerife;2006M04;10,97
38 Santa Cruz de Tenerife;2006M03;10,26
38 Santa Cruz de Tenerife;2006M02;12,98
38 Santa Cruz de Tenerife;2006M01;11,82
38 Santa Cruz de Tenerife;2005M12;7,74
38 Santa Cruz de Tenerife;2005M11;8,62
38 Santa Cruz de Tenerife;2005M10;8,76
38 Santa Cruz de Tenerife;2005M09;9,51
38 Santa Cruz de Tenerife;2005M08;11,11
38 Santa Cruz de Tenerife;2005M07;10,74
38 Santa Cruz de Tenerife;2005M06;8,05
38 Santa Cruz de Tenerife;2005M05;10,08
38 Santa Cruz de Tenerife;2005M04;10,81
38 Santa Cruz de Tenerife;2005M03;10,23
38 Santa Cruz de Tenerife;2005M02;7,76
38 Santa Cruz de Tenerife;2005M01;8,16
40 Segovia;2026M06;2,05
40 Segovia;2026M05;2
40 Segovia;2026M04;2,18
40 Segovia;2026M03;2,01
40 Segovia;2026M02;2,05
40 Segovia;2026M01;2
40 Segovia;2025M12;2,47
40 Segovia;2025M11;1,89
40 Segovia;2025M10;1,95
40 Segovia;2025M09;2,18
40 Segovia;2025M08;3,16
40 Segovia;2025M07;2,31
40 Segovia;2025M06;2,07
40 Segovia;2025M05;2,12
40 Segovia;2025M04;2,32
40 Segovia;2025M03;1,9
40 Segovia;2025M02;1,79
40 Segovia;2025M01;1,77
40 Segovia;2024M12;2,42
40 Segovia;2024M11;2
40 Segovia;2024M10;1,91
40 Segovia;2024M09;1,87
40 Segovia;2024M08;2,83
40 Segovia;2024M07;2,61
40 Segovia;2024M06;2,2
40 Segovia;2024M05;2,02
40 Segovia;2024M04;1,91
40 Segovia;2024M03;2,24
40 Segovia;2024M02;1,82
40 Segovia;2024M01;1,89
40 Segovia;2023M12;2,47
40 Segovia;2023M11;1,87
40 Segovia;2023M10;1,95
40 Segovia;2023M09;1,79
40 Segovia;2023M08;2,81
40 Segovia;2023M07;2,01
40 Segovia;2023M06;1,86
40 Segovia;2023M05;1,95
40 Segovia;2023M04;2,13
40 Segovia;2023M03;1,99
40 Segovia;2023M02;1,87
40 Segovia;2023M01;2,22
40 Segovia;2022M12;2,25
40 Segovia;2022M11;1,85
40 Segovia;2022M10;1,98
40 Segovia;2022M09;2
40 Segovia;2022M08;3,42
40 Segovia;2022M07;2,4
40 Segovia;2022M06;1,87
40 Segovia;2022M05;1,89
40 Segovia;2022M04;2,41
40 Segovia;2022M03;1,89
40 Segovia;2022M02;1,79
40 Segovia;2022M01;1,88
40 Segovia;2021M12;2,3
40 Segovia;2021M11;1,81
40 Segovia;2021M10;1,95
40 Segovia;2021M09;1,84
40 Segovia;2021M08;2,92
40 Segovia;2021M07;2,19
40 Segovia;2021M06;1,82
40 Segovia;2021M05;1,63
40 Segovia;2021M04;1,72
40 Segovia;2021M03;1,42
40 Segovia;2021M02;1,47
40 Segovia;2021M01;1,59
40 Segovia;2020M12;2,33
40 Segovia;2020M11;.
40 Segovia;2020M10;1,83
40 Segovia;2020M09;1,71
40 Segovia;2020M08;3,32
40 Segovia;2020M07;2,52
40 Segovia;2020M06;1,86
40 Segovia;2020M05;.
40 Segovia;2020M04;.
40 Segovia;2020M03;1,93
40 Segovia;2020M02;1,55
40 Segovia;2020M01;1,59
40 Segovia;2019M12;2,48
40 Segovia;2019M11;1,87
40 Segovia;2019M10;1,77
40 Segovia;2019M09;2,07
40 Segovia;2019M08;2,89
40 Segovia;2019M07;2,45
40 Segovia;2019M06;2,08
40 Segovia;2019M05;2,04
40 Segovia;2019M04;2,45
40 Segovia;2019M03;1,75
40 Segovia;2019M02;1,73
40 Segovia;2019M01;1,98
40 Segovia;2018M12;2,42
40 Segovia;2018M11;1,91
40 Segovia;2018M10;1,99
40 Segovia;2018M09;1,96
40 Segovia;2018M08;2,75
40 Segovia;2018M07;2,25
40 Segovia;2018M06;1,94
40 Segovia;2018M05;1,88
40 Segovia;2018M04;2,02
40 Segovia;2018M03;2,22
40 Segovia;2018M02;1,85
40 Segovia;2018M01;1,78
40 Segovia;2017M12;2,32
40 Segovia;2017M11;1,86
40 Segovia;2017M10;2
40 Segovia;2017M09;1,92
40 Segovia;2017M08;2,77
40 Segovia;2017M07;1,95
40 Segovia;2017M06;1,83
40 Segovia;2017M05;1,93
40 Segovia;2017M04;2,25
40 Segovia;2017M03;1,8
40 Segovia;2017M02;1,79
40 Segovia;2017M01;2
40 Segovia;2016M12;2,3
40 Segovia;2016M11;2
40 Segovia;2016M10;1,91
40 Segovia;2016M09;1,85
40 Segovia;2016M08;2,57
40 Segovia;2016M07;2,15
40 Segovia;2016M06;1,95
40 Segovia;2016M05;1,88
40 Segovia;2016M04;1,88
40 Segovia;2016M03;2,12
40 Segovia;2016M02;1,88
40 Segovia;2016M01;1,79
40 Segovia;2015M12;2,29
40 Segovia;2015M11;1,82
40 Segovia;2015M10;1,87
40 Segovia;2015M09;1,83
40 Segovia;2015M08;2,49
40 Segovia;2015M07;2,02
40 Segovia;2015M06;1,78
40 Segovia;2015M05;1,85
40 Segovia;2015M04;2,11
40 Segovia;2015M03;1,77
40 Segovia;2015M02;1,73
40 Segovia;2015M01;1,81
40 Segovia;2014M12;2,32
40 Segovia;2014M11;1,99
40 Segovia;2014M10;1,91
40 Segovia;2014M09;2,09
40 Segovia;2014M08;3,04
40 Segovia;2014M07;2,02
40 Segovia;2014M06;1,91
40 Segovia;2014M05;2
40 Segovia;2014M04;2,22
40 Segovia;2014M03;1,67
40 Segovia;2014M02;1,66
40 Segovia;2014M01;1,56
40 Segovia;2013M12;2,19
40 Segovia;2013M11;1,87
40 Segovia;2013M10;1,73
40 Segovia;2013M09;1,85
40 Segovia;2013M08;2,95
40 Segovia;2013M07;1,98
40 Segovia;2013M06;1,72
40 Segovia;2013M05;1,81
40 Segovia;2013M04;1,87
40 Segovia;2013M03;2,32
40 Segovia;2013M02;1,77
40 Segovia;2013M01;1,72
40 Segovia;2012M12;1,87
40 Segovia;2012M11;1,89
40 Segovia;2012M10;2,01
40 Segovia;2012M09;1,99
40 Segovia;2012M08;2,78
40 Segovia;2012M07;2,01
40 Segovia;2012M06;1,65
40 Segovia;2012M05;1,89
40 Segovia;2012M04;2,52
40 Segovia;2012M03;1,67
40 Segovia;2012M02;1,69
40 Segovia;2012M01;2,08
40 Segovia;2011M12;2,14
40 Segovia;2011M11;1,89
40 Segovia;2011M10;1,83
40 Segovia;2011M09;1,78
40 Segovia;2011M08;2,97
40 Segovia;2011M07;1,97
40 Segovia;2011M06;1,83
40 Segovia;2011M05;1,91
40 Segovia;2011M04;1,9
40 Segovia;2011M03;1,85
40 Segovia;2011M02;1,97
40 Segovia;2011M01;1,7
40 Segovia;2010M12;2,3
40 Segovia;2010M11;1,71
40 Segovia;2010M10;2,02
40 Segovia;2010M09;2,07
40 Segovia;2010M08;2,79
40 Segovia;2010M07;1,95
40 Segovia;2010M06;1,88
40 Segovia;2010M05;1,65
40 Segovia;2010M04;2,15
40 Segovia;2010M03;2,01
40 Segovia;2010M02;1,8
40 Segovia;2010M01;1,87
40 Segovia;2009M12;2,35
40 Segovia;2009M11;1,97
40 Segovia;2009M10;2,18
40 Segovia;2009M09;2,08
40 Segovia;2009M08;3,2
40 Segovia;2009M07;2,13
40 Segovia;2009M06;1,89
40 Segovia;2009M05;2,05
40 Segovia;2009M04;2,5
40 Segovia;2009M03;2,09
40 Segovia;2009M02;1,91
40 Segovia;2009M01;2,04
40 Segovia;2008M12;2,38
40 Segovia;2008M11;1,69
40 Segovia;2008M10;1,79
40 Segovia;2008M09;1,98
40 Segovia;2008M08;3,03
40 Segovia;2008M07;2,14
40 Segovia;2008M06;1,85
40 Segovia;2008M05;2,27
40 Segovia;2008M04;1,92
40 Segovia;2008M03;2,47
40 Segovia;2008M02;1,8
40 Segovia;2008M01;2,11
40 Segovia;2007M12;2,39
40 Segovia;2007M11;2,25
40 Segovia;2007M10;2,12
40 Segovia;2007M09;2,01
40 Segovia;2007M08;2,73
40 Segovia;2007M07;2,01
40 Segovia;2007M06;1,71
40 Segovia;2007M05;1,84
40 Segovia;2007M04;2,49
40 Segovia;2007M03;1,74
40 Segovia;2007M02;1,93
40 Segovia;2007M01;2,02
40 Segovia;2006M12;2,3
40 Segovia;2006M11;1,99
40 Segovia;2006M10;1,98
40 Segovia;2006M09;2,02
40 Segovia;2006M08;2,95
40 Segovia;2006M07;1,94
40 Segovia;2006M06;1,65
40 Segovia;2006M05;1,89
40 Segovia;2006M04;2,33
40 Segovia;2006M03;2,12
40 Segovia;2006M02;1,82
40 Segovia;2006M01;1,89
40 Segovia;2005M12;2,05
40 Segovia;2005M11;1,82
40 Segovia;2005M10;1,73
40 Segovia;2005M09;1,81
40 Segovia;2005M08;2,92
40 Segovia;2005M07;2,08
40 Segovia;2005M06;1,85
40 Segovia;2005M05;2,04
40 Segovia;2005M04;1,56
40 Segovia;2005M03;2,39
40 Segovia;2005M02;1,81
40 Segovia;2005M01;1,88
41 Sevilla;2026M06;3,41
41 Sevilla;2026M05;2,76
41 Sevilla;2026M04;3,25
41 Sevilla;2026M03;3,18
41 Sevilla;2026M02;2,29
41 Sevilla;2026M01;1,94
41 Sevilla;2025M12;2,73
41 Sevilla;2025M11;2,22
41 Sevilla;2025M10;2,28
41 Sevilla;2025M09;2,89
41 Sevilla;2025M08;3,96
41 Sevilla;2025M07;3,77
41 Sevilla;2025M06;3,41
41 Sevilla;2025M05;3,71
41 Sevilla;2025M04;3,53
41 Sevilla;2025M03;2,95
41 Sevilla;2025M02;2,73
41 Sevilla;2025M01;2,35
41 Sevilla;2024M12;2,71
41 Sevilla;2024M11;2,39
41 Sevilla;2024M10;2,45
41 Sevilla;2024M09;2,82
41 Sevilla;2024M08;4,48
41 Sevilla;2024M07;4,08
41 Sevilla;2024M06;2,51
41 Sevilla;2024M05;2,66
41 Sevilla;2024M04;2,55
41 Sevilla;2024M03;2,75
41 Sevilla;2024M02;2,36
41 Sevilla;2024M01;2,54
41 Sevilla;2023M12;3,11
41 Sevilla;2023M11;2,38
41 Sevilla;2023M10;3,14
41 Sevilla;2023M09;2,92
41 Sevilla;2023M08;5,23
41 Sevilla;2023M07;3,84
41 Sevilla;2023M06;2,87
41 Sevilla;2023M05;3,15
41 Sevilla;2023M04;3,05
41 Sevilla;2023M03;2,73
41 Sevilla;2023M02;2,83
41 Sevilla;2023M01;2,91
41 Sevilla;2022M12;2,68
41 Sevilla;2022M11;2,57
41 Sevilla;2022M10;2,63
41 Sevilla;2022M09;2,67
41 Sevilla;2022M08;4,49
41 Sevilla;2022M07;3,64
41 Sevilla;2022M06;2,88
41 Sevilla;2022M05;2,49
41 Sevilla;2022M04;2,78
41 Sevilla;2022M03;2,34
41 Sevilla;2022M02;2,52
41 Sevilla;2022M01;2,59
41 Sevilla;2021M12;2,3
41 Sevilla;2021M11;1,96
41 Sevilla;2021M10;2,46
41 Sevilla;2021M09;2,54
41 Sevilla;2021M08;4,53
41 Sevilla;2021M07;3,99
41 Sevilla;2021M06;2,63
41 Sevilla;2021M05;2,37
41 Sevilla;2021M04;2,64
41 Sevilla;2021M03;2,48
41 Sevilla;2021M02;3,17
41 Sevilla;2021M01;6,69
41 Sevilla;2020M12;2,97
41 Sevilla;2020M11;21,95
41 Sevilla;2020M10;2,31
41 Sevilla;2020M09;2,92
41 Sevilla;2020M08;4,48
41 Sevilla;2020M07;4,72
41 Sevilla;2020M06;2,39
41 Sevilla;2020M05;2,51
41 Sevilla;2020M04;.
41 Sevilla;2020M03;2,71
41 Sevilla;2020M02;2,22
41 Sevilla;2020M01;2,23
41 Sevilla;2019M12;2,49
41 Sevilla;2019M11;1,89
41 Sevilla;2019M10;2,2
41 Sevilla;2019M09;1,96
41 Sevilla;2019M08;3,77
41 Sevilla;2019M07;3,2
41 Sevilla;2019M06;1,89
41 Sevilla;2019M05;1,94
41 Sevilla;2019M04;2,14
41 Sevilla;2019M03;1,75
41 Sevilla;2019M02;1,81
41 Sevilla;2019M01;1,93
41 Sevilla;2018M12;2,1
41 Sevilla;2018M11;2,1
41 Sevilla;2018M10;2,04
41 Sevilla;2018M09;2,13
41 Sevilla;2018M08;3,13
41 Sevilla;2018M07;2,46
41 Sevilla;2018M06;2,1
41 Sevilla;2018M05;2,11
41 Sevilla;2018M04;2,03
41 Sevilla;2018M03;2,24
41 Sevilla;2018M02;2,18
41 Sevilla;2018M01;2,19
41 Sevilla;2017M12;2,31
41 Sevilla;2017M11;1,94
41 Sevilla;2017M10;1,95
41 Sevilla;2017M09;2,22
41 Sevilla;2017M08;3,05
41 Sevilla;2017M07;2,75
41 Sevilla;2017M06;2,07
41 Sevilla;2017M05;2,03
41 Sevilla;2017M04;2,45
41 Sevilla;2017M03;1,9
41 Sevilla;2017M02;2,27
41 Sevilla;2017M01;1,83
41 Sevilla;2016M12;2,32
41 Sevilla;2016M11;2,15
41 Sevilla;2016M10;2,54
41 Sevilla;2016M09;2,26
41 Sevilla;2016M08;3,63
41 Sevilla;2016M07;2,68
41 Sevilla;2016M06;2,2
41 Sevilla;2016M05;2,27
41 Sevilla;2016M04;2,34
41 Sevilla;2016M03;2,49
41 Sevilla;2016M02;2,44
41 Sevilla;2016M01;2,26
41 Sevilla;2015M12;2,54
41 Sevilla;2015M11;2,31
41 Sevilla;2015M10;2,23
41 Sevilla;2015M09;2,18
41 Sevilla;2015M08;3,7
41 Sevilla;2015M07;2,72
41 Sevilla;2015M06;2,44
41 Sevilla;2015M05;2,49
41 Sevilla;2015M04;2,33
41 Sevilla;2015M03;2,01
41 Sevilla;2015M02;1,99
41 Sevilla;2015M01;2,34
41 Sevilla;2014M12;2,53
41 Sevilla;2014M11;2,17
41 Sevilla;2014M10;2,39
41 Sevilla;2014M09;3,18
41 Sevilla;2014M08;3,13
41 Sevilla;2014M07;3,5
41 Sevilla;2014M06;2,12
41 Sevilla;2014M05;2,55
41 Sevilla;2014M04;2,79
41 Sevilla;2014M03;2,12
41 Sevilla;2014M02;1,86
41 Sevilla;2014M01;2,24
41 Sevilla;2013M12;2,27
41 Sevilla;2013M11;1,87
41 Sevilla;2013M10;2,21
41 Sevilla;2013M09;2,08
41 Sevilla;2013M08;2,93
41 Sevilla;2013M07;2,35
41 Sevilla;2013M06;2
41 Sevilla;2013M05;2,55
41 Sevilla;2013M04;2,46
41 Sevilla;2013M03;2,53
41 Sevilla;2013M02;2,04
41 Sevilla;2013M01;2,25
41 Sevilla;2012M12;2,59
41 Sevilla;2012M11;2,4
41 Sevilla;2012M10;2,03
41 Sevilla;2012M09;2,5
41 Sevilla;2012M08;3,86
41 Sevilla;2012M07;3,72
41 Sevilla;2012M06;2,58
41 Sevilla;2012M05;2,67
41 Sevilla;2012M04;2,83
41 Sevilla;2012M03;1,73
41 Sevilla;2012M02;1,83
41 Sevilla;2012M01;2,39
41 Sevilla;2011M12;2,08
41 Sevilla;2011M11;1,9
41 Sevilla;2011M10;2,56
41 Sevilla;2011M09;3,33
41 Sevilla;2011M08;3,92
41 Sevilla;2011M07;2,7
41 Sevilla;2011M06;2,96
41 Sevilla;2011M05;1,82
41 Sevilla;2011M04;2,82
41 Sevilla;2011M03;1,61
41 Sevilla;2011M02;2,55
41 Sevilla;2011M01;3,54
41 Sevilla;2010M12;2,91
41 Sevilla;2010M11;1,75
41 Sevilla;2010M10;2,24
41 Sevilla;2010M09;2,22
41 Sevilla;2010M08;3,68
41 Sevilla;2010M07;2,03
41 Sevilla;2010M06;2,4
41 Sevilla;2010M05;2,81
41 Sevilla;2010M04;3,84
41 Sevilla;2010M03;2,18
41 Sevilla;2010M02;1,67
41 Sevilla;2010M01;2,58
41 Sevilla;2009M12;2,9
41 Sevilla;2009M11;2,49
41 Sevilla;2009M10;2,63
41 Sevilla;2009M09;1,92
41 Sevilla;2009M08;3,89
41 Sevilla;2009M07;2,66
41 Sevilla;2009M06;2,63
41 Sevilla;2009M05;2,2
41 Sevilla;2009M04;3,22
41 Sevilla;2009M03;2,47
41 Sevilla;2009M02;2,43
41 Sevilla;2009M01;2,4
41 Sevilla;2008M12;2,16
41 Sevilla;2008M11;2,66
41 Sevilla;2008M10;2,39
41 Sevilla;2008M09;2,65
41 Sevilla;2008M08;4,61
41 Sevilla;2008M07;3,39
41 Sevilla;2008M06;2,92
41 Sevilla;2008M05;4,23
41 Sevilla;2008M04;3,89
41 Sevilla;2008M03;3,53
41 Sevilla;2008M02;2,37
41 Sevilla;2008M01;1,75
41 Sevilla;2007M12;3,03
41 Sevilla;2007M11;2,78
41 Sevilla;2007M10;2,19
41 Sevilla;2007M09;2,46
41 Sevilla;2007M08;3,95
41 Sevilla;2007M07;2,42
41 Sevilla;2007M06;1,9
41 Sevilla;2007M05;2,7
41 Sevilla;2007M04;3,67
41 Sevilla;2007M03;2,17
41 Sevilla;2007M02;2,4
41 Sevilla;2007M01;2,94
41 Sevilla;2006M12;2,61
41 Sevilla;2006M11;2,51
41 Sevilla;2006M10;2,37
41 Sevilla;2006M09;3,19
41 Sevilla;2006M08;4,11
41 Sevilla;2006M07;3,37
41 Sevilla;2006M06;2,99
41 Sevilla;2006M05;2,98
41 Sevilla;2006M04;3,03
41 Sevilla;2006M03;3,8
41 Sevilla;2006M02;2,98
41 Sevilla;2006M01;3,58
41 Sevilla;2005M12;2,43
41 Sevilla;2005M11;2,08
41 Sevilla;2005M10;2,13
41 Sevilla;2005M09;3,07
41 Sevilla;2005M08;4,55
41 Sevilla;2005M07;3,06
41 Sevilla;2005M06;2,06
41 Sevilla;2005M05;2,49
41 Sevilla;2005M04;2,42
41 Sevilla;2005M03;2,77
41 Sevilla;2005M02;2,31
41 Sevilla;2005M01;2,17
42 Soria;2026M06;1,98
42 Soria;2026M05;1,93
42 Soria;2026M04;2,35
42 Soria;2026M03;2,16
42 Soria;2026M02;2,17
42 Soria;2026M01;2,81
42 Soria;2025M12;2,61
42 Soria;2025M11;2,2
42 Soria;2025M10;2,1
42 Soria;2025M09;2,25
42 Soria;2025M08;3,34
42 Soria;2025M07;2,31
42 Soria;2025M06;1,99
42 Soria;2025M05;1,99
42 Soria;2025M04;2,43
42 Soria;2025M03;2,22
42 Soria;2025M02;2
42 Soria;2025M01;2,48
42 Soria;2024M12;2,59
42 Soria;2024M11;2,12
42 Soria;2024M10;2,16
42 Soria;2024M09;2,56
42 Soria;2024M08;4
42 Soria;2024M07;2,92
42 Soria;2024M06;2,33
42 Soria;2024M05;2,25
42 Soria;2024M04;2,29
42 Soria;2024M03;2,74
42 Soria;2024M02;2,41
42 Soria;2024M01;2,57
42 Soria;2023M12;2,82
42 Soria;2023M11;2,48
42 Soria;2023M10;2,51
42 Soria;2023M09;2,71
42 Soria;2023M08;3,74
42 Soria;2023M07;3,31
42 Soria;2023M06;2,43
42 Soria;2023M05;2,18
42 Soria;2023M04;2,55
42 Soria;2023M03;2,4
42 Soria;2023M02;2,38
42 Soria;2023M01;2,55
42 Soria;2022M12;2,82
42 Soria;2022M11;2,39
42 Soria;2022M10;2,4
42 Soria;2022M09;2,27
42 Soria;2022M08;3,61
42 Soria;2022M07;3,39
42 Soria;2022M06;2,48
42 Soria;2022M05;2,35
42 Soria;2022M04;2,69
42 Soria;2022M03;2,15
42 Soria;2022M02;2,15
42 Soria;2022M01;2,41
42 Soria;2021M12;2,55
42 Soria;2021M11;2,12
42 Soria;2021M10;2,46
42 Soria;2021M09;1,99
42 Soria;2021M08;3,67
42 Soria;2021M07;2,55
42 Soria;2021M06;2,28
42 Soria;2021M05;2,09
42 Soria;2021M04;2,63
42 Soria;2021M03;2,21
42 Soria;2021M02;3,69
42 Soria;2021M01;10,29
42 Soria;2020M12;3,36
42 Soria;2020M11;.
42 Soria;2020M10;2,18
42 Soria;2020M09;2,08
42 Soria;2020M08;3,48
42 Soria;2020M07;3,15
42 Soria;2020M06;2,44
42 Soria;2020M05;.
42 Soria;2020M04;.
42 Soria;2020M03;2,04
42 Soria;2020M02;1,9
42 Soria;2020M01;1,91
42 Soria;2019M12;3,06
42 Soria;2019M11;2,05
42 Soria;2019M10;2,04
42 Soria;2019M09;1,97
42 Soria;2019M08;3,38
42 Soria;2019M07;2,27
42 Soria;2019M06;1,87
42 Soria;2019M05;2,17
42 Soria;2019M04;2,42
42 Soria;2019M03;1,96
42 Soria;2019M02;1,85
42 Soria;2019M01;2,17
42 Soria;2018M12;2,89
42 Soria;2018M11;2,25
42 Soria;2018M10;2,33
42 Soria;2018M09;2,16
42 Soria;2018M08;3,72
42 Soria;2018M07;2,53
42 Soria;2018M06;2,08
42 Soria;2018M05;1,86
42 Soria;2018M04;2,26
42 Soria;2018M03;2,39
42 Soria;2018M02;1,93
42 Soria;2018M01;2,07
42 Soria;2017M12;2,78
42 Soria;2017M11;2,09
42 Soria;2017M10;2,25
42 Soria;2017M09;2,3
42 Soria;2017M08;4,04
42 Soria;2017M07;2,7
42 Soria;2017M06;2,28
42 Soria;2017M05;2,19
42 Soria;2017M04;2,82
42 Soria;2017M03;2,11
42 Soria;2017M02;1,87
42 Soria;2017M01;2,04
42 Soria;2016M12;2,41
42 Soria;2016M11;2,04
42 Soria;2016M10;2,31
42 Soria;2016M09;1,94
42 Soria;2016M08;3,63
42 Soria;2016M07;2,75
42 Soria;2016M06;2,07
42 Soria;2016M05;2,11
42 Soria;2016M04;1,88
42 Soria;2016M03;2,7
42 Soria;2016M02;1,96
42 Soria;2016M01;2,74
42 Soria;2015M12;2,52
42 Soria;2015M11;2,05
42 Soria;2015M10;2,21
42 Soria;2015M09;2,02
42 Soria;2015M08;3,79
42 Soria;2015M07;2,45
42 Soria;2015M06;2,19
42 Soria;2015M05;2,09
42 Soria;2015M04;2,35
42 Soria;2015M03;1,95
42 Soria;2015M02;1,76
42 Soria;2015M01;2,56
42 Soria;2014M12;2,18
42 Soria;2014M11;2,11
42 Soria;2014M10;2,03
42 Soria;2014M09;1,93
42 Soria;2014M08;3,61
42 Soria;2014M07;2,67
42 Soria;2014M06;1,94
42 Soria;2014M05;2,18
42 Soria;2014M04;2,62
42 Soria;2014M03;1,82
42 Soria;2014M02;1,79
42 Soria;2014M01;2,17
42 Soria;2013M12;2,33
42 Soria;2013M11;1,94
42 Soria;2013M10;1,93
42 Soria;2013M09;2,09
42 Soria;2013M08;3,45
42 Soria;2013M07;2,47
42 Soria;2013M06;1,88
42 Soria;2013M05;1,93
42 Soria;2013M04;1,95
42 Soria;2013M03;2,6
42 Soria;2013M02;1,78
42 Soria;2013M01;1,87
42 Soria;2012M12;2,31
42 Soria;2012M11;2,27
42 Soria;2012M10;2,18
42 Soria;2012M09;2,08
42 Soria;2012M08;4,1
42 Soria;2012M07;2,77
42 Soria;2012M06;1,91
42 Soria;2012M05;1,81
42 Soria;2012M04;2,67
42 Soria;2012M03;1,99
42 Soria;2012M02;1,87
42 Soria;2012M01;2,31
42 Soria;2011M12;2,53
42 Soria;2011M11;1,85
42 Soria;2011M10;2,21
42 Soria;2011M09;2,08
42 Soria;2011M08;4,14
42 Soria;2011M07;2,49
42 Soria;2011M06;2,3
42 Soria;2011M05;2,22
42 Soria;2011M04;2,61
42 Soria;2011M03;1,79
42 Soria;2011M02;1,8
42 Soria;2011M01;2,3
42 Soria;2010M12;2,59
42 Soria;2010M11;1,92
42 Soria;2010M10;2,63
42 Soria;2010M09;2,16
42 Soria;2010M08;4,17
42 Soria;2010M07;2,61
42 Soria;2010M06;2,48
42 Soria;2010M05;2,15
42 Soria;2010M04;3,12
42 Soria;2010M03;2,42
42 Soria;2010M02;2,05
42 Soria;2010M01;2,88
42 Soria;2009M12;2,67
42 Soria;2009M11;1,97
42 Soria;2009M10;2,44
42 Soria;2009M09;2,32
42 Soria;2009M08;4,31
42 Soria;2009M07;3,21
42 Soria;2009M06;2,27
42 Soria;2009M05;2,62
42 Soria;2009M04;2,8
42 Soria;2009M03;2,22
42 Soria;2009M02;1,96
42 Soria;2009M01;3,29
42 Soria;2008M12;2,77
42 Soria;2008M11;2,09
42 Soria;2008M10;2,18
42 Soria;2008M09;2,77
42 Soria;2008M08;4,37
42 Soria;2008M07;3,11
42 Soria;2008M06;2,29
42 Soria;2008M05;2,79
42 Soria;2008M04;2,06
42 Soria;2008M03;3,07
42 Soria;2008M02;1,77
42 Soria;2008M01;2,43
42 Soria;2007M12;2,76
42 Soria;2007M11;2,6
42 Soria;2007M10;2,27
42 Soria;2007M09;2,74
42 Soria;2007M08;4,27
42 Soria;2007M07;3,12
42 Soria;2007M06;2,34
42 Soria;2007M05;2,36
42 Soria;2007M04;3,19
42 Soria;2007M03;2,04
42 Soria;2007M02;2
42 Soria;2007M01;2,94
42 Soria;2006M12;2,4
42 Soria;2006M11;2,05
42 Soria;2006M10;2,56
42 Soria;2006M09;2,25
42 Soria;2006M08;3,9
42 Soria;2006M07;3,21
42 Soria;2006M06;2,06
42 Soria;2006M05;2,21
42 Soria;2006M04;2,81
42 Soria;2006M03;1,91
42 Soria;2006M02;1,88
42 Soria;2006M01;1,99
42 Soria;2005M12;2,62
42 Soria;2005M11;1,92
42 Soria;2005M10;2,11
42 Soria;2005M09;2,14
42 Soria;2005M08;4,07
42 Soria;2005M07;2,85
42 Soria;2005M06;2,14
42 Soria;2005M05;2,32
42 Soria;2005M04;1,66
42 Soria;2005M03;2,74
42 Soria;2005M02;1,63
42 Soria;2005M01;1,91
43 Tarragona;2026M06;2,36
43 Tarragona;2026M05;2,11
43 Tarragona;2026M04;2,28
43 Tarragona;2026M03;1,94
43 Tarragona;2026M02;2,34
43 Tarragona;2026M01;1,96
43 Tarragona;2025M12;2,27
43 Tarragona;2025M11;2,17
43 Tarragona;2025M10;1,95
43 Tarragona;2025M09;2,41
43 Tarragona;2025M08;5,11
43 Tarragona;2025M07;3,8
43 Tarragona;2025M06;2,65
43 Tarragona;2025M05;2,41
43 Tarragona;2025M04;2,59
43 Tarragona;2025M03;1,92
43 Tarragona;2025M02;1,77
43 Tarragona;2025M01;1,58
43 Tarragona;2024M12;2,14
43 Tarragona;2024M11;2,13
43 Tarragona;2024M10;2,37
43 Tarragona;2024M09;2,14
43 Tarragona;2024M08;3,49
43 Tarragona;2024M07;3,37
43 Tarragona;2024M06;1,95
43 Tarragona;2024M05;1,97
43 Tarragona;2024M04;1,84
43 Tarragona;2024M03;2,31
43 Tarragona;2024M02;2,26
43 Tarragona;2024M01;2,03
43 Tarragona;2023M12;2,9
43 Tarragona;2023M11;2,49
43 Tarragona;2023M10;2,84
43 Tarragona;2023M09;2,43
43 Tarragona;2023M08;4,29
43 Tarragona;2023M07;3,28
43 Tarragona;2023M06;2,25
43 Tarragona;2023M05;2,63
43 Tarragona;2023M04;2,69
43 Tarragona;2023M03;1,76
43 Tarragona;2023M02;1,82
43 Tarragona;2023M01;1,99
43 Tarragona;2022M12;2,43
43 Tarragona;2022M11;2,24
43 Tarragona;2022M10;2,11
43 Tarragona;2022M09;2,15
43 Tarragona;2022M08;5,07
43 Tarragona;2022M07;3,97
43 Tarragona;2022M06;2,31
43 Tarragona;2022M05;2,12
43 Tarragona;2022M04;2,89
43 Tarragona;2022M03;2,12
43 Tarragona;2022M02;2,01
43 Tarragona;2022M01;2,29
43 Tarragona;2021M12;2,53
43 Tarragona;2021M11;3,14
43 Tarragona;2021M10;2,76
43 Tarragona;2021M09;2,54
43 Tarragona;2021M08;5,82
43 Tarragona;2021M07;3,69
43 Tarragona;2021M06;2,55
43 Tarragona;2021M05;2,01
43 Tarragona;2021M04;2,83
43 Tarragona;2021M03;2,37
43 Tarragona;2021M02;1,82
43 Tarragona;2021M01;4,77
43 Tarragona;2020M12;1,96
43 Tarragona;2020M11;2,04
43 Tarragona;2020M10;2,35
43 Tarragona;2020M09;2,25
43 Tarragona;2020M08;4,03
43 Tarragona;2020M07;2,97
43 Tarragona;2020M06;2,01
43 Tarragona;2020M05;2,65
43 Tarragona;2020M04;.
43 Tarragona;2020M03;1,85
43 Tarragona;2020M02;1,76
43 Tarragona;2020M01;1,72
43 Tarragona;2019M12;2,34
43 Tarragona;2019M11;1,91
43 Tarragona;2019M10;2,05
43 Tarragona;2019M09;1,98
43 Tarragona;2019M08;4,17
43 Tarragona;2019M07;3,53
43 Tarragona;2019M06;2,03
43 Tarragona;2019M05;1,95
43 Tarragona;2019M04;2,44
43 Tarragona;2019M03;1,71
43 Tarragona;2019M02;1,63
43 Tarragona;2019M01;1,69
43 Tarragona;2018M12;2,39
43 Tarragona;2018M11;2,19
43 Tarragona;2018M10;2,1
43 Tarragona;2018M09;2,36
43 Tarragona;2018M08;4,19
43 Tarragona;2018M07;3,36
43 Tarragona;2018M06;1,99
43 Tarragona;2018M05;2,07
43 Tarragona;2018M04;2,37
43 Tarragona;2018M03;2,36
43 Tarragona;2018M02;1,91
43 Tarragona;2018M01;1,87
43 Tarragona;2017M12;2,43
43 Tarragona;2017M11;2,02
43 Tarragona;2017M10;2,2
43 Tarragona;2017M09;2,29
43 Tarragona;2017M08;3,81
43 Tarragona;2017M07;2,72
43 Tarragona;2017M06;2,1
43 Tarragona;2017M05;2,05
43 Tarragona;2017M04;2,5
43 Tarragona;2017M03;1,59
43 Tarragona;2017M02;1,77
43 Tarragona;2017M01;1,86
43 Tarragona;2016M12;2,23
43 Tarragona;2016M11;2,01
43 Tarragona;2016M10;2,31
43 Tarragona;2016M09;2,34
43 Tarragona;2016M08;4,47
43 Tarragona;2016M07;3,15
43 Tarragona;2016M06;2,27
43 Tarragona;2016M05;2,29
43 Tarragona;2016M04;1,91
43 Tarragona;2016M03;2,49
43 Tarragona;2016M02;1,8
43 Tarragona;2016M01;2,33
43 Tarragona;2015M12;2,03
43 Tarragona;2015M11;1,91
43 Tarragona;2015M10;1,98
43 Tarragona;2015M09;2,54
43 Tarragona;2015M08;3,85
43 Tarragona;2015M07;3,33
43 Tarragona;2015M06;1,94
43 Tarragona;2015M05;1,81
43 Tarragona;2015M04;2,17
43 Tarragona;2015M03;1,7
43 Tarragona;2015M02;1,4
43 Tarragona;2015M01;1,97
43 Tarragona;2014M12;2,33
43 Tarragona;2014M11;1,61
43 Tarragona;2014M10;1,74
43 Tarragona;2014M09;2,37
43 Tarragona;2014M08;4,86
43 Tarragona;2014M07;4,04
43 Tarragona;2014M06;2,12
43 Tarragona;2014M05;1,99
43 Tarragona;2014M04;2,77
43 Tarragona;2014M03;1,68
43 Tarragona;2014M02;1,7
43 Tarragona;2014M01;1,94
43 Tarragona;2013M12;2,44
43 Tarragona;2013M11;2,13
43 Tarragona;2013M10;1,76
43 Tarragona;2013M09;2,58
43 Tarragona;2013M08;4,83
43 Tarragona;2013M07;3,1
43 Tarragona;2013M06;2,36
43 Tarragona;2013M05;1,91
43 Tarragona;2013M04;1,89
43 Tarragona;2013M03;2,55
43 Tarragona;2013M02;1,83
43 Tarragona;2013M01;1,92
43 Tarragona;2012M12;2,81
43 Tarragona;2012M11;2,33
43 Tarragona;2012M10;2,24
43 Tarragona;2012M09;2,5
43 Tarragona;2012M08;4,99
43 Tarragona;2012M07;4,26
43 Tarragona;2012M06;1,91
43 Tarragona;2012M05;2,13
43 Tarragona;2012M04;2,7
43 Tarragona;2012M03;2,05
43 Tarragona;2012M02;3,46
43 Tarragona;2012M01;2,36
43 Tarragona;2011M12;2,54
43 Tarragona;2011M11;2,62
43 Tarragona;2011M10;2,4
43 Tarragona;2011M09;2,88
43 Tarragona;2011M08;3,78
43 Tarragona;2011M07;2,65
43 Tarragona;2011M06;2,57
43 Tarragona;2011M05;2,15
43 Tarragona;2011M04;3,07
43 Tarragona;2011M03;1,94
43 Tarragona;2011M02;1,73
43 Tarragona;2011M01;2,16
43 Tarragona;2010M12;2,1
43 Tarragona;2010M11;1,91
43 Tarragona;2010M10;2,33
43 Tarragona;2010M09;2,83
43 Tarragona;2010M08;5,07
43 Tarragona;2010M07;3,18
43 Tarragona;2010M06;2,54
43 Tarragona;2010M05;2,44
43 Tarragona;2010M04;3,17
43 Tarragona;2010M03;2,25
43 Tarragona;2010M02;2,02
43 Tarragona;2010M01;2,63
43 Tarragona;2009M12;2,61
43 Tarragona;2009M11;1,91
43 Tarragona;2009M10;2,31
43 Tarragona;2009M09;2,5
43 Tarragona;2009M08;5,42
43 Tarragona;2009M07;3,19
43 Tarragona;2009M06;2,77
43 Tarragona;2009M05;2,35
43 Tarragona;2009M04;2,57
43 Tarragona;2009M03;2,41
43 Tarragona;2009M02;1,87
43 Tarragona;2009M01;2,47
43 Tarragona;2008M12;2,44
43 Tarragona;2008M11;1,94
43 Tarragona;2008M10;2,51
43 Tarragona;2008M09;3,92
43 Tarragona;2008M08;5,16
43 Tarragona;2008M07;3,87
43 Tarragona;2008M06;2,68
43 Tarragona;2008M05;2,92
43 Tarragona;2008M04;2,08
43 Tarragona;2008M03;3,17
43 Tarragona;2008M02;1,94
43 Tarragona;2008M01;3,37
43 Tarragona;2007M12;3,03
43 Tarragona;2007M11;2,64
43 Tarragona;2007M10;2,4
43 Tarragona;2007M09;2,73
43 Tarragona;2007M08;5,66
43 Tarragona;2007M07;4,12
43 Tarragona;2007M06;2,23
43 Tarragona;2007M05;2,25
43 Tarragona;2007M04;2,92
43 Tarragona;2007M03;2,1
43 Tarragona;2007M02;2,04
43 Tarragona;2007M01;2,39
43 Tarragona;2006M12;2,8
43 Tarragona;2006M11;2,14
43 Tarragona;2006M10;3,06
43 Tarragona;2006M09;2,57
43 Tarragona;2006M08;5,19
43 Tarragona;2006M07;3,32
43 Tarragona;2006M06;2,72
43 Tarragona;2006M05;2,41
43 Tarragona;2006M04;2,86
43 Tarragona;2006M03;1,98
43 Tarragona;2006M02;2,12
43 Tarragona;2006M01;2,96
43 Tarragona;2005M12;2,73
43 Tarragona;2005M11;2,32
43 Tarragona;2005M10;2,69
43 Tarragona;2005M09;3,65
43 Tarragona;2005M08;7,92
43 Tarragona;2005M07;5,42
43 Tarragona;2005M06;2,46
43 Tarragona;2005M05;2,23
43 Tarragona;2005M04;1,89
43 Tarragona;2005M03;2,68
43 Tarragona;2005M02;2,14
43 Tarragona;2005M01;3,03
44 Teruel;2026M06;2,49
44 Teruel;2026M05;2,27
44 Teruel;2026M04;2,56
44 Teruel;2026M03;2,43
44 Teruel;2026M02;2,16
44 Teruel;2026M01;2,21
44 Teruel;2025M12;2,33
44 Teruel;2025M11;2,12
44 Teruel;2025M10;2,23
44 Teruel;2025M09;2,67
44 Teruel;2025M08;4,47
44 Teruel;2025M07;3,4
44 Teruel;2025M06;2,28
44 Teruel;2025M05;2,15
44 Teruel;2025M04;2,4
44 Teruel;2025M03;2,19
44 Teruel;2025M02;1,85
44 Teruel;2025M01;2,21
44 Teruel;2024M12;2,78
44 Teruel;2024M11;2,9
44 Teruel;2024M10;2,19
44 Teruel;2024M09;2,13
44 Teruel;2024M08;2,88
44 Teruel;2024M07;2,99
44 Teruel;2024M06;2,39
44 Teruel;2024M05;2,13
44 Teruel;2024M04;2,2
44 Teruel;2024M03;2,57
44 Teruel;2024M02;2,08
44 Teruel;2024M01;2,4
44 Teruel;2023M12;2,66
44 Teruel;2023M11;2,19
44 Teruel;2023M10;2,54
44 Teruel;2023M09;2,19
44 Teruel;2023M08;3,62
44 Teruel;2023M07;2,56
44 Teruel;2023M06;2,17
44 Teruel;2023M05;2,17
44 Teruel;2023M04;2,46
44 Teruel;2023M03;2,55
44 Teruel;2023M02;2,17
44 Teruel;2023M01;2,09
44 Teruel;2022M12;2,72
44 Teruel;2022M11;2,52
44 Teruel;2022M10;2,6
44 Teruel;2022M09;2,52
44 Teruel;2022M08;3,81
44 Teruel;2022M07;3,28
44 Teruel;2022M06;2,51
44 Teruel;2022M05;2,21
44 Teruel;2022M04;2,8
44 Teruel;2022M03;2,45
44 Teruel;2022M02;2,23
44 Teruel;2022M01;2,36
44 Teruel;2021M12;2,72
44 Teruel;2021M11;2,23
44 Teruel;2021M10;2,88
44 Teruel;2021M09;2,76
44 Teruel;2021M08;4,33
44 Teruel;2021M07;4,07
44 Teruel;2021M06;2,6
44 Teruel;2021M05;2,2
44 Teruel;2021M04;3,06
44 Teruel;2021M03;3,62
44 Teruel;2021M02;9,45
44 Teruel;2021M01;11,82
44 Teruel;2020M12;5,07
44 Teruel;2020M11;.
44 Teruel;2020M10;2,9
44 Teruel;2020M09;2,96
44 Teruel;2020M08;3,84
44 Teruel;2020M07;2,78
44 Teruel;2020M06;2,45
44 Teruel;2020M05;.
44 Teruel;2020M04;.
44 Teruel;2020M03;2,78
44 Teruel;2020M02;2,13
44 Teruel;2020M01;2,25
44 Teruel;2019M12;2,79
44 Teruel;2019M11;2,32
44 Teruel;2019M10;2,35
44 Teruel;2019M09;2,74
44 Teruel;2019M08;3,98
44 Teruel;2019M07;3,52
44 Teruel;2019M06;2,74
44 Teruel;2019M05;2,29
44 Teruel;2019M04;2,86
44 Teruel;2019M03;2,55
44 Teruel;2019M02;2,44
44 Teruel;2019M01;2,93
44 Teruel;2018M12;2,93
44 Teruel;2018M11;2,19
44 Teruel;2018M10;2,47
44 Teruel;2018M09;2,33
44 Teruel;2018M08;4,23
44 Teruel;2018M07;2,51
44 Teruel;2018M06;2,05
44 Teruel;2018M05;2,06
44 Teruel;2018M04;2,41
44 Teruel;2018M03;2,54
44 Teruel;2018M02;1,87
44 Teruel;2018M01;2,04
44 Teruel;2017M12;2,76
44 Teruel;2017M11;2,08
44 Teruel;2017M10;2,37
44 Teruel;2017M09;2,25
44 Teruel;2017M08;5,04
44 Teruel;2017M07;3
44 Teruel;2017M06;1,95
44 Teruel;2017M05;2,35
44 Teruel;2017M04;2,69
44 Teruel;2017M03;1,96
44 Teruel;2017M02;1,99
44 Teruel;2017M01;2,39
44 Teruel;2016M12;2,56
44 Teruel;2016M11;2,17
44 Teruel;2016M10;2,3
44 Teruel;2016M09;2,17
44 Teruel;2016M08;4,23
44 Teruel;2016M07;2,76
44 Teruel;2016M06;2,22
44 Teruel;2016M05;2,25
44 Teruel;2016M04;2,15
44 Teruel;2016M03;2,82
44 Teruel;2016M02;2,28
44 Teruel;2016M01;2,7
44 Teruel;2015M12;2,55
44 Teruel;2015M11;2,42
44 Teruel;2015M10;2,5
44 Teruel;2015M09;2,29
44 Teruel;2015M08;5,17
44 Teruel;2015M07;3,33
44 Teruel;2015M06;3,21
44 Teruel;2015M05;2,33
44 Teruel;2015M04;2,95
44 Teruel;2015M03;2,17
44 Teruel;2015M02;2,17
44 Teruel;2015M01;2,54
44 Teruel;2014M12;2,43
44 Teruel;2014M11;2,21
44 Teruel;2014M10;2,07
44 Teruel;2014M09;2,41
44 Teruel;2014M08;5,83
44 Teruel;2014M07;3,3
44 Teruel;2014M06;2,95
44 Teruel;2014M05;2,34
44 Teruel;2014M04;2,85
44 Teruel;2014M03;2,14
44 Teruel;2014M02;2,39
44 Teruel;2014M01;2,35
44 Teruel;2013M12;2,6
44 Teruel;2013M11;2,26
44 Teruel;2013M10;2,02
44 Teruel;2013M09;2,09
44 Teruel;2013M08;5,26
44 Teruel;2013M07;3,55
44 Teruel;2013M06;1,98
44 Teruel;2013M05;1,84
44 Teruel;2013M04;2,21
44 Teruel;2013M03;2,72
44 Teruel;2013M02;1,81
44 Teruel;2013M01;2,37
44 Teruel;2012M12;2,86
44 Teruel;2012M11;2,55
44 Teruel;2012M10;2,48
44 Teruel;2012M09;2,6
44 Teruel;2012M08;5,33
44 Teruel;2012M07;3,56
44 Teruel;2012M06;2,84
44 Teruel;2012M05;2,36
44 Teruel;2012M04;2,79
44 Teruel;2012M03;2,16
44 Teruel;2012M02;2
44 Teruel;2012M01;2,38
44 Teruel;2011M12;2,12
44 Teruel;2011M11;2,25
44 Teruel;2011M10;2,89
44 Teruel;2011M09;3,05
44 Teruel;2011M08;6,27
44 Teruel;2011M07;3,69
44 Teruel;2011M06;2,11
44 Teruel;2011M05;2,61
44 Teruel;2011M04;2,66
44 Teruel;2011M03;1,8
44 Teruel;2011M02;2,22
44 Teruel;2011M01;2,82
44 Teruel;2010M12;2,56
44 Teruel;2010M11;3,69
44 Teruel;2010M10;2,64
44 Teruel;2010M09;2,45
44 Teruel;2010M08;4,36
44 Teruel;2010M07;3,93
44 Teruel;2010M06;1,98
44 Teruel;2010M05;2,13
44 Teruel;2010M04;3,75
44 Teruel;2010M03;2,28
44 Teruel;2010M02;1,8
44 Teruel;2010M01;3
44 Teruel;2009M12;2,52
44 Teruel;2009M11;2,87
44 Teruel;2009M10;2,26
44 Teruel;2009M09;2,78
44 Teruel;2009M08;6,34
44 Teruel;2009M07;4,06
44 Teruel;2009M06;2,59
44 Teruel;2009M05;2,43
44 Teruel;2009M04;2,8
44 Teruel;2009M03;2,31
44 Teruel;2009M02;1,99
44 Teruel;2009M01;3,28
44 Teruel;2008M12;2,44
44 Teruel;2008M11;2,07
44 Teruel;2008M10;2,08
44 Teruel;2008M09;3,15
44 Teruel;2008M08;5,86
44 Teruel;2008M07;5,78
44 Teruel;2008M06;3,04
44 Teruel;2008M05;4,49
44 Teruel;2008M04;2,76
44 Teruel;2008M03;3,41
44 Teruel;2008M02;2,39
44 Teruel;2008M01;2,49
44 Teruel;2007M12;2,99
44 Teruel;2007M11;2,67
44 Teruel;2007M10;2,87
44 Teruel;2007M09;3,19
44 Teruel;2007M08;5,17
44 Teruel;2007M07;4,49
44 Teruel;2007M06;2,77
44 Teruel;2007M05;2,95
44 Teruel;2007M04;3,07
44 Teruel;2007M03;2,68
44 Teruel;2007M02;2,89
44 Teruel;2007M01;2,83
44 Teruel;2006M12;3,01
44 Teruel;2006M11;3,39
44 Teruel;2006M10;3,55
44 Teruel;2006M09;5,24
44 Teruel;2006M08;8,09
44 Teruel;2006M07;5,13
44 Teruel;2006M06;3,43
44 Teruel;2006M05;4,16
44 Teruel;2006M04;4,01
44 Teruel;2006M03;2,78
44 Teruel;2006M02;2,24
44 Teruel;2006M01;3,24
44 Teruel;2005M12;2,83
44 Teruel;2005M11;3,47
44 Teruel;2005M10;4,01
44 Teruel;2005M09;4,4
44 Teruel;2005M08;6,78
44 Teruel;2005M07;5,18
44 Teruel;2005M06;3,33
44 Teruel;2005M05;4,53
44 Teruel;2005M04;3,05
44 Teruel;2005M03;3,84
44 Teruel;2005M02;3,1
44 Teruel;2005M01;3,33
45 Toledo;2026M06;2
45 Toledo;2026M05;1,97
45 Toledo;2026M04;1,99
45 Toledo;2026M03;2,03
45 Toledo;2026M02;2,08
45 Toledo;2026M01;1,99
45 Toledo;2025M12;2,28
45 Toledo;2025M11;2,41
45 Toledo;2025M10;2,23
45 Toledo;2025M09;2,2
45 Toledo;2025M08;2,76
45 Toledo;2025M07;2,58
45 Toledo;2025M06;2
45 Toledo;2025M05;1,99
45 Toledo;2025M04;2,23
45 Toledo;2025M03;2,07
45 Toledo;2025M02;1,82
45 Toledo;2025M01;1,88
45 Toledo;2024M12;2,1
45 Toledo;2024M11;1,96
45 Toledo;2024M10;1,82
45 Toledo;2024M09;1,91
45 Toledo;2024M08;2,38
45 Toledo;2024M07;2,06
45 Toledo;2024M06;1,87
45 Toledo;2024M05;1,77
45 Toledo;2024M04;1,89
45 Toledo;2024M03;1,96
45 Toledo;2024M02;1,83
45 Toledo;2024M01;2,07
45 Toledo;2023M12;2,25
45 Toledo;2023M11;1,91
45 Toledo;2023M10;2,01
45 Toledo;2023M09;1,94
45 Toledo;2023M08;2,71
45 Toledo;2023M07;2,21
45 Toledo;2023M06;1,93
45 Toledo;2023M05;1,97
45 Toledo;2023M04;2,07
45 Toledo;2023M03;1,9
45 Toledo;2023M02;1,92
45 Toledo;2023M01;2,13
45 Toledo;2022M12;2,26
45 Toledo;2022M11;1,92
45 Toledo;2022M10;2,08
45 Toledo;2022M09;1,97
45 Toledo;2022M08;2,64
45 Toledo;2022M07;2,28
45 Toledo;2022M06;1,86
45 Toledo;2022M05;2,07
45 Toledo;2022M04;2,1
45 Toledo;2022M03;2,05
45 Toledo;2022M02;2,02
45 Toledo;2022M01;2,33
45 Toledo;2021M12;2,31
45 Toledo;2021M11;1,99
45 Toledo;2021M10;2,08
45 Toledo;2021M09;2,34
45 Toledo;2021M08;3,15
45 Toledo;2021M07;2,44
45 Toledo;2021M06;2,02
45 Toledo;2021M05;1,79
45 Toledo;2021M04;2,46
45 Toledo;2021M03;3,99
45 Toledo;2021M02;18,3
45 Toledo;2021M01;17,05
45 Toledo;2020M12;14,23
45 Toledo;2020M11;.
45 Toledo;2020M10;2,37
45 Toledo;2020M09;2,57
45 Toledo;2020M08;2,96
45 Toledo;2020M07;2,49
45 Toledo;2020M06;2,79
45 Toledo;2020M05;.
45 Toledo;2020M04;.
45 Toledo;2020M03;3,37
45 Toledo;2020M02;2
45 Toledo;2020M01;2,11
45 Toledo;2019M12;2,19
45 Toledo;2019M11;2,05
45 Toledo;2019M10;1,8
45 Toledo;2019M09;1,79
45 Toledo;2019M08;2,06
45 Toledo;2019M07;2
45 Toledo;2019M06;1,75
45 Toledo;2019M05;1,61
45 Toledo;2019M04;2,01
45 Toledo;2019M03;1,59
45 Toledo;2019M02;1,7
45 Toledo;2019M01;1,63
45 Toledo;2018M12;2,12
45 Toledo;2018M11;1,73
45 Toledo;2018M10;1,86
45 Toledo;2018M09;1,91
45 Toledo;2018M08;2,85
45 Toledo;2018M07;2,55
45 Toledo;2018M06;1,94
45 Toledo;2018M05;1,75
45 Toledo;2018M04;1,93
45 Toledo;2018M03;2,1
45 Toledo;2018M02;1,67
45 Toledo;2018M01;1,78
45 Toledo;2017M12;2,22
45 Toledo;2017M11;1,87
45 Toledo;2017M10;1,8
45 Toledo;2017M09;1,71
45 Toledo;2017M08;2,41
45 Toledo;2017M07;1,86
45 Toledo;2017M06;1,76
45 Toledo;2017M05;1,74
45 Toledo;2017M04;2
45 Toledo;2017M03;1,65
45 Toledo;2017M02;1,77
45 Toledo;2017M01;1,79
45 Toledo;2016M12;2,19
45 Toledo;2016M11;1,74
45 Toledo;2016M10;1,78
45 Toledo;2016M09;1,88
45 Toledo;2016M08;2,64
45 Toledo;2016M07;2,62
45 Toledo;2016M06;2,11
45 Toledo;2016M05;1,88
45 Toledo;2016M04;1,79
45 Toledo;2016M03;2,08
45 Toledo;2016M02;1,83
45 Toledo;2016M01;2,31
45 Toledo;2015M12;2,37
45 Toledo;2015M11;2,08
45 Toledo;2015M10;1,83
45 Toledo;2015M09;1,88
45 Toledo;2015M08;3,2
45 Toledo;2015M07;2,81
45 Toledo;2015M06;2,09
45 Toledo;2015M05;1,87
45 Toledo;2015M04;2,11
45 Toledo;2015M03;2,28
45 Toledo;2015M02;1,71
45 Toledo;2015M01;2,11
45 Toledo;2014M12;2,11
45 Toledo;2014M11;1,94
45 Toledo;2014M10;1,83
45 Toledo;2014M09;1,97
45 Toledo;2014M08;2,5
45 Toledo;2014M07;5,38
45 Toledo;2014M06;1,98
45 Toledo;2014M05;1,88
45 Toledo;2014M04;2,08
45 Toledo;2014M03;1,73
45 Toledo;2014M02;1,84
45 Toledo;2014M01;2,1
45 Toledo;2013M12;2,35
45 Toledo;2013M11;1,75
45 Toledo;2013M10;1,63
45 Toledo;2013M09;1,78
45 Toledo;2013M08;3,06
45 Toledo;2013M07;2,07
45 Toledo;2013M06;1,68
45 Toledo;2013M05;1,58
45 Toledo;2013M04;1,7
45 Toledo;2013M03;2,05
45 Toledo;2013M02;1,55
45 Toledo;2013M01;1,97
45 Toledo;2012M12;2,12
45 Toledo;2012M11;1,99
45 Toledo;2012M10;2,06
45 Toledo;2012M09;1,57
45 Toledo;2012M08;2,81
45 Toledo;2012M07;1,92
45 Toledo;2012M06;1,64
45 Toledo;2012M05;2
45 Toledo;2012M04;2,13
45 Toledo;2012M03;1,87
45 Toledo;2012M02;1,95
45 Toledo;2012M01;1,96
45 Toledo;2011M12;1,75
45 Toledo;2011M11;1,82
45 Toledo;2011M10;1,66
45 Toledo;2011M09;1,8
45 Toledo;2011M08;2,56
45 Toledo;2011M07;2,06
45 Toledo;2011M06;1,86
45 Toledo;2011M05;1,7
45 Toledo;2011M04;2,1
45 Toledo;2011M03;1,8
45 Toledo;2011M02;1,68
45 Toledo;2011M01;1,67
45 Toledo;2010M12;2,47
45 Toledo;2010M11;2,12
45 Toledo;2010M10;1,75
45 Toledo;2010M09;1,89
45 Toledo;2010M08;2,97
45 Toledo;2010M07;2,12
45 Toledo;2010M06;1,93
45 Toledo;2010M05;1,65
45 Toledo;2010M04;2,04
45 Toledo;2010M03;2,27
45 Toledo;2010M02;1,73
45 Toledo;2010M01;2,33
45 Toledo;2009M12;2,41
45 Toledo;2009M11;1,89
45 Toledo;2009M10;1,95
45 Toledo;2009M09;2,05
45 Toledo;2009M08;3,28
45 Toledo;2009M07;2,05
45 Toledo;2009M06;1,79
45 Toledo;2009M05;2,17
45 Toledo;2009M04;2,33
45 Toledo;2009M03;2,08
45 Toledo;2009M02;1,91
45 Toledo;2009M01;2,11
45 Toledo;2008M12;2,38
45 Toledo;2008M11;1,69
45 Toledo;2008M10;1,88
45 Toledo;2008M09;1,98
45 Toledo;2008M08;3
45 Toledo;2008M07;2,13
45 Toledo;2008M06;1,92
45 Toledo;2008M05;2,15
45 Toledo;2008M04;1,99
45 Toledo;2008M03;2,64
45 Toledo;2008M02;1,7
45 Toledo;2008M01;2,11
45 Toledo;2007M12;2,4
45 Toledo;2007M11;2,13
45 Toledo;2007M10;2,27
45 Toledo;2007M09;2,06
45 Toledo;2007M08;2,45
45 Toledo;2007M07;2,63
45 Toledo;2007M06;1,94
45 Toledo;2007M05;2,07
45 Toledo;2007M04;2,57
45 Toledo;2007M03;1,77
45 Toledo;2007M02;1,98
45 Toledo;2007M01;2,23
45 Toledo;2006M12;2,43
45 Toledo;2006M11;2,01
45 Toledo;2006M10;2,03
45 Toledo;2006M09;1,84
45 Toledo;2006M08;3,12
45 Toledo;2006M07;1,92
45 Toledo;2006M06;1,73
45 Toledo;2006M05;1,9
45 Toledo;2006M04;2,1
45 Toledo;2006M03;1,87
45 Toledo;2006M02;1,77
45 Toledo;2006M01;2,67
45 Toledo;2005M12;2,07
45 Toledo;2005M11;2,04
45 Toledo;2005M10;2
45 Toledo;2005M09;1,78
45 Toledo;2005M08;3,09
45 Toledo;2005M07;2,26
45 Toledo;2005M06;1,75
45 Toledo;2005M05;1,97
45 Toledo;2005M04;1,47
45 Toledo;2005M03;2,24
45 Toledo;2005M02;1,84
45 Toledo;2005M01;1,98
46 Valencia/València;2026M06;2,65
46 Valencia/València;2026M05;2,23
46 Valencia/València;2026M04;2,41
46 Valencia/València;2026M03;2,47
46 Valencia/València;2026M02;2,63
46 Valencia/València;2026M01;2,67
46 Valencia/València;2025M12;2,93
46 Valencia/València;2025M11;2,33
46 Valencia/València;2025M10;2,35
46 Valencia/València;2025M09;2,63
46 Valencia/València;2025M08;3,21
46 Valencia/València;2025M07;3
46 Valencia/València;2025M06;2,17
46 Valencia/València;2025M05;2,78
46 Valencia/València;2025M04;3,12
46 Valencia/València;2025M03;2,48
46 Valencia/València;2025M02;2,01
46 Valencia/València;2025M01;2,19
46 Valencia/València;2024M12;2,54
46 Valencia/València;2024M11;2,39
46 Valencia/València;2024M10;1,99
46 Valencia/València;2024M09;2,14
46 Valencia/València;2024M08;2,97
46 Valencia/València;2024M07;2,88
46 Valencia/València;2024M06;1,81
46 Valencia/València;2024M05;2,03
46 Valencia/València;2024M04;1,97
46 Valencia/València;2024M03;2,01
46 Valencia/València;2024M02;1,92
46 Valencia/València;2024M01;1,78
46 Valencia/València;2023M12;2,54
46 Valencia/València;2023M11;2,61
46 Valencia/València;2023M10;2,17
46 Valencia/València;2023M09;1,98
46 Valencia/València;2023M08;3,45
46 Valencia/València;2023M07;2,99
46 Valencia/València;2023M06;2,13
46 Valencia/València;2023M05;2,16
46 Valencia/València;2023M04;2,12
46 Valencia/València;2023M03;2,11
46 Valencia/València;2023M02;2,18
46 Valencia/València;2023M01;2,42
46 Valencia/València;2022M12;2,57
46 Valencia/València;2022M11;2,39
46 Valencia/València;2022M10;2,17
46 Valencia/València;2022M09;2,62
46 Valencia/València;2022M08;4,46
46 Valencia/València;2022M07;3,52
46 Valencia/València;2022M06;2,36
46 Valencia/València;2022M05;2,19
46 Valencia/València;2022M04;2,54
46 Valencia/València;2022M03;2,22
46 Valencia/València;2022M02;2,21
46 Valencia/València;2022M01;2,4
46 Valencia/València;2021M12;2,14
46 Valencia/València;2021M11;2,42
46 Valencia/València;2021M10;2,09
46 Valencia/València;2021M09;2,4
46 Valencia/València;2021M08;3,71
46 Valencia/València;2021M07;3,33
46 Valencia/València;2021M06;2,24
46 Valencia/València;2021M05;1,97
46 Valencia/València;2021M04;2,14
46 Valencia/València;2021M03;2,34
46 Valencia/València;2021M02;4,27
46 Valencia/València;2021M01;2,44
46 Valencia/València;2020M12;2,23
46 Valencia/València;2020M11;.
46 Valencia/València;2020M10;2,21
46 Valencia/València;2020M09;2,26
46 Valencia/València;2020M08;3,43
46 Valencia/València;2020M07;3,28
46 Valencia/València;2020M06;1,95
46 Valencia/València;2020M05;.
46 Valencia/València;2020M04;.
46 Valencia/València;2020M03;2,28
46 Valencia/València;2020M02;2,06
46 Valencia/València;2020M01;2,05
46 Valencia/València;2019M12;2,36
46 Valencia/València;2019M11;1,85
46 Valencia/València;2019M10;1,64
46 Valencia/València;2019M09;1,73
46 Valencia/València;2019M08;3,37
46 Valencia/València;2019M07;3,95
46 Valencia/València;2019M06;2,11
46 Valencia/València;2019M05;2,15
46 Valencia/València;2019M04;2,62
46 Valencia/València;2019M03;1,92
46 Valencia/València;2019M02;2,05
46 Valencia/València;2019M01;2,11
46 Valencia/València;2018M12;2,18
46 Valencia/València;2018M11;1,82
46 Valencia/València;2018M10;1,82
46 Valencia/València;2018M09;1,64
46 Valencia/València;2018M08;3,39
46 Valencia/València;2018M07;3,58
46 Valencia/València;2018M06;2,32
46 Valencia/València;2018M05;1,95
46 Valencia/València;2018M04;2,07
46 Valencia/València;2018M03;2,3
46 Valencia/València;2018M02;2,08
46 Valencia/València;2018M01;2,19
46 Valencia/València;2017M12;2,25
46 Valencia/València;2017M11;1,86
46 Valencia/València;2017M10;2,34
46 Valencia/València;2017M09;1,89
46 Valencia/València;2017M08;3,89
46 Valencia/València;2017M07;3,89
46 Valencia/València;2017M06;2,1
46 Valencia/València;2017M05;2,31
46 Valencia/València;2017M04;2,59
46 Valencia/València;2017M03;1,87
46 Valencia/València;2017M02;1,85
46 Valencia/València;2017M01;2,26
46 Valencia/València;2016M12;2,12
46 Valencia/València;2016M11;1,86
46 Valencia/València;2016M10;1,76
46 Valencia/València;2016M09;2,24
46 Valencia/València;2016M08;3,19
46 Valencia/València;2016M07;3,85
46 Valencia/València;2016M06;2,31
46 Valencia/València;2016M05;2,13
46 Valencia/València;2016M04;2,17
46 Valencia/València;2016M03;2,62
46 Valencia/València;2016M02;1,63
46 Valencia/València;2016M01;2,33
46 Valencia/València;2015M12;2,11
46 Valencia/València;2015M11;1,8
46 Valencia/València;2015M10;2,31
46 Valencia/València;2015M09;1,72
46 Valencia/València;2015M08;4,87
46 Valencia/València;2015M07;4,58
46 Valencia/València;2015M06;3
46 Valencia/València;2015M05;2,49
46 Valencia/València;2015M04;2,25
46 Valencia/València;2015M03;1,81
46 Valencia/València;2015M02;1,91
46 Valencia/València;2015M01;2,37
46 Valencia/València;2014M12;2,1
46 Valencia/València;2014M11;1,71
46 Valencia/València;2014M10;1,76
46 Valencia/València;2014M09;2,11
46 Valencia/València;2014M08;3,96
46 Valencia/València;2014M07;4,68
46 Valencia/València;2014M06;3,41
46 Valencia/València;2014M05;2,81
46 Valencia/València;2014M04;3,72
46 Valencia/València;2014M03;1,95
46 Valencia/València;2014M02;1,68
46 Valencia/València;2014M01;2,17
46 Valencia/València;2013M12;2,13
46 Valencia/València;2013M11;1,8
46 Valencia/València;2013M10;2,05
46 Valencia/València;2013M09;2,14
46 Valencia/València;2013M08;4,98
46 Valencia/València;2013M07;6
46 Valencia/València;2013M06;3,97
46 Valencia/València;2013M05;3,55
46 Valencia/València;2013M04;2,69
46 Valencia/València;2013M03;2,51
46 Valencia/València;2013M02;1,61
46 Valencia/València;2013M01;2,19
46 Valencia/València;2012M12;1,99
46 Valencia/València;2012M11;1,63
46 Valencia/València;2012M10;1,76
46 Valencia/València;2012M09;2,53
46 Valencia/València;2012M08;4,06
46 Valencia/València;2012M07;3,46
46 Valencia/València;2012M06;3,16
46 Valencia/València;2012M05;1,99
46 Valencia/València;2012M04;2,17
46 Valencia/València;2012M03;2,09
46 Valencia/València;2012M02;1,91
46 Valencia/València;2012M01;2,59
46 Valencia/València;2011M12;2,03
46 Valencia/València;2011M11;2,32
46 Valencia/València;2011M10;2,16
46 Valencia/València;2011M09;1,81
46 Valencia/València;2011M08;5,25
46 Valencia/València;2011M07;4,28
46 Valencia/València;2011M06;2,47
46 Valencia/València;2011M05;2,27
46 Valencia/València;2011M04;2,61
46 Valencia/València;2011M03;2,11
46 Valencia/València;2011M02;1,79
46 Valencia/València;2011M01;3,61
46 Valencia/València;2010M12;2,44
46 Valencia/València;2010M11;2,04
46 Valencia/València;2010M10;2,85
46 Valencia/València;2010M09;2,32
46 Valencia/València;2010M08;5,7
46 Valencia/València;2010M07;4,69
46 Valencia/València;2010M06;1,86
46 Valencia/València;2010M05;1,83
46 Valencia/València;2010M04;2,68
46 Valencia/València;2010M03;2,1
46 Valencia/València;2010M02;1,78
46 Valencia/València;2010M01;2,75
46 Valencia/València;2009M12;2,13
46 Valencia/València;2009M11;1,71
46 Valencia/València;2009M10;2,64
46 Valencia/València;2009M09;2,3
46 Valencia/València;2009M08;5,2
46 Valencia/València;2009M07;4,05
46 Valencia/València;2009M06;3,3
46 Valencia/València;2009M05;2,4
46 Valencia/València;2009M04;3,25
46 Valencia/València;2009M03;3,07
46 Valencia/València;2009M02;2,19
46 Valencia/València;2009M01;3,33
46 Valencia/València;2008M12;2,63
46 Valencia/València;2008M11;2,02
46 Valencia/València;2008M10;2,38
46 Valencia/València;2008M09;2,11
46 Valencia/València;2008M08;3,75
46 Valencia/València;2008M07;4,45
46 Valencia/València;2008M06;2,86
46 Valencia/València;2008M05;2,47
46 Valencia/València;2008M04;2,36
46 Valencia/València;2008M03;2,96
46 Valencia/València;2008M02;2,74
46 Valencia/València;2008M01;3,12
46 Valencia/València;2007M12;3,06
46 Valencia/València;2007M11;2,17
46 Valencia/València;2007M10;2,29
46 Valencia/València;2007M09;2,18
46 Valencia/València;2007M08;5,66
46 Valencia/València;2007M07;4,55
46 Valencia/València;2007M06;2,61
46 Valencia/València;2007M05;1,77
46 Valencia/València;2007M04;2,5
46 Valencia/València;2007M03;1,6
46 Valencia/València;2007M02;1,79
46 Valencia/València;2007M01;3
46 Valencia/València;2006M12;2,87
46 Valencia/València;2006M11;2,07
46 Valencia/València;2006M10;2,26
46 Valencia/València;2006M09;1,76
46 Valencia/València;2006M08;6,7
46 Valencia/València;2006M07;3,67
46 Valencia/València;2006M06;1,71
46 Valencia/València;2006M05;2,7
46 Valencia/València;2006M04;3,1
46 Valencia/València;2006M03;2,71
46 Valencia/València;2006M02;2,01
46 Valencia/València;2006M01;2,67
46 Valencia/València;2005M12;2,25
46 Valencia/València;2005M11;1,85
46 Valencia/València;2005M10;2,49
46 Valencia/València;2005M09;2,25
46 Valencia/València;2005M08;6,6
46 Valencia/València;2005M07;5,33
46 Valencia/València;2005M06;2,91
46 Valencia/València;2005M05;2,23
46 Valencia/València;2005M04;2,31
46 Valencia/València;2005M03;3,69
46 Valencia/València;2005M02;2,4
46 Valencia/València;2005M01;3,02
47 Valladolid;2026M06;2,04
47 Valladolid;2026M05;1,82
47 Valladolid;2026M04;1,8
47 Valladolid;2026M03;1,73
47 Valladolid;2026M02;1,75
47 Valladolid;2026M01;1,72
47 Valladolid;2025M12;2,02
47 Valladolid;2025M11;1,67
47 Valladolid;2025M10;1,85
47 Valladolid;2025M09;1,97
47 Valladolid;2025M08;2,3
47 Valladolid;2025M07;2,39
47 Valladolid;2025M06;1,94
47 Valladolid;2025M05;1,71
47 Valladolid;2025M04;1,79
47 Valladolid;2025M03;1,61
47 Valladolid;2025M02;1,56
47 Valladolid;2025M01;1,56
47 Valladolid;2024M12;2,22
47 Valladolid;2024M11;1,89
47 Valladolid;2024M10;1,93
47 Valladolid;2024M09;1,95
47 Valladolid;2024M08;2,21
47 Valladolid;2024M07;2,27
47 Valladolid;2024M06;1,85
47 Valladolid;2024M05;1,91
47 Valladolid;2024M04;1,87
47 Valladolid;2024M03;2,03
47 Valladolid;2024M02;1,8
47 Valladolid;2024M01;2,36
47 Valladolid;2023M12;2,6
47 Valladolid;2023M11;2,43
47 Valladolid;2023M10;2,49
47 Valladolid;2023M09;2,48
47 Valladolid;2023M08;2,81
47 Valladolid;2023M07;2,44
47 Valladolid;2023M06;2,44
47 Valladolid;2023M05;1,96
47 Valladolid;2023M04;2,19
47 Valladolid;2023M03;2,09
47 Valladolid;2023M02;2,02
47 Valladolid;2023M01;2,43
47 Valladolid;2022M12;2,09
47 Valladolid;2022M11;2,13
47 Valladolid;2022M10;2,41
47 Valladolid;2022M09;2,8
47 Valladolid;2022M08;2,65
47 Valladolid;2022M07;2,43
47 Valladolid;2022M06;1,95
47 Valladolid;2022M05;1,99
47 Valladolid;2022M04;2,12
47 Valladolid;2022M03;1,87
47 Valladolid;2022M02;2,05
47 Valladolid;2022M01;2,27
47 Valladolid;2021M12;2,28
47 Valladolid;2021M11;2,29
47 Valladolid;2021M10;2,34
47 Valladolid;2021M09;2,55
47 Valladolid;2021M08;2,42
47 Valladolid;2021M07;2,5
47 Valladolid;2021M06;1,9
47 Valladolid;2021M05;1,82
47 Valladolid;2021M04;1,97
47 Valladolid;2021M03;2,62
47 Valladolid;2021M02;2,87
47 Valladolid;2021M01;3,65
47 Valladolid;2020M12;2,32
47 Valladolid;2020M11;1,91
47 Valladolid;2020M10;1,82
47 Valladolid;2020M09;2,05
47 Valladolid;2020M08;2,4
47 Valladolid;2020M07;2,9
47 Valladolid;2020M06;2,46
47 Valladolid;2020M05;2,9
47 Valladolid;2020M04;.
47 Valladolid;2020M03;2,26
47 Valladolid;2020M02;1,65
47 Valladolid;2020M01;1,77
47 Valladolid;2019M12;2,26
47 Valladolid;2019M11;1,92
47 Valladolid;2019M10;2,01
47 Valladolid;2019M09;2,06
47 Valladolid;2019M08;2,19
47 Valladolid;2019M07;1,82
47 Valladolid;2019M06;1,73
47 Valladolid;2019M05;1,69
47 Valladolid;2019M04;2,1
47 Valladolid;2019M03;1,89
47 Valladolid;2019M02;1,64
47 Valladolid;2019M01;1,74
47 Valladolid;2018M12;2,1
47 Valladolid;2018M11;2,01
47 Valladolid;2018M10;2,3
47 Valladolid;2018M09;2,15
47 Valladolid;2018M08;2,33
47 Valladolid;2018M07;1,81
47 Valladolid;2018M06;1,62
47 Valladolid;2018M05;1,71
47 Valladolid;2018M04;1,73
47 Valladolid;2018M03;1,98
47 Valladolid;2018M02;1,94
47 Valladolid;2018M01;1,99
47 Valladolid;2017M12;2,23
47 Valladolid;2017M11;1,89
47 Valladolid;2017M10;1,99
47 Valladolid;2017M09;2,1
47 Valladolid;2017M08;2,44
47 Valladolid;2017M07;1,75
47 Valladolid;2017M06;1,61
47 Valladolid;2017M05;1,64
47 Valladolid;2017M04;1,91
47 Valladolid;2017M03;1,67
47 Valladolid;2017M02;1,74
47 Valladolid;2017M01;1,72
47 Valladolid;2016M12;1,87
47 Valladolid;2016M11;1,71
47 Valladolid;2016M10;2,18
47 Valladolid;2016M09;2,29
47 Valladolid;2016M08;2,26
47 Valladolid;2016M07;1,73
47 Valladolid;2016M06;1,65
47 Valladolid;2016M05;1,64
47 Valladolid;2016M04;1,7
47 Valladolid;2016M03;2,24
47 Valladolid;2016M02;1,56
47 Valladolid;2016M01;1,66
47 Valladolid;2015M12;2,05
47 Valladolid;2015M11;1,75
47 Valladolid;2015M10;1,68
47 Valladolid;2015M09;1,88
47 Valladolid;2015M08;2
47 Valladolid;2015M07;1,69
47 Valladolid;2015M06;1,68
47 Valladolid;2015M05;1,66
47 Valladolid;2015M04;1,91
47 Valladolid;2015M03;1,68
47 Valladolid;2015M02;1,63
47 Valladolid;2015M01;1,74
47 Valladolid;2014M12;2,11
47 Valladolid;2014M11;1,8
47 Valladolid;2014M10;1,73
47 Valladolid;2014M09;1,85
47 Valladolid;2014M08;2,41
47 Valladolid;2014M07;2,01
47 Valladolid;2014M06;1,69
47 Valladolid;2014M05;1,69
47 Valladolid;2014M04;2,03
47 Valladolid;2014M03;1,65
47 Valladolid;2014M02;1,69
47 Valladolid;2014M01;1,67
47 Valladolid;2013M12;2,16
47 Valladolid;2013M11;2,1
47 Valladolid;2013M10;1,77
47 Valladolid;2013M09;1,85
47 Valladolid;2013M08;2,28
47 Valladolid;2013M07;2,03
47 Valladolid;2013M06;1,6
47 Valladolid;2013M05;1,96
47 Valladolid;2013M04;1,77
47 Valladolid;2013M03;2,28
47 Valladolid;2013M02;1,55
47 Valladolid;2013M01;1,75
47 Valladolid;2012M12;1,87
47 Valladolid;2012M11;1,71
47 Valladolid;2012M10;1,88
47 Valladolid;2012M09;1,65
47 Valladolid;2012M08;2,55
47 Valladolid;2012M07;2,34
47 Valladolid;2012M06;1,46
47 Valladolid;2012M05;1,66
47 Valladolid;2012M04;2,25
47 Valladolid;2012M03;1,85
47 Valladolid;2012M02;1,66
47 Valladolid;2012M01;1,83
47 Valladolid;2011M12;2,11
47 Valladolid;2011M11;1,94
47 Valladolid;2011M10;2,06
47 Valladolid;2011M09;2,24
47 Valladolid;2011M08;3,24
47 Valladolid;2011M07;2,39
47 Valladolid;2011M06;2,13
47 Valladolid;2011M05;1,85
47 Valladolid;2011M04;2,36
47 Valladolid;2011M03;2,13
47 Valladolid;2011M02;1,97
47 Valladolid;2011M01;2,19
47 Valladolid;2010M12;2,36
47 Valladolid;2010M11;2,02
47 Valladolid;2010M10;2,08
47 Valladolid;2010M09;2,47
47 Valladolid;2010M08;3,3
47 Valladolid;2010M07;3,24
47 Valladolid;2010M06;2,08
47 Valladolid;2010M05;1,91
47 Valladolid;2010M04;2,46
47 Valladolid;2010M03;1,89
47 Valladolid;2010M02;1,74
47 Valladolid;2010M01;2,06
47 Valladolid;2009M12;2,47
47 Valladolid;2009M11;1,79
47 Valladolid;2009M10;1,86
47 Valladolid;2009M09;2,05
47 Valladolid;2009M08;2,8
47 Valladolid;2009M07;2,55
47 Valladolid;2009M06;2,47
47 Valladolid;2009M05;1,92
47 Valladolid;2009M04;2,35
47 Valladolid;2009M03;2,33
47 Valladolid;2009M02;1,85
47 Valladolid;2009M01;1,86
47 Valladolid;2008M12;2,12
47 Valladolid;2008M11;1,91
47 Valladolid;2008M10;1,81
47 Valladolid;2008M09;2,34
47 Valladolid;2008M08;3,08
47 Valladolid;2008M07;3,15
47 Valladolid;2008M06;2,26
47 Valladolid;2008M05;2,03
47 Valladolid;2008M04;1,77
47 Valladolid;2008M03;2,54
47 Valladolid;2008M02;1,83
47 Valladolid;2008M01;1,95
47 Valladolid;2007M12;2,33
47 Valladolid;2007M11;2,24
47 Valladolid;2007M10;2,32
47 Valladolid;2007M09;1,83
47 Valladolid;2007M08;2,88
47 Valladolid;2007M07;2,45
47 Valladolid;2007M06;1,71
47 Valladolid;2007M05;1,96
47 Valladolid;2007M04;2,61
47 Valladolid;2007M03;1,86
47 Valladolid;2007M02;2,3
47 Valladolid;2007M01;1,79
47 Valladolid;2006M12;2,1
47 Valladolid;2006M11;1,89
47 Valladolid;2006M10;2,44
47 Valladolid;2006M09;2,11
47 Valladolid;2006M08;3,79
47 Valladolid;2006M07;2,97
47 Valladolid;2006M06;1,98
47 Valladolid;2006M05;2,02
47 Valladolid;2006M04;2,55
47 Valladolid;2006M03;1,93
47 Valladolid;2006M02;1,8
47 Valladolid;2006M01;2,07
47 Valladolid;2005M12;1,88
47 Valladolid;2005M11;1,9
47 Valladolid;2005M10;2,19
47 Valladolid;2005M09;2,27
47 Valladolid;2005M08;4,21
47 Valladolid;2005M07;2,94
47 Valladolid;2005M06;2,12
47 Valladolid;2005M05;1,86
47 Valladolid;2005M04;1,56
47 Valladolid;2005M03;2,92
47 Valladolid;2005M02;2,04
47 Valladolid;2005M01;2,06
49 Zamora;2026M06;2,04
49 Zamora;2026M05;1,89
49 Zamora;2026M04;2,05
49 Zamora;2026M03;2,34
49 Zamora;2026M02;2,02
49 Zamora;2026M01;1,86
49 Zamora;2025M12;2,37
49 Zamora;2025M11;1,83
49 Zamora;2025M10;1,86
49 Zamora;2025M09;2,05
49 Zamora;2025M08;2,81
49 Zamora;2025M07;2,08
49 Zamora;2025M06;2,23
49 Zamora;2025M05;1,89
49 Zamora;2025M04;2,09
49 Zamora;2025M03;1,92
49 Zamora;2025M02;2,06
49 Zamora;2025M01;3,44
49 Zamora;2024M12;1,81
49 Zamora;2024M11;1,73
49 Zamora;2024M10;1,61
49 Zamora;2024M09;2,04
49 Zamora;2024M08;2,29
49 Zamora;2024M07;2,04
49 Zamora;2024M06;1,66
49 Zamora;2024M05;1,6
49 Zamora;2024M04;1,97
49 Zamora;2024M03;2,19
49 Zamora;2024M02;1,78
49 Zamora;2024M01;2,31
49 Zamora;2023M12;2,25
49 Zamora;2023M11;1,96
49 Zamora;2023M10;2,12
49 Zamora;2023M09;2,17
49 Zamora;2023M08;3,37
49 Zamora;2023M07;2,22
49 Zamora;2023M06;2,38
49 Zamora;2023M05;1,9
49 Zamora;2023M04;2,16
49 Zamora;2023M03;1,81
49 Zamora;2023M02;1,82
49 Zamora;2023M01;1,79
49 Zamora;2022M12;2,37
49 Zamora;2022M11;2,16
49 Zamora;2022M10;1,98
49 Zamora;2022M09;1,93
49 Zamora;2022M08;2,89
49 Zamora;2022M07;2,4
49 Zamora;2022M06;1,96
49 Zamora;2022M05;1,9
49 Zamora;2022M04;2,21
49 Zamora;2022M03;1,96
49 Zamora;2022M02;1,82
49 Zamora;2022M01;1,7
49 Zamora;2021M12;2,8
49 Zamora;2021M11;2,43
49 Zamora;2021M10;2,27
49 Zamora;2021M09;2,46
49 Zamora;2021M08;3,11
49 Zamora;2021M07;2,51
49 Zamora;2021M06;2,4
49 Zamora;2021M05;1,71
49 Zamora;2021M04;2,52
49 Zamora;2021M03;1,71
49 Zamora;2021M02;1,9
49 Zamora;2021M01;2,75
49 Zamora;2020M12;2,28
49 Zamora;2020M11;3,31
49 Zamora;2020M10;2,87
49 Zamora;2020M09;2,52
49 Zamora;2020M08;3,19
49 Zamora;2020M07;2,47
49 Zamora;2020M06;2,11
49 Zamora;2020M05;18,35
49 Zamora;2020M04;.
49 Zamora;2020M03;2,34
49 Zamora;2020M02;1,7
49 Zamora;2020M01;1,93
49 Zamora;2019M12;2,41
49 Zamora;2019M11;2,17
49 Zamora;2019M10;2,22
49 Zamora;2019M09;2,08
49 Zamora;2019M08;2,66
49 Zamora;2019M07;2,24
49 Zamora;2019M06;1,93
49 Zamora;2019M05;2,04
49 Zamora;2019M04;2,26
49 Zamora;2019M03;1,99
49 Zamora;2019M02;1,93
49 Zamora;2019M01;2,21
49 Zamora;2018M12;2,36
49 Zamora;2018M11;2,05
49 Zamora;2018M10;1,9
49 Zamora;2018M09;1,91
49 Zamora;2018M08;2,48
49 Zamora;2018M07;2,11
49 Zamora;2018M06;1,8
49 Zamora;2018M05;1,84
49 Zamora;2018M04;2,17
49 Zamora;2018M03;2,2
49 Zamora;2018M02;1,88
49 Zamora;2018M01;2,2
49 Zamora;2017M12;2,06
49 Zamora;2017M11;2,13
49 Zamora;2017M10;2,18
49 Zamora;2017M09;2,18
49 Zamora;2017M08;2,56
49 Zamora;2017M07;2,15
49 Zamora;2017M06;2,07
49 Zamora;2017M05;2,01
49 Zamora;2017M04;2,21
49 Zamora;2017M03;1,99
49 Zamora;2017M02;2,2
49 Zamora;2017M01;2,21
49 Zamora;2016M12;2,29
49 Zamora;2016M11;2,05
49 Zamora;2016M10;2,03
49 Zamora;2016M09;2,16
49 Zamora;2016M08;2,63
49 Zamora;2016M07;2,3
49 Zamora;2016M06;1,97
49 Zamora;2016M05;1,93
49 Zamora;2016M04;1,95
49 Zamora;2016M03;2,49
49 Zamora;2016M02;1,75
49 Zamora;2016M01;1,94
49 Zamora;2015M12;2,29
49 Zamora;2015M11;2
49 Zamora;2015M10;2,09
49 Zamora;2015M09;2,27
49 Zamora;2015M08;2,83
49 Zamora;2015M07;2,14
49 Zamora;2015M06;2
49 Zamora;2015M05;1,88
49 Zamora;2015M04;2,27
49 Zamora;2015M03;2,04
49 Zamora;2015M02;1,92
49 Zamora;2015M01;1,71
49 Zamora;2014M12;2,31
49 Zamora;2014M11;1,93
49 Zamora;2014M10;1,96
49 Zamora;2014M09;2,27
49 Zamora;2014M08;3,25
49 Zamora;2014M07;2,6
49 Zamora;2014M06;2,31
49 Zamora;2014M05;2,59
49 Zamora;2014M04;2,68
49 Zamora;2014M03;2,19
49 Zamora;2014M02;2,47
49 Zamora;2014M01;3,2
49 Zamora;2013M12;2,27
49 Zamora;2013M11;2,02
49 Zamora;2013M10;2,12
49 Zamora;2013M09;2,39
49 Zamora;2013M08;3,09
49 Zamora;2013M07;2,57
49 Zamora;2013M06;2,36
49 Zamora;2013M05;1,99
49 Zamora;2013M04;2,14
49 Zamora;2013M03;2,55
49 Zamora;2013M02;1,86
49 Zamora;2013M01;2,34
49 Zamora;2012M12;2,21
49 Zamora;2012M11;2,48
49 Zamora;2012M10;2,12
49 Zamora;2012M09;2,22
49 Zamora;2012M08;3,2
49 Zamora;2012M07;2,28
49 Zamora;2012M06;1,85
49 Zamora;2012M05;1,9
49 Zamora;2012M04;2,81
49 Zamora;2012M03;2,36
49 Zamora;2012M02;1,86
49 Zamora;2012M01;2,66
49 Zamora;2011M12;2,49
49 Zamora;2011M11;2,19
49 Zamora;2011M10;1,99
49 Zamora;2011M09;2,33
49 Zamora;2011M08;2,62
49 Zamora;2011M07;2,61
49 Zamora;2011M06;2,36
49 Zamora;2011M05;2,37
49 Zamora;2011M04;2,3
49 Zamora;2011M03;2,81
49 Zamora;2011M02;2,03
49 Zamora;2011M01;1,76
49 Zamora;2010M12;2,25
49 Zamora;2010M11;2
49 Zamora;2010M10;1,8
49 Zamora;2010M09;2,27
49 Zamora;2010M08;2,99
49 Zamora;2010M07;2,07
49 Zamora;2010M06;2,08
49 Zamora;2010M05;2,21
49 Zamora;2010M04;3
49 Zamora;2010M03;2,15
49 Zamora;2010M02;1,99
49 Zamora;2010M01;1,75
49 Zamora;2009M12;2,26
49 Zamora;2009M11;2,14
49 Zamora;2009M10;2,36
49 Zamora;2009M09;2,16
49 Zamora;2009M08;3,11
49 Zamora;2009M07;2,17
49 Zamora;2009M06;2,16
49 Zamora;2009M05;2,11
49 Zamora;2009M04;2,76
49 Zamora;2009M03;2,55
49 Zamora;2009M02;1,81
49 Zamora;2009M01;2,5
49 Zamora;2008M12;2,25
49 Zamora;2008M11;2,07
49 Zamora;2008M10;2,02
49 Zamora;2008M09;2,35
49 Zamora;2008M08;3,08
49 Zamora;2008M07;2,64
49 Zamora;2008M06;2,5
49 Zamora;2008M05;2,4
49 Zamora;2008M04;2,06
49 Zamora;2008M03;2,93
49 Zamora;2008M02;1,87
49 Zamora;2008M01;2,01
49 Zamora;2007M12;2,67
49 Zamora;2007M11;2,36
49 Zamora;2007M10;2,07
49 Zamora;2007M09;2,2
49 Zamora;2007M08;3,24
49 Zamora;2007M07;2,71
49 Zamora;2007M06;1,83
49 Zamora;2007M05;1,96
49 Zamora;2007M04;2,99
49 Zamora;2007M03;3,25
49 Zamora;2007M02;2,34
49 Zamora;2007M01;1,96
49 Zamora;2006M12;2,64
49 Zamora;2006M11;2,24
49 Zamora;2006M10;2,24
49 Zamora;2006M09;2,17
49 Zamora;2006M08;3,11
49 Zamora;2006M07;2,68
49 Zamora;2006M06;2,32
49 Zamora;2006M05;2,15
49 Zamora;2006M04;2,37
49 Zamora;2006M03;2,27
49 Zamora;2006M02;1,99
49 Zamora;2006M01;1,94
49 Zamora;2005M12;2,09
49 Zamora;2005M11;2,02
49 Zamora;2005M10;1,94
49 Zamora;2005M09;2,09
49 Zamora;2005M08;3,54
49 Zamora;2005M07;2,42
49 Zamora;2005M06;2,04
49 Zamora;2005M05;2,21
49 Zamora;2005M04;1,64
49 Zamora;2005M03;2,86
49 Zamora;2005M02;2,28
49 Zamora;2005M01;1,84
50 Zaragoza;2026M06;2,28
50 Zaragoza;2026M05;2,13
50 Zaragoza;2026M04;3,27
50 Zaragoza;2026M03;2,98
50 Zaragoza;2026M02;2,28
50 Zaragoza;2026M01;2,63
50 Zaragoza;2025M12;2,71
50 Zaragoza;2025M11;2,64
50 Zaragoza;2025M10;2,8
50 Zaragoza;2025M09;3,11
50 Zaragoza;2025M08;2,92
50 Zaragoza;2025M07;2,94
50 Zaragoza;2025M06;2,63
50 Zaragoza;2025M05;2,16
50 Zaragoza;2025M04;2,3
50 Zaragoza;2025M03;2,2
50 Zaragoza;2025M02;1,91
50 Zaragoza;2025M01;2,86
50 Zaragoza;2024M12;2,38
50 Zaragoza;2024M11;2,42
50 Zaragoza;2024M10;2,09
50 Zaragoza;2024M09;1,97
50 Zaragoza;2024M08;2,32
50 Zaragoza;2024M07;2,29
50 Zaragoza;2024M06;2,21
50 Zaragoza;2024M05;2,14
50 Zaragoza;2024M04;2,27
50 Zaragoza;2024M03;2,48
50 Zaragoza;2024M02;2,57
50 Zaragoza;2024M01;2,84
50 Zaragoza;2023M12;2,78
50 Zaragoza;2023M11;2,62
50 Zaragoza;2023M10;2,64
50 Zaragoza;2023M09;2,43
50 Zaragoza;2023M08;2,85
50 Zaragoza;2023M07;2,47
50 Zaragoza;2023M06;2,39
50 Zaragoza;2023M05;2,32
50 Zaragoza;2023M04;2,72
50 Zaragoza;2023M03;2,52
50 Zaragoza;2023M02;2,7
50 Zaragoza;2023M01;2,88
50 Zaragoza;2022M12;2,8
50 Zaragoza;2022M11;2,4
50 Zaragoza;2022M10;2,72
50 Zaragoza;2022M09;2,24
50 Zaragoza;2022M08;3,44
50 Zaragoza;2022M07;3,24
50 Zaragoza;2022M06;2,49
50 Zaragoza;2022M05;2,73
50 Zaragoza;2022M04;2,66
50 Zaragoza;2022M03;2,9
50 Zaragoza;2022M02;2,89
50 Zaragoza;2022M01;3,45
50 Zaragoza;2021M12;3,09
50 Zaragoza;2021M11;2,82
50 Zaragoza;2021M10;2,9
50 Zaragoza;2021M09;2,67
50 Zaragoza;2021M08;3,34
50 Zaragoza;2021M07;3,13
50 Zaragoza;2021M06;2,65
50 Zaragoza;2021M05;3,76
50 Zaragoza;2021M04;3,93
50 Zaragoza;2021M03;2,95
50 Zaragoza;2021M02;4,22
50 Zaragoza;2021M01;6,1
50 Zaragoza;2020M12;2,31
50 Zaragoza;2020M11;8,33
50 Zaragoza;2020M10;4,2
50 Zaragoza;2020M09;3,26
50 Zaragoza;2020M08;4,99
50 Zaragoza;2020M07;4,26
50 Zaragoza;2020M06;3,15
50 Zaragoza;2020M05;5,93
50 Zaragoza;2020M04;.
50 Zaragoza;2020M03;2,34
50 Zaragoza;2020M02;3,01
50 Zaragoza;2020M01;2,93
50 Zaragoza;2019M12;2,71
50 Zaragoza;2019M11;2,68
50 Zaragoza;2019M10;2,24
50 Zaragoza;2019M09;2,28
50 Zaragoza;2019M08;2,92
50 Zaragoza;2019M07;3,09
50 Zaragoza;2019M06;3,19
50 Zaragoza;2019M05;2,71
50 Zaragoza;2019M04;2,84
50 Zaragoza;2019M03;2,58
50 Zaragoza;2019M02;3,31
50 Zaragoza;2019M01;3,51
50 Zaragoza;2018M12;2,63
50 Zaragoza;2018M11;2,34
50 Zaragoza;2018M10;2,06
50 Zaragoza;2018M09;2,1
50 Zaragoza;2018M08;2,96
50 Zaragoza;2018M07;2,92
50 Zaragoza;2018M06;2,58
50 Zaragoza;2018M05;2,08
50 Zaragoza;2018M04;2,48
50 Zaragoza;2018M03;2,4
50 Zaragoza;2018M02;2,33
50 Zaragoza;2018M01;3,05
50 Zaragoza;2017M12;2,53
50 Zaragoza;2017M11;2,07
50 Zaragoza;2017M10;2,03
50 Zaragoza;2017M09;2,23
50 Zaragoza;2017M08;2,62
50 Zaragoza;2017M07;2,23
50 Zaragoza;2017M06;2,21
50 Zaragoza;2017M05;1,97
50 Zaragoza;2017M04;2,42
50 Zaragoza;2017M03;1,87
50 Zaragoza;2017M02;1,73
50 Zaragoza;2017M01;2,42
50 Zaragoza;2016M12;2,06
50 Zaragoza;2016M11;2
50 Zaragoza;2016M10;2,25
50 Zaragoza;2016M09;1,96
50 Zaragoza;2016M08;2,68
50 Zaragoza;2016M07;2,38
50 Zaragoza;2016M06;1,91
50 Zaragoza;2016M05;1,92
50 Zaragoza;2016M04;1,83
50 Zaragoza;2016M03;2,52
50 Zaragoza;2016M02;2,06
50 Zaragoza;2016M01;3,02
50 Zaragoza;2015M12;2,27
50 Zaragoza;2015M11;2,33
50 Zaragoza;2015M10;1,97
50 Zaragoza;2015M09;1,84
50 Zaragoza;2015M08;3,29
50 Zaragoza;2015M07;2,67
50 Zaragoza;2015M06;1,78
50 Zaragoza;2015M05;2,14
50 Zaragoza;2015M04;2,27
50 Zaragoza;2015M03;1,98
50 Zaragoza;2015M02;1,72
50 Zaragoza;2015M01;2,77
50 Zaragoza;2014M12;2,15
50 Zaragoza;2014M11;2,1
50 Zaragoza;2014M10;1,95
50 Zaragoza;2014M09;1,89
50 Zaragoza;2014M08;3,16
50 Zaragoza;2014M07;2,65
50 Zaragoza;2014M06;1,8
50 Zaragoza;2014M05;1,96
50 Zaragoza;2014M04;2,33
50 Zaragoza;2014M03;1,69
50 Zaragoza;2014M02;1,52
50 Zaragoza;2014M01;1,77
50 Zaragoza;2013M12;2,21
50 Zaragoza;2013M11;2,05
50 Zaragoza;2013M10;1,68
50 Zaragoza;2013M09;2,01
50 Zaragoza;2013M08;3,65
50 Zaragoza;2013M07;2,82
50 Zaragoza;2013M06;2,42
50 Zaragoza;2013M05;1,87
50 Zaragoza;2013M04;1,96
50 Zaragoza;2013M03;2,36
50 Zaragoza;2013M02;2
50 Zaragoza;2013M01;1,96
50 Zaragoza;2012M12;2,09
50 Zaragoza;2012M11;2,54
50 Zaragoza;2012M10;2,13
50 Zaragoza;2012M09;2,88
50 Zaragoza;2012M08;3,86
50 Zaragoza;2012M07;2,31
50 Zaragoza;2012M06;2,31
50 Zaragoza;2012M05;3,09
50 Zaragoza;2012M04;2,68
50 Zaragoza;2012M03;1,9
50 Zaragoza;2012M02;1,9
50 Zaragoza;2012M01;2,57
50 Zaragoza;2011M12;2,28
50 Zaragoza;2011M11;1,77
50 Zaragoza;2011M10;2,33
50 Zaragoza;2011M09;2,44
50 Zaragoza;2011M08;3,67
50 Zaragoza;2011M07;2,91
50 Zaragoza;2011M06;2,34
50 Zaragoza;2011M05;1,91
50 Zaragoza;2011M04;2,27
50 Zaragoza;2011M03;1,98
50 Zaragoza;2011M02;2,53
50 Zaragoza;2011M01;2,97
50 Zaragoza;2010M12;3,07
50 Zaragoza;2010M11;2,16
50 Zaragoza;2010M10;2,79
50 Zaragoza;2010M09;2,33
50 Zaragoza;2010M08;4,03
50 Zaragoza;2010M07;2,13
50 Zaragoza;2010M06;1,9
50 Zaragoza;2010M05;1,86
50 Zaragoza;2010M04;2,97
50 Zaragoza;2010M03;2,21
50 Zaragoza;2010M02;2,21
50 Zaragoza;2010M01;4,21
50 Zaragoza;2009M12;2,81
50 Zaragoza;2009M11;1,95
50 Zaragoza;2009M10;2,76
50 Zaragoza;2009M09;1,88
50 Zaragoza;2009M08;3,42
50 Zaragoza;2009M07;2,17
50 Zaragoza;2009M06;2,12
50 Zaragoza;2009M05;2,16
50 Zaragoza;2009M04;2,64
50 Zaragoza;2009M03;2,09
50 Zaragoza;2009M02;2,06
50 Zaragoza;2009M01;4,33
50 Zaragoza;2008M12;2,38
50 Zaragoza;2008M11;2,29
50 Zaragoza;2008M10;2,01
50 Zaragoza;2008M09;2,47
50 Zaragoza;2008M08;3,12
50 Zaragoza;2008M07;3
50 Zaragoza;2008M06;2,49
50 Zaragoza;2008M05;2,93
50 Zaragoza;2008M04;2,57
50 Zaragoza;2008M03;2,79
50 Zaragoza;2008M02;2,82
50 Zaragoza;2008M01;3,22
50 Zaragoza;2007M12;2,56
50 Zaragoza;2007M11;2,8
50 Zaragoza;2007M10;2,32
50 Zaragoza;2007M09;2,48
50 Zaragoza;2007M08;4,21
50 Zaragoza;2007M07;3,34
50 Zaragoza;2007M06;3,18
50 Zaragoza;2007M05;2,17
50 Zaragoza;2007M04;2,84
50 Zaragoza;2007M03;2,5
50 Zaragoza;2007M02;2,61
50 Zaragoza;2007M01;3,13
50 Zaragoza;2006M12;2,37
50 Zaragoza;2006M11;2,74
50 Zaragoza;2006M10;2,45
50 Zaragoza;2006M09;1,51
50 Zaragoza;2006M08;3,55
50 Zaragoza;2006M07;3,05
50 Zaragoza;2006M06;2,58
50 Zaragoza;2006M05;1,95
50 Zaragoza;2006M04;2,45
50 Zaragoza;2006M03;2,39
50 Zaragoza;2006M02;2,36
50 Zaragoza;2006M01;4,16
50 Zaragoza;2005M12;2,43
50 Zaragoza;2005M11;1,72
50 Zaragoza;2005M10;2,48
50 Zaragoza;2005M09;2,92
50 Zaragoza;2005M08;3,87
50 Zaragoza;2005M07;2,74
50 Zaragoza;2005M06;2,16
50 Zaragoza;2005M05;1,81
50 Zaragoza;2005M04;2,3
50 Zaragoza;2005M03;3,01
50 Zaragoza;2005M02;2,5
50 Zaragoza;2005M01;1,86
