date,open,Customer_Footfall,visits,purchases,conversion_rate,Sales_Amount,gmv,avg_ticket_base,avg_ticket_with_impulse,impulse_attach_pct,impulse_avg_eur,items_per_ticket,quick_buy_pct,quick_buy_ticket,miel_u,loncheado_u,mermelada_u,queso_u,tote_u,picos_u,vino_u,minicata_u,Units_Sold,Inventory_Level,tote_stock,Online_Orders,online_orders_attr,contacts,campaign_conversions,referred_visits,baskets_via_lodging,market_segment,distribution_channel,Promotion,Holiday,holiday_or_event,Season,Day_Of_Week,Month,Year,partners_active,Demand_Level
2024-01-01,0,0,0,0,0.0,0.0,0.0,0.0,0.0,0.0,0.0,0.0,0.0,0.0,0,0,0,0,0,0,0,0,0,40,40,0,0,0,0,0,0,Closed,None,No,Yes,1,Invierno,Monday,1,2024,2,None
2024-01-02,0,0,0,0,0.0,0.0,0.0,0.0,0.0,0.0,0.0,0.0,0.0,0.0,0,0,0,0,0,0,0,0,0,40,40,0,0,0,0,0,0,Closed,None,No,Yes,1,Invierno,Tuesday,1,2024,2,None
2024-01-03,0,0,0,0,0.0,0.0,0.0,0.0,0.0,0.0,0.0,0.0,0.0,0.0,0,0,0,0,0,0,0,0,0,40,40,0,0,0,0,0,0,Closed,None,No,Yes,1,Invierno,Wednesday,1,2024,2,None
2024-01-04,0,0,0,0,0.0,0.0,0.0,0.0,0.0,0.0,0.0,0.0,0.0,0.0,0,0,0,0,0,0,0,0,0,40,40,0,0,0,0,0,0,Closed,None,No,Yes,1,Invierno,Thursday,1,2024,2,None
2024-01-05,0,0,0,0,0.0,0.0,0.0,0.0,0.0,0.0,0.0,0.0,0.0,0.0,0,0,0,0,0,0,0,0,0,40,40,0,0,0,0,0,0,Closed,None,No,Yes,1,Invierno,Friday,1,2024,2,None
2024-01-06,1,18,18,8,0.4444,295.62,295.62,34.49,36.95,45.0,5.47,1.0,29.3,15.4,1,3,0,0,0,0,3,1,8,40,40,0,0,3,0,3,0,Direct,Direct,Yes,Yes,1,Invierno,Saturday,1,2024,2,Low
2024-01-07,1,7,7,3,0.4286,96.22,96.22,30.4,32.07,32.4,5.15,0.33,20.2,14.95,0,0,0,0,0,1,0,0,1,40,40,0,0,1,0,0,1,Event_local,Offline_event,No,No,0,Invierno,Sunday,1,2024,2,Low
2024-01-08,1,7,7,3,0.4286,117.26,117.26,37.2,39.09,31.2,6.02,0.33,26.9,16.39,0,0,0,0,1,0,0,0,1,39,39,2,0,1,0,1,0,Rural_lodging,Partner_referral,No,No,0,Invierno,Monday,1,2024,2,Low
2024-01-09,0,0,0,0,0.0,0.0,0.0,0.0,0.0,0.0,0.0,0.0,0.0,0.0,0,0,0,0,0,0,0,0,0,39,39,0,0,0,0,0,0,Closed,None,No,No,0,Invierno,Tuesday,1,2024,2,None
2024-01-10,0,0,0,0,0.0,0.0,0.0,0.0,0.0,0.0,0.0,0.0,0.0,0.0,0,0,0,0,0,0,0,0,0,39,39,0,0,0,0,0,0,Closed,None,No,No,0,Invierno,Wednesday,1,2024,2,None
2024-01-11,0,0,0,0,0.0,0.0,0.0,0.0,0.0,0.0,0.0,0.0,0.0,0.0,0,0,0,0,0,0,0,0,0,39,39,0,0,0,0,0,0,Closed,None,No,No,0,Invierno,Thursday,1,2024,2,None
2024-01-12,0,0,0,0,0.0,0.0,0.0,0.0,0.0,0.0,0.0,0.0,0.0,0.0,0,0,0,0,0,0,0,0,0,39,39,0,0,0,0,0,0,Closed,None,No,No,0,Invierno,Friday,1,2024,2,None
2024-01-13,1,7,7,1,0.1429,32.63,32.63,31.34,32.63,29.9,4.33,1.0,21.7,12.75,0,0,1,0,0,0,0,0,1,39,39,0,0,0,0,0,0,Direct,Direct,No,No,0,Invierno,Saturday,1,2024,2,Low
2024-01-14,1,15,15,2,0.1333,76.23,76.23,33.8,38.11,41.6,10.38,1.5,24.8,17.47,1,0,0,0,0,1,0,1,3,39,39,1,1,1,1,0,0,Direct,Direct,Yes,No,0,Invierno,Sunday,1,2024,2,Low
2024-01-15,0,0,0,0,0.0,0.0,0.0,0.0,0.0,0.0,0.0,0.0,0.0,0.0,0,0,0,0,0,0,0,0,0,39,39,0,0,0,0,0,0,Closed,None,No,No,0,Invierno,Monday,1,2024,2,None
2024-01-16,0,0,0,0,0.0,0.0,0.0,0.0,0.0,0.0,0.0,0.0,0.0,0.0,0,0,0,0,0,0,0,0,0,39,39,0,0,0,0,0,0,Closed,None,No,No,0,Invierno,Tuesday,1,2024,2,None
2024-01-17,0,0,0,0,0.0,0.0,0.0,0.0,0.0,0.0,0.0,0.0,0.0,0.0,0,0,0,0,0,0,0,0,0,39,39,0,0,0,0,0,0,Closed,None,No,No,0,Invierno,Wednesday,1,2024,2,None
2024-01-18,0,0,0,0,0.0,0.0,0.0,0.0,0.0,0.0,0.0,0.0,0.0,0.0,0,0,0,0,0,0,0,0,0,39,39,0,0,0,0,0,0,Closed,None,No,No,0,Invierno,Thursday,1,2024,2,None
2024-01-19,0,0,0,0,0.0,0.0,0.0,0.0,0.0,0.0,0.0,0.0,0.0,0.0,0,0,0,0,0,0,0,0,0,39,39,0,0,0,0,0,0,Closed,None,No,No,0,Invierno,Friday,1,2024,2,None
2024-01-20,1,8,8,3,0.375,108.34,108.34,34.12,36.11,35.0,5.71,0.0,26.0,18.31,0,0,0,0,0,0,0,0,0,39,39,0,0,1,0,0,1,Passerby,Walk_in,No,No,0,Invierno,Saturday,1,2024,2,Low
2024-01-21,1,8,8,5,0.625,218.07,218.07,42.07,43.61,28.2,5.48,0.6,15.2,14.32,0,0,2,0,0,1,0,0,3,39,39,1,0,2,0,0,0,Direct,Direct,No,No,0,Invierno,Sunday,1,2024,2,Low
2024-01-22,0,0,0,0,0.0,0.0,0.0,0.0,0.0,0.0,0.0,0.0,0.0,0.0,0,0,0,0,0,0,0,0,0,39,39,0,0,0,0,0,0,Closed,None,No,No,0,Invierno,Monday,1,2024,3,None
2024-01-23,1,6,6,1,0.1667,36.41,36.41,34.57,36.41,36.9,5.0,0.0,26.8,17.53,0,0,0,0,0,0,0,0,0,39,39,0,0,1,0,0,0,Direct,Direct,No,No,0,Invierno,Tuesday,1,2024,2,Low
2024-01-24,0,0,0,0,0.0,0.0,0.0,0.0,0.0,0.0,0.0,0.0,0.0,0.0,0,0,0,0,0,0,0,0,0,39,39,0,0,0,0,0,0,Closed,None,No,No,0,Invierno,Wednesday,1,2024,2,None
2024-01-25,1,14,14,4,0.2857,152.92,152.92,36.65,38.23,48.8,3.24,1.25,29.2,14.84,0,1,2,0,0,0,1,1,5,39,39,0,0,1,0,2,1,Event_local,Offline_event,No,No,0,Invierno,Thursday,1,2024,2,Low
2024-01-26,0,0,0,0,0.0,0.0,0.0,0.0,0.0,0.0,0.0,0.0,0.0,0.0,0,0,0,0,0,0,0,0,0,39,39,0,0,0,0,0,0,Closed,None,No,No,0,Invierno,Friday,1,2024,2,None
2024-01-27,1,12,12,5,0.4167,151.47,151.47,28.0,30.29,37.4,6.13,0.8,26.5,18.73,2,0,0,0,1,0,0,1,4,38,38,0,0,2,0,0,0,Direct,Direct,No,No,0,Invierno,Saturday,1,2024,2,Low
2024-01-28,1,15,15,8,0.5333,257.07,257.07,31.12,32.13,22.2,4.57,0.88,26.6,16.55,1,2,1,2,0,0,1,0,7,38,38,1,0,3,0,0,0,Rural_lodging,Partner_referral,No,No,0,Invierno,Sunday,1,2024,2,Low
2024-01-29,0,0,0,0,0.0,0.0,0.0,0.0,0.0,0.0,0.0,0.0,0.0,0.0,0,0,0,0,0,0,0,0,0,38,38,0,0,0,0,0,0,Closed,None,No,No,0,Invierno,Monday,1,2024,2,None
2024-01-30,0,0,0,0,0.0,0.0,0.0,0.0,0.0,0.0,0.0,0.0,0.0,0.0,0,0,0,0,0,0,0,0,0,38,38,0,0,0,0,0,0,Closed,None,No,No,0,Invierno,Tuesday,1,2024,2,None
2024-01-31,1,6,6,3,0.5,100.73,100.73,32.57,33.58,30.2,3.34,1.0,18.7,14.78,2,0,0,0,0,1,0,0,3,38,38,1,0,1,0,1,0,Direct,Direct,No,No,0,Invierno,Wednesday,1,2024,2,Low
2024-02-01,0,0,0,0,0.0,0.0,0.0,0.0,0.0,0.0,0.0,0.0,0.0,0.0,0,0,0,0,0,0,0,0,0,38,38,0,0,0,0,0,0,Closed,None,No,No,0,Invierno,Thursday,2,2024,2,None
2024-02-02,0,0,0,0,0.0,0.0,0.0,0.0,0.0,0.0,0.0,0.0,0.0,0.0,0,0,0,0,0,0,0,0,0,38,38,0,0,0,0,0,0,Closed,None,No,No,0,Invierno,Friday,2,2024,2,None
2024-02-03,1,6,6,2,0.3333,74.19,74.19,35.41,37.1,37.5,4.5,0.0,14.5,11.35,0,0,0,0,0,0,0,0,0,38,38,0,0,1,0,1,0,Direct,Direct,No,No,0,Invierno,Saturday,2,2024,2,Low
2024-02-04,1,12,12,3,0.25,118.77,118.77,37.09,39.59,32.5,7.68,1.33,13.0,14.83,2,0,0,0,0,0,2,0,4,38,38,0,0,1,0,0,0,Direct,Direct,No,No,0,Invierno,Sunday,2,2024,3,Low
2024-02-05,0,0,0,0,0.0,0.0,0.0,0.0,0.0,0.0,0.0,0.0,0.0,0.0,0,0,0,0,0,0,0,0,0,38,38,0,0,0,0,0,0,Closed,None,No,No,0,Invierno,Monday,2,2024,2,None
2024-02-06,0,0,0,0,0.0,0.0,0.0,0.0,0.0,0.0,0.0,0.0,0.0,0.0,0,0,0,0,0,0,0,0,0,38,38,0,0,0,0,0,0,Closed,None,No,No,0,Invierno,Tuesday,2,2024,3,None
2024-02-07,0,0,0,0,0.0,0.0,0.0,0.0,0.0,0.0,0.0,0.0,0.0,0.0,0,0,0,0,0,0,0,0,0,38,38,0,0,0,0,0,0,Closed,None,No,No,0,Invierno,Wednesday,2,2024,2,None
2024-02-08,0,0,0,0,0.0,0.0,0.0,0.0,0.0,0.0,0.0,0.0,0.0,0.0,0,0,0,0,0,0,0,0,0,38,38,0,0,0,0,0,0,Closed,None,No,No,0,Invierno,Thursday,2,2024,2,None
2024-02-09,0,0,0,0,0.0,0.0,0.0,0.0,0.0,0.0,0.0,0.0,0.0,0.0,0,0,0,0,0,0,0,0,0,38,38,0,0,0,0,0,0,Closed,None,No,No,0,Invierno,Friday,2,2024,2,None
2024-02-10,1,6,6,2,0.3333,81.68,81.68,39.52,40.84,22.8,5.78,0.0,13.9,13.85,0,0,0,0,0,0,0,0,0,38,38,1,0,1,0,1,1,Direct,Direct,Yes,No,0,Invierno,Saturday,2,2024,2,Low
2024-02-11,1,9,9,2,0.2222,75.07,75.07,36.16,37.53,23.4,5.88,2.0,25.6,13.7,0,1,0,0,0,1,1,1,4,38,38,0,0,1,0,3,2,Passerby,Walk_in,No,No,0,Invierno,Sunday,2,2024,2,Low
2024-02-12,0,0,0,0,0.0,0.0,0.0,0.0,0.0,0.0,0.0,0.0,0.0,0.0,0,0,0,0,0,0,0,0,0,38,38,0,0,0,0,0,0,Closed,None,No,No,0,Invierno,Monday,2,2024,2,None
2024-02-13,1,10,10,1,0.1,33.15,33.15,31.88,33.15,36.9,3.44,0.0,26.7,13.89,0,0,0,0,0,0,0,0,0,38,38,0,0,0,0,2,1,Passerby,Walk_in,No,No,0,Invierno,Tuesday,2,2024,2,Low
2024-02-14,0,0,0,0,0.0,0.0,0.0,0.0,0.0,0.0,0.0,0.0,0.0,0.0,0,0,0,0,0,0,0,0,0,38,38,0,0,0,0,0,0,Closed,None,No,No,0,Invierno,Wednesday,2,2024,3,None
2024-02-15,0,0,0,0,0.0,0.0,0.0,0.0,0.0,0.0,0.0,0.0,0.0,0.0,0,0,0,0,0,0,0,0,0,38,38,0,0,0,0,0,0,Closed,None,No,No,0,Invierno,Thursday,2,2024,2,None
2024-02-16,0,0,0,0,0.0,0.0,0.0,0.0,0.0,0.0,0.0,0.0,0.0,0.0,0,0,0,0,0,0,0,0,0,38,38,0,0,0,0,0,0,Closed,None,No,No,0,Invierno,Friday,2,2024,2,None
2024-02-17,1,8,8,7,0.875,226.69,226.69,31.05,32.38,21.2,6.3,0.14,21.7,19.2,0,0,0,0,0,0,0,1,1,38,38,0,0,2,0,0,1,Event_local,Offline_event,No,No,0,Invierno,Saturday,2,2024,2,Low
2024-02-18,1,11,11,3,0.2727,119.9,119.9,37.69,39.97,45.0,5.06,0.67,21.4,14.54,0,0,0,1,0,0,0,1,2,38,38,0,0,1,0,1,0,Rural_lodging,Partner_referral,No,No,0,Invierno,Sunday,2,2024,3,Low
2024-02-19,0,0,0,0,0.0,0.0,0.0,0.0,0.0,0.0,0.0,0.0,0.0,0.0,0,0,0,0,0,0,0,0,0,38,38,0,0,0,0,0,0,Closed,None,No,No,0,Invierno,Monday,2,2024,2,None
2024-02-20,1,4,4,2,0.5,73.45,73.45,35.46,36.73,33.3,3.81,0.5,14.6,16.87,1,0,0,0,0,0,0,0,1,38,38,0,0,1,0,1,0,Rural_lodging,Partner_referral,No,No,0,Invierno,Tuesday,2,2024,2,Low
2024-02-21,0,0,0,0,0.0,0.0,0.0,0.0,0.0,0.0,0.0,0.0,0.0,0.0,0,0,0,0,0,0,0,0,0,38,38,0,0,0,0,0,0,Closed,None,No,No,0,Invierno,Wednesday,2,2024,3,None
2024-02-22,1,6,6,3,0.5,116.14,116.14,37.31,38.71,32.0,4.39,0.33,24.1,14.9,0,0,1,0,0,0,0,0,1,38,38,0,0,1,0,0,0,Rural_lodging,Partner_referral,No,No,0,Invierno,Thursday,2,2024,3,Low
2024-02-23,0,0,0,0,0.0,0.0,0.0,0.0,0.0,0.0,0.0,0.0,0.0,0.0,0,0,0,0,0,0,0,0,0,38,38,0,0,0,0,0,0,Closed,None,No,No,0,Invierno,Friday,2,2024,2,None
2024-02-24,1,9,9,6,0.6667,245.35,245.35,38.63,40.89,35.1,6.45,0.67,24.3,15.09,1,0,1,1,1,0,0,0,4,37,37,0,0,2,0,2,1,Direct,Direct,No,No,0,Invierno,Saturday,2,2024,3,Low
2024-02-25,1,6,6,2,0.3333,75.65,75.65,36.35,37.82,37.2,3.95,2.0,21.1,18.38,2,0,0,1,0,0,0,1,4,37,37,1,0,1,0,0,0,Direct,Direct,No,No,0,Invierno,Sunday,2,2024,2,Low
2024-02-26,1,11,11,2,0.1818,75.29,75.29,36.68,37.64,38.4,2.51,0.5,28.0,13.54,0,0,1,0,0,0,0,0,1,37,37,1,0,1,0,1,0,Event_local,Offline_event,No,No,0,Invierno,Monday,2,2024,3,Low
2024-02-27,0,0,0,0,0.0,0.0,0.0,0.0,0.0,0.0,0.0,0.0,0.0,0.0,0,0,0,0,0,0,0,0,0,37,37,0,0,0,0,0,0,Closed,None,No,No,0,Invierno,Tuesday,2,2024,3,None
2024-02-28,0,0,0,0,0.0,0.0,0.0,0.0,0.0,0.0,0.0,0.0,0.0,0.0,0,0,0,0,0,0,0,0,0,37,37,0,0,0,0,0,0,Closed,None,No,No,0,Invierno,Wednesday,2,2024,3,None
2024-02-29,0,0,0,0,0.0,0.0,0.0,0.0,0.0,0.0,0.0,0.0,0.0,0.0,0,0,0,0,0,0,0,0,0,37,37,0,0,0,0,0,0,Closed,None,No,No,0,Invierno,Thursday,2,2024,2,None
2024-03-01,0,0,0,0,0.0,0.0,0.0,0.0,0.0,0.0,0.0,0.0,0.0,0.0,0,0,0,0,0,0,0,0,0,37,37,0,0,0,0,0,0,Closed,None,No,No,0,Primavera,Friday,3,2024,2,None
2024-03-02,1,14,14,4,0.2857,145.45,145.45,33.55,36.36,38.7,7.27,1.0,22.1,17.6,1,0,0,0,1,1,0,1,4,36,36,1,1,2,1,1,0,Event_local,Offline_event,Yes,No,0,Primavera,Saturday,3,2024,3,Low
2024-03-03,1,19,19,5,0.2632,151.79,151.79,28.92,30.36,32.5,4.44,0.8,24.7,14.36,1,0,0,0,0,0,0,3,4,36,36,0,0,2,0,1,1,Passerby,Walk_in,No,No,0,Primavera,Sunday,3,2024,3,Low
2024-03-04,0,0,0,0,0.0,0.0,0.0,0.0,0.0,0.0,0.0,0.0,0.0,0.0,0,0,0,0,0,0,0,0,0,36,36,0,0,0,0,0,0,Closed,None,No,No,0,Primavera,Monday,3,2024,3,None
2024-03-05,0,0,0,0,0.0,0.0,0.0,0.0,0.0,0.0,0.0,0.0,0.0,0.0,0,0,0,0,0,0,0,0,0,36,36,0,0,0,0,0,0,Closed,None,No,No,0,Primavera,Tuesday,3,2024,3,None
2024-03-06,0,0,0,0,0.0,0.0,0.0,0.0,0.0,0.0,0.0,0.0,0.0,0.0,0,0,0,0,0,0,0,0,0,36,36,0,0,0,0,0,0,Closed,None,No,No,0,Primavera,Wednesday,3,2024,2,None
2024-03-07,0,0,0,0,0.0,0.0,0.0,0.0,0.0,0.0,0.0,0.0,0.0,0.0,0,0,0,0,0,0,0,0,0,36,36,0,0,0,0,0,0,Closed,None,No,No,0,Primavera,Thursday,3,2024,2,None
2024-03-08,0,0,0,0,0.0,0.0,0.0,0.0,0.0,0.0,0.0,0.0,0.0,0.0,0,0,0,0,0,0,0,0,0,36,36,0,0,0,0,0,0,Closed,None,No,No,0,Primavera,Friday,3,2024,3,None
2024-03-09,1,5,5,2,0.4,77.81,77.81,35.49,38.9,38.3,8.91,0.5,24.8,13.5,0,0,1,0,0,0,0,0,1,36,36,1,1,1,1,1,0,Direct,Direct,No,No,0,Primavera,Saturday,3,2024,2,Low
2024-03-10,1,16,16,9,0.5625,378.99,378.99,39.71,42.11,30.8,7.8,0.78,22.2,14.53,1,1,0,1,0,2,1,1,7,36,36,1,1,4,1,2,0,Passerby,Walk_in,Yes,Yes,1,Primavera,Sunday,3,2024,2,Low
2024-03-11,0,0,0,0,0.0,0.0,0.0,0.0,0.0,0.0,0.0,0.0,0.0,0.0,0,0,0,0,0,0,0,0,0,36,36,0,0,0,0,0,0,Closed,None,No,No,0,Primavera,Monday,3,2024,3,None
2024-03-12,0,0,0,0,0.0,0.0,0.0,0.0,0.0,0.0,0.0,0.0,0.0,0.0,0,0,0,0,0,0,0,0,0,36,36,0,0,0,0,0,0,Closed,None,No,No,0,Primavera,Tuesday,3,2024,3,None
2024-03-13,0,0,0,0,0.0,0.0,0.0,0.0,0.0,0.0,0.0,0.0,0.0,0.0,0,0,0,0,0,0,0,0,0,36,36,0,0,0,0,0,0,Closed,None,No,No,0,Primavera,Wednesday,3,2024,3,None
2024-03-14,0,0,0,0,0.0,0.0,0.0,0.0,0.0,0.0,0.0,0.0,0.0,0.0,0,0,0,0,0,0,0,0,0,36,36,0,0,0,0,0,0,Closed,None,No,No,0,Primavera,Thursday,3,2024,3,None
2024-03-15,0,0,0,0,0.0,0.0,0.0,0.0,0.0,0.0,0.0,0.0,0.0,0.0,0,0,0,0,0,0,0,0,0,36,36,0,0,0,0,0,0,Closed,None,No,Yes,1,Primavera,Friday,3,2024,3,None
2024-03-16,1,13,13,7,0.5385,230.37,230.37,29.87,32.91,42.3,7.19,0.86,30.3,17.88,1,0,0,1,1,0,2,1,6,35,35,4,1,2,1,3,1,Direct,Direct,Yes,Yes,1,Primavera,Saturday,3,2024,3,Low
2024-03-17,1,15,15,5,0.3333,215.3,215.3,39.06,43.06,40.8,9.82,0.6,21.3,17.76,0,0,0,1,1,0,1,0,3,34,34,0,0,2,0,4,3,Rural_lodging,Partner_referral,Yes,Yes,1,Primavera,Sunday,3,2024,2,Low
2024-03-18,0,0,0,0,0.0,0.0,0.0,0.0,0.0,0.0,0.0,0.0,0.0,0.0,0,0,0,0,0,0,0,0,0,34,34,0,0,0,0,0,0,Closed,None,No,No,0,Primavera,Monday,3,2024,3,None
2024-03-19,0,0,0,0,0.0,0.0,0.0,0.0,0.0,0.0,0.0,0.0,0.0,0.0,0,0,0,0,0,0,0,0,0,34,34,0,0,0,0,0,0,Closed,None,No,No,0,Primavera,Tuesday,3,2024,3,None
2024-03-20,0,0,0,0,0.0,0.0,0.0,0.0,0.0,0.0,0.0,0.0,0.0,0.0,0,0,0,0,0,0,0,0,0,34,34,0,0,0,0,0,0,Closed,None,No,No,0,Primavera,Wednesday,3,2024,3,None
2024-03-21,0,0,0,0,0.0,0.0,0.0,0.0,0.0,0.0,0.0,0.0,0.0,0.0,0,0,0,0,0,0,0,0,0,34,34,0,0,0,0,0,0,Closed,None,No,No,0,Primavera,Thursday,3,2024,3,None
2024-03-22,0,0,0,0,0.0,0.0,0.0,0.0,0.0,0.0,0.0,0.0,0.0,0.0,0,0,0,0,0,0,0,0,0,34,34,0,0,0,0,0,0,Closed,None,No,Yes,1,Primavera,Friday,3,2024,3,None
2024-03-23,1,19,19,14,0.7368,583.59,583.59,37.27,41.69,54.6,8.09,0.86,29.8,17.98,2,2,3,2,1,1,1,0,12,33,33,0,0,6,0,4,0,Direct,Direct,Yes,Yes,1,Primavera,Saturday,3,2024,3,Medium
2024-03-24,1,14,14,6,0.4286,240.7,240.7,36.58,40.12,36.5,9.69,0.5,23.0,18.08,0,1,1,0,0,0,0,1,3,33,33,1,0,2,0,6,0,Direct,Direct,Yes,Yes,1,Primavera,Sunday,3,2024,4,Low
2024-03-25,0,0,0,0,0.0,0.0,0.0,0.0,0.0,0.0,0.0,0.0,0.0,0.0,0,0,0,0,0,0,0,0,0,33,33,0,0,0,0,0,0,Closed,None,No,No,0,Primavera,Monday,3,2024,3,None
2024-03-26,0,0,0,0,0.0,0.0,0.0,0.0,0.0,0.0,0.0,0.0,0.0,0.0,0,0,0,0,0,0,0,0,0,33,33,0,0,0,0,0,0,Closed,None,No,No,0,Primavera,Tuesday,3,2024,4,None
2024-03-27,0,0,0,0,0.0,0.0,0.0,0.0,0.0,0.0,0.0,0.0,0.0,0.0,0,0,0,0,0,0,0,0,0,33,33,0,0,0,0,0,0,Closed,None,No,No,0,Primavera,Wednesday,3,2024,3,None
2024-03-28,0,0,0,0,0.0,0.0,0.0,0.0,0.0,0.0,0.0,0.0,0.0,0.0,0,0,0,0,0,0,0,0,0,33,33,0,0,0,0,0,0,Closed,None,No,No,0,Primavera,Thursday,3,2024,3,None
2024-03-29,0,0,0,0,0.0,0.0,0.0,0.0,0.0,0.0,0.0,0.0,0.0,0.0,0,0,0,0,0,0,0,0,0,33,33,0,0,0,0,0,0,Closed,None,No,No,0,Primavera,Friday,3,2024,3,None
2024-03-30,1,14,14,4,0.2857,144.92,144.92,35.2,36.23,22.2,4.63,0.25,24.9,16.23,0,0,0,0,1,0,0,0,1,32,32,1,1,2,1,2,1,Rural_lodging,Partner_referral,No,No,0,Primavera,Saturday,3,2024,3,Low
2024-03-31,1,10,10,2,0.2,65.95,65.95,30.87,32.97,31.1,6.76,0.0,23.4,14.2,0,0,0,0,0,0,0,0,0,32,32,0,0,1,0,0,0,Rural_lodging,Partner_referral,No,No,0,Primavera,Sunday,3,2024,4,Low
2024-04-01,0,0,0,0,0.0,0.0,0.0,0.0,0.0,0.0,0.0,0.0,0.0,0.0,0,0,0,0,0,0,0,0,0,32,32,0,0,0,0,0,0,Closed,None,No,No,0,Primavera,Monday,4,2024,3,None
2024-04-02,0,0,0,0,0.0,0.0,0.0,0.0,0.0,0.0,0.0,0.0,0.0,0.0,0,0,0,0,0,0,0,0,0,32,32,0,0,0,0,0,0,Closed,None,No,No,0,Primavera,Tuesday,4,2024,3,None
2024-04-03,0,0,0,0,0.0,0.0,0.0,0.0,0.0,0.0,0.0,0.0,0.0,0.0,0,0,0,0,0,0,0,0,0,32,32,0,0,0,0,0,0,Closed,None,No,No,0,Primavera,Wednesday,4,2024,3,None
2024-04-04,0,0,0,0,0.0,0.0,0.0,0.0,0.0,0.0,0.0,0.0,0.0,0.0,0,0,0,0,0,0,0,0,0,32,32,0,0,0,0,0,0,Closed,None,No,No,0,Primavera,Thursday,4,2024,3,None
2024-04-05,0,0,0,0,0.0,0.0,0.0,0.0,0.0,0.0,0.0,0.0,0.0,0.0,0,0,0,0,0,0,0,0,0,32,32,0,0,0,0,0,0,Closed,None,No,No,0,Primavera,Friday,4,2024,3,None
2024-04-06,1,11,11,1,0.0909,41.01,41.01,37.5,41.01,39.9,8.79,1.0,31.7,13.5,0,0,0,0,0,1,0,0,1,32,32,0,0,1,0,1,0,Passerby,Walk_in,No,No,0,Primavera,Saturday,4,2024,3,Low
2024-04-07,1,12,12,5,0.4167,185.66,185.66,35.1,37.13,28.3,7.19,0.6,27.9,16.69,0,1,1,0,0,0,0,1,3,32,32,0,0,1,0,0,1,Passerby,Walk_in,No,No,0,Primavera,Sunday,4,2024,4,Low
2024-04-08,0,0,0,0,0.0,0.0,0.0,0.0,0.0,0.0,0.0,0.0,0.0,0.0,0,0,0,0,0,0,0,0,0,32,32,0,0,0,0,0,0,Closed,None,No,No,0,Primavera,Monday,4,2024,4,None
2024-04-09,0,0,0,0,0.0,0.0,0.0,0.0,0.0,0.0,0.0,0.0,0.0,0.0,0,0,0,0,0,0,0,0,0,32,32,0,0,0,0,0,0,Closed,None,No,No,0,Primavera,Tuesday,4,2024,3,None
2024-04-10,0,0,0,0,0.0,0.0,0.0,0.0,0.0,0.0,0.0,0.0,0.0,0.0,0,0,0,0,0,0,0,0,0,32,32,0,0,0,0,0,0,Closed,None,No,No,0,Primavera,Wednesday,4,2024,3,None
2024-04-11,0,0,0,0,0.0,0.0,0.0,0.0,0.0,0.0,0.0,0.0,0.0,0.0,0,0,0,0,0,0,0,0,0,32,32,0,0,0,0,0,0,Closed,None,No,No,0,Primavera,Thursday,4,2024,3,None
2024-04-12,0,0,0,0,0.0,0.0,0.0,0.0,0.0,0.0,0.0,0.0,0.0,0.0,0,0,0,0,0,0,0,0,0,32,32,0,0,0,0,0,0,Closed,None,No,Yes,1,Primavera,Friday,4,2024,3,None
2024-04-13,1,13,13,5,0.3846,163.01,163.01,28.59,32.6,46.9,8.56,0.8,22.5,11.0,1,0,0,0,0,2,0,1,4,32,32,0,0,1,0,2,0,Direct,Direct,Yes,Yes,1,Primavera,Saturday,4,2024,3,Low
2024-04-14,1,18,18,4,0.2222,166.07,166.07,40.1,41.52,27.0,5.27,1.75,29.3,16.04,2,1,0,0,1,0,0,3,7,31,31,2,0,2,0,0,1,Event_local,Offline_event,Yes,Yes,1,Primavera,Sunday,4,2024,3,Low
2024-04-15,0,0,0,0,0.0,0.0,0.0,0.0,0.0,0.0,0.0,0.0,0.0,0.0,0,0,0,0,0,0,0,0,0,31,31,0,0,0,0,0,0,Closed,None,No,No,0,Primavera,Monday,4,2024,3,None
2024-04-16,0,0,0,0,0.0,0.0,0.0,0.0,0.0,0.0,0.0,0.0,0.0,0.0,0,0,0,0,0,0,0,0,0,31,31,0,0,0,0,0,0,Closed,None,No,No,0,Primavera,Tuesday,4,2024,3,None
2024-04-17,0,0,0,0,0.0,0.0,0.0,0.0,0.0,0.0,0.0,0.0,0.0,0.0,0,0,0,0,0,0,0,0,0,31,31,0,0,0,0,0,0,Closed,None,No,No,0,Primavera,Wednesday,4,2024,4,None
2024-04-18,0,0,0,0,0.0,0.0,0.0,0.0,0.0,0.0,0.0,0.0,0.0,0.0,0,0,0,0,0,0,0,0,0,31,31,0,0,0,0,0,0,Closed,None,No,No,0,Primavera,Thursday,4,2024,4,None
2024-04-19,0,0,0,0,0.0,0.0,0.0,0.0,0.0,0.0,0.0,0.0,0.0,0.0,0,0,0,0,0,0,0,0,0,31,31,0,0,0,0,0,0,Closed,None,No,Yes,1,Primavera,Friday,4,2024,4,None
2024-04-20,1,26,26,11,0.4231,467.37,467.37,38.12,42.49,44.3,9.85,0.45,31.4,11.0,1,1,0,0,0,3,0,0,5,31,31,0,0,6,0,6,4,Event_local,Offline_event,Yes,Yes,1,Primavera,Saturday,4,2024,3,Medium
2024-04-21,1,13,13,5,0.3846,208.94,208.94,38.4,41.79,47.2,7.18,1.0,27.1,14.66,3,0,0,0,0,1,1,0,5,31,31,0,0,2,0,1,0,Event_local,Offline_event,Yes,Yes,1,Primavera,Sunday,4,2024,3,Low
2024-04-22,0,0,0,0,0.0,0.0,0.0,0.0,0.0,0.0,0.0,0.0,0.0,0.0,0,0,0,0,0,0,0,0,0,31,31,0,0,0,0,0,0,Closed,None,No,No,0,Primavera,Monday,4,2024,3,None
2024-04-23,0,0,0,0,0.0,0.0,0.0,0.0,0.0,0.0,0.0,0.0,0.0,0.0,0,0,0,0,0,0,0,0,0,31,31,0,0,0,0,0,0,Closed,None,No,No,0,Primavera,Tuesday,4,2024,3,None
2024-04-24,0,0,0,0,0.0,0.0,0.0,0.0,0.0,0.0,0.0,0.0,0.0,0.0,0,0,0,0,0,0,0,0,0,31,31,0,0,0,0,0,0,Closed,None,No,No,0,Primavera,Wednesday,4,2024,4,None
2024-04-25,0,0,0,0,0.0,0.0,0.0,0.0,0.0,0.0,0.0,0.0,0.0,0.0,0,0,0,0,0,0,0,0,0,31,31,0,0,0,0,0,0,Closed,None,No,No,0,Primavera,Thursday,4,2024,3,None
2024-04-26,0,0,0,0,0.0,0.0,0.0,0.0,0.0,0.0,0.0,0.0,0.0,0.0,0,0,0,0,0,0,0,0,0,31,31,0,0,0,0,0,0,Closed,None,No,No,0,Primavera,Friday,4,2024,4,None
2024-04-27,1,14,14,2,0.1429,92.42,92.42,43.64,46.21,47.1,5.45,2.0,20.4,14.85,1,0,0,0,0,1,0,2,4,31,31,0,0,1,0,3,0,Event_local,Offline_event,No,No,0,Primavera,Saturday,4,2024,4,Low
2024-04-28,1,10,10,4,0.4,146.71,146.71,34.93,36.68,51.8,3.38,0.25,21.7,18.91,0,0,1,0,0,0,0,0,1,31,31,0,0,2,0,2,1,Rural_lodging,Partner_referral,No,No,0,Primavera,Sunday,4,2024,4,Low
2024-04-29,0,0,0,0,0.0,0.0,0.0,0.0,0.0,0.0,0.0,0.0,0.0,0.0,0,0,0,0,0,0,0,0,0,31,31,0,0,0,0,0,0,Closed,None,No,No,0,Primavera,Monday,4,2024,4,None
2024-04-30,0,0,0,0,0.0,0.0,0.0,0.0,0.0,0.0,0.0,0.0,0.0,0.0,0,0,0,0,0,0,0,0,0,31,31,0,0,0,0,0,0,Closed,None,No,No,0,Primavera,Tuesday,4,2024,4,None
2024-05-01,0,0,0,0,0.0,0.0,0.0,0.0,0.0,0.0,0.0,0.0,0.0,0.0,0,0,0,0,0,0,0,0,0,31,31,0,0,0,0,0,0,Closed,None,No,Yes,1,Primavera,Wednesday,5,2024,4,None
2024-05-02,0,0,0,0,0.0,0.0,0.0,0.0,0.0,0.0,0.0,0.0,0.0,0.0,0,0,0,0,0,0,0,0,0,31,31,0,0,0,0,0,0,Closed,None,No,Yes,1,Primavera,Thursday,5,2024,4,None
2024-05-03,0,0,0,0,0.0,0.0,0.0,0.0,0.0,0.0,0.0,0.0,0.0,0.0,0,0,0,0,0,0,0,0,0,31,31,0,0,0,0,0,0,Closed,None,No,Yes,1,Primavera,Friday,5,2024,4,None
2024-05-04,1,14,14,6,0.4286,250.95,250.95,37.74,41.83,46.4,8.81,1.5,12.0,12.14,2,3,3,0,0,0,0,1,9,31,31,1,1,3,1,1,1,Direct,Direct,Yes,Yes,1,Primavera,Saturday,5,2024,4,Low
2024-05-05,1,19,19,5,0.2632,205.99,205.99,40.27,41.2,33.1,2.79,0.6,19.2,16.6,0,0,0,1,1,1,0,0,3,30,30,0,0,2,0,4,0,Passerby,Walk_in,No,No,0,Primavera,Sunday,5,2024,4,Low
2024-05-06,0,0,0,0,0.0,0.0,0.0,0.0,0.0,0.0,0.0,0.0,0.0,0.0,0,0,0,0,0,0,0,0,0,30,30,0,0,0,0,0,0,Closed,None,No,No,0,Primavera,Monday,5,2024,4,None
2024-05-07,0,0,0,0,0.0,0.0,0.0,0.0,0.0,0.0,0.0,0.0,0.0,0.0,0,0,0,0,0,0,0,0,0,30,30,0,0,0,0,0,0,Closed,None,No,No,0,Primavera,Tuesday,5,2024,3,None
2024-05-08,0,0,0,0,0.0,0.0,0.0,0.0,0.0,0.0,0.0,0.0,0.0,0.0,0,0,0,0,0,0,0,0,0,30,30,0,0,0,0,0,0,Closed,None,No,No,0,Primavera,Wednesday,5,2024,4,None
2024-05-09,0,0,0,0,0.0,0.0,0.0,0.0,0.0,0.0,0.0,0.0,0.0,0.0,0,0,0,0,0,0,0,0,0,30,30,0,0,0,0,0,0,Closed,None,No,No,0,Primavera,Thursday,5,2024,4,None
2024-05-10,0,0,0,0,0.0,0.0,0.0,0.0,0.0,0.0,0.0,0.0,0.0,0.0,0,0,0,0,0,0,0,0,0,30,30,0,0,0,0,0,0,Closed,None,No,No,0,Primavera,Friday,5,2024,4,None
2024-05-11,1,10,10,2,0.2,71.89,71.89,35.08,35.95,29.0,2.98,2.0,29.7,13.53,0,0,1,0,1,1,0,1,4,29,29,0,0,1,0,0,0,Passerby,Walk_in,Yes,No,0,Primavera,Saturday,5,2024,4,Low
2024-05-12,1,17,17,4,0.2353,151.33,151.33,35.78,37.83,29.6,6.96,0.75,41.5,11.95,0,0,0,0,0,1,1,1,3,29,29,0,0,2,0,4,0,Direct,Direct,No,No,0,Primavera,Sunday,5,2024,4,Low
2024-05-13,0,0,0,0,0.0,0.0,0.0,0.0,0.0,0.0,0.0,0.0,0.0,0.0,0,0,0,0,0,0,0,0,0,29,29,0,0,0,0,0,0,Closed,None,No,No,0,Primavera,Monday,5,2024,3,None
2024-05-14,0,0,0,0,0.0,0.0,0.0,0.0,0.0,0.0,0.0,0.0,0.0,0.0,0,0,0,0,0,0,0,0,0,29,29,0,0,0,0,0,0,Closed,None,No,No,0,Primavera,Tuesday,5,2024,4,None
2024-05-15,0,0,0,0,0.0,0.0,0.0,0.0,0.0,0.0,0.0,0.0,0.0,0.0,0,0,0,0,0,0,0,0,0,29,29,0,0,0,0,0,0,Closed,None,No,No,0,Primavera,Wednesday,5,2024,4,None
2024-05-16,0,0,0,0,0.0,0.0,0.0,0.0,0.0,0.0,0.0,0.0,0.0,0.0,0,0,0,0,0,0,0,0,0,29,29,0,0,0,0,0,0,Closed,None,No,No,0,Primavera,Thursday,5,2024,3,None
2024-05-17,0,0,0,0,0.0,0.0,0.0,0.0,0.0,0.0,0.0,0.0,0.0,0.0,0,0,0,0,0,0,0,0,0,29,29,0,0,0,0,0,0,Closed,None,No,No,0,Primavera,Friday,5,2024,4,None
2024-05-18,1,13,13,6,0.4615,252.24,252.24,39.96,42.04,39.3,5.31,2.0,22.6,12.37,5,1,1,0,1,1,1,2,12,28,28,1,0,3,0,1,0,Direct,Direct,No,No,0,Primavera,Saturday,5,2024,4,Low
2024-05-19,1,12,12,4,0.3333,158.12,158.12,38.56,39.53,30.7,3.17,0.75,15.7,14.44,0,0,1,0,0,0,1,1,3,28,28,0,0,2,0,1,1,Direct,Direct,No,No,0,Primavera,Sunday,5,2024,4,Low
2024-05-20,0,0,0,0,0.0,0.0,0.0,0.0,0.0,0.0,0.0,0.0,0.0,0.0,0,0,0,0,0,0,0,0,0,28,28,0,0,0,0,0,0,Closed,None,No,No,0,Primavera,Monday,5,2024,4,None
2024-05-21,0,0,0,0,0.0,0.0,0.0,0.0,0.0,0.0,0.0,0.0,0.0,0.0,0,0,0,0,0,0,0,0,0,28,28,0,0,0,0,0,0,Closed,None,No,No,0,Primavera,Tuesday,5,2024,4,None
2024-05-22,0,0,0,0,0.0,0.0,0.0,0.0,0.0,0.0,0.0,0.0,0.0,0.0,0,0,0,0,0,0,0,0,0,28,28,0,0,0,0,0,0,Closed,None,No,No,0,Primavera,Wednesday,5,2024,4,None
2024-05-23,0,0,0,0,0.0,0.0,0.0,0.0,0.0,0.0,0.0,0.0,0.0,0.0,0,0,0,0,0,0,0,0,0,28,28,0,0,0,0,0,0,Closed,None,No,No,0,Primavera,Thursday,5,2024,4,None
2024-05-24,0,0,0,0,0.0,0.0,0.0,0.0,0.0,0.0,0.0,0.0,0.0,0.0,0,0,0,0,0,0,0,0,0,28,28,0,0,0,0,0,0,Closed,None,No,No,0,Primavera,Friday,5,2024,4,None
2024-05-25,1,15,15,7,0.4667,260.73,260.73,35.39,37.25,40.3,4.6,0.71,20.9,17.33,1,1,0,0,1,1,0,1,5,27,27,1,0,3,0,2,0,Direct,Direct,Yes,No,0,Primavera,Saturday,5,2024,4,Low
2024-05-26,1,15,15,5,0.3333,171.92,171.92,33.29,34.38,26.5,4.11,1.0,23.1,13.07,0,0,1,1,0,1,0,2,5,27,27,0,0,2,0,2,0,Direct,Direct,No,No,0,Primavera,Sunday,5,2024,5,Low
2024-05-27,0,0,0,0,0.0,0.0,0.0,0.0,0.0,0.0,0.0,0.0,0.0,0.0,0,0,0,0,0,0,0,0,0,27,27,0,0,0,0,0,0,Closed,None,No,No,0,Primavera,Monday,5,2024,5,None
2024-05-28,0,0,0,0,0.0,0.0,0.0,0.0,0.0,0.0,0.0,0.0,0.0,0.0,0,0,0,0,0,0,0,0,0,27,27,0,0,0,0,0,0,Closed,None,No,No,0,Primavera,Tuesday,5,2024,4,None
2024-05-29,0,0,0,0,0.0,0.0,0.0,0.0,0.0,0.0,0.0,0.0,0.0,0.0,0,0,0,0,0,0,0,0,0,27,27,0,0,0,0,0,0,Closed,None,No,No,0,Primavera,Wednesday,5,2024,5,None
2024-05-30,0,0,0,0,0.0,0.0,0.0,0.0,0.0,0.0,0.0,0.0,0.0,0.0,0,0,0,0,0,0,0,0,0,27,27,0,0,0,0,0,0,Closed,None,No,No,0,Primavera,Thursday,5,2024,4,None
2024-05-31,0,0,0,0,0.0,0.0,0.0,0.0,0.0,0.0,0.0,0.0,0.0,0.0,0,0,0,0,0,0,0,0,0,27,27,0,0,0,0,0,0,Closed,None,No,No,0,Primavera,Friday,5,2024,4,None
2024-06-01,1,19,19,4,0.2105,149.85,149.85,35.36,37.46,38.5,5.45,0.75,21.5,15.68,0,1,1,1,0,0,0,0,3,27,27,1,1,2,1,3,1,Direct,Direct,No,No,0,Verano,Saturday,6,2024,4,Low
2024-06-02,1,25,25,14,0.56,488.2,488.2,32.43,34.87,33.2,7.35,0.64,24.3,13.27,3,2,1,0,0,2,1,0,9,27,27,0,0,5,0,2,0,Direct,Direct,No,No,0,Verano,Sunday,6,2024,5,Medium
2024-06-03,1,17,17,2,0.1176,82.86,82.86,39.08,41.43,37.3,6.28,1.0,22.7,16.86,0,0,0,0,0,0,0,2,2,27,27,0,0,1,0,2,1,Rural_lodging,Partner_referral,No,No,0,Verano,Monday,6,2024,4,Low
2024-06-04,0,0,0,0,0.0,0.0,0.0,0.0,0.0,0.0,0.0,0.0,0.0,0.0,0,0,0,0,0,0,0,0,0,27,27,0,0,0,0,0,0,Closed,None,No,No,0,Verano,Tuesday,6,2024,4,None
2024-06-05,0,0,0,0,0.0,0.0,0.0,0.0,0.0,0.0,0.0,0.0,0.0,0.0,0,0,0,0,0,0,0,0,0,27,27,0,0,0,0,0,0,Closed,None,No,No,0,Verano,Wednesday,6,2024,4,None
2024-06-06,0,0,0,0,0.0,0.0,0.0,0.0,0.0,0.0,0.0,0.0,0.0,0.0,0,0,0,0,0,0,0,0,0,27,27,0,0,0,0,0,0,Closed,None,No,No,0,Verano,Thursday,6,2024,5,None
2024-06-07,1,13,13,4,0.3077,153.45,153.45,37.09,38.36,31.4,4.06,2.0,20.7,17.64,1,2,2,1,0,0,1,1,8,27,27,0,0,2,0,3,1,Direct,Direct,No,No,0,Verano,Friday,6,2024,4,Low
2024-06-08,1,17,17,4,0.2353,136.39,136.39,32.48,34.1,45.3,3.57,1.0,33.6,15.43,1,0,1,0,0,1,0,1,4,27,27,0,0,2,0,2,1,Direct,Direct,No,No,0,Verano,Saturday,6,2024,4,Low
2024-06-09,1,30,30,12,0.4,421.06,421.06,33.26,35.09,32.8,5.57,0.42,19.6,16.47,1,1,1,0,0,1,1,0,5,27,27,1,0,5,0,5,1,Rural_lodging,Partner_referral,No,No,0,Verano,Sunday,6,2024,5,Low
2024-06-10,0,0,0,0,0.0,0.0,0.0,0.0,0.0,0.0,0.0,0.0,0.0,0.0,0,0,0,0,0,0,0,0,0,27,27,0,0,0,0,0,0,Closed,None,No,No,0,Verano,Monday,6,2024,4,None
2024-06-11,0,0,0,0,0.0,0.0,0.0,0.0,0.0,0.0,0.0,0.0,0.0,0.0,0,0,0,0,0,0,0,0,0,27,27,0,0,0,0,0,0,Closed,None,No,No,0,Verano,Tuesday,6,2024,4,None
2024-06-12,0,0,0,0,0.0,0.0,0.0,0.0,0.0,0.0,0.0,0.0,0.0,0.0,0,0,0,0,0,0,0,0,0,27,27,0,0,0,0,0,0,Closed,None,No,No,0,Verano,Wednesday,6,2024,5,None
2024-06-13,1,13,13,7,0.5385,313.3,313.3,43.25,44.76,31.4,4.8,0.43,26.6,16.0,0,1,0,1,0,1,0,0,3,27,27,0,0,4,0,1,0,Direct,Direct,No,No,0,Verano,Thursday,6,2024,5,Low
2024-06-14,1,16,16,3,0.1875,89.65,89.65,28.0,29.88,36.6,5.14,0.33,31.8,14.51,0,0,0,0,0,0,0,1,1,27,27,0,0,1,0,2,1,Direct,Direct,No,No,0,Verano,Friday,6,2024,5,Low
2024-06-15,1,16,16,2,0.125,96.35,96.35,45.5,48.18,37.9,7.05,0.5,21.0,11.88,0,0,1,0,0,0,0,0,1,27,27,1,1,1,1,0,0,Event_local,Offline_event,No,No,0,Verano,Saturday,6,2024,5,Low
2024-06-16,1,15,15,4,0.2667,139.44,139.44,32.3,34.86,38.3,6.7,1.75,17.1,15.82,2,0,0,1,1,2,0,1,7,26,26,0,0,2,0,3,0,Direct,Direct,No,No,0,Verano,Sunday,6,2024,5,Low
2024-06-17,0,0,0,0,0.0,0.0,0.0,0.0,0.0,0.0,0.0,0.0,0.0,0.0,0,0,0,0,0,0,0,0,0,26,26,0,0,0,0,0,0,Closed,None,No,No,0,Verano,Monday,6,2024,5,None
2024-06-18,0,0,0,0,0.0,0.0,0.0,0.0,0.0,0.0,0.0,0.0,0.0,0.0,0,0,0,0,0,0,0,0,0,26,26,0,0,0,0,0,0,Closed,None,No,No,0,Verano,Tuesday,6,2024,4,None
2024-06-19,0,0,0,0,0.0,0.0,0.0,0.0,0.0,0.0,0.0,0.0,0.0,0.0,0,0,0,0,0,0,0,0,0,26,26,0,0,0,0,0,0,Closed,None,No,No,0,Verano,Wednesday,6,2024,5,None
2024-06-20,1,15,15,4,0.2667,156.54,156.54,36.25,39.14,41.2,7.0,0.5,24.3,13.88,0,0,0,0,1,0,0,1,2,25,25,0,0,2,0,3,0,Direct,Direct,No,No,0,Verano,Thursday,6,2024,5,Low
2024-06-21,1,10,10,1,0.1,34.47,34.47,32.2,34.47,42.5,5.34,2.0,24.8,15.37,0,0,1,0,0,0,0,1,2,25,25,1,1,0,1,3,1,Direct,Direct,No,No,0,Verano,Friday,6,2024,5,Low
2024-06-22,1,28,28,8,0.2857,269.7,269.7,31.73,33.71,39.6,5.01,1.0,26.0,15.6,1,0,1,1,0,3,0,2,8,25,25,0,0,3,0,3,0,Direct,Direct,Yes,No,0,Verano,Saturday,6,2024,6,Low
2024-06-23,1,20,20,7,0.35,286.82,286.82,39.28,40.97,32.6,5.18,1.43,26.6,16.72,1,2,1,1,0,2,0,3,10,25,25,1,1,3,1,3,0,Passerby,Walk_in,No,No,0,Verano,Sunday,6,2024,4,Low
2024-06-24,0,0,0,0,0.0,0.0,0.0,0.0,0.0,0.0,0.0,0.0,0.0,0.0,0,0,0,0,0,0,0,0,0,25,25,0,0,0,0,0,0,Closed,None,No,No,0,Verano,Monday,6,2024,4,None
2024-06-25,0,0,0,0,0.0,0.0,0.0,0.0,0.0,0.0,0.0,0.0,0.0,0.0,0,0,0,0,0,0,0,0,0,25,25,0,0,0,0,0,0,Closed,None,No,No,0,Verano,Tuesday,6,2024,5,None
2024-06-26,0,0,0,0,0.0,0.0,0.0,0.0,0.0,0.0,0.0,0.0,0.0,0.0,0,0,0,0,0,0,0,0,0,25,25,0,0,0,0,0,0,Closed,None,No,No,0,Verano,Wednesday,6,2024,5,None
2024-06-27,0,0,0,0,0.0,0.0,0.0,0.0,0.0,0.0,0.0,0.0,0.0,0.0,0,0,0,0,0,0,0,0,0,25,25,0,0,0,0,0,0,Closed,None,No,No,0,Verano,Thursday,6,2024,5,None
2024-06-28,1,13,13,1,0.0769,37.14,37.14,35.31,37.14,44.3,4.13,2.0,23.5,16.85,0,0,0,0,0,0,0,2,2,25,25,0,0,0,0,1,0,Direct,Direct,No,No,0,Verano,Friday,6,2024,5,Low
2024-06-29,1,10,10,3,0.3,90.98,90.98,28.0,30.33,24.8,9.4,0.33,20.7,11.53,0,0,1,0,0,0,0,0,1,25,25,0,0,1,0,2,0,Direct,Direct,No,No,0,Verano,Saturday,6,2024,5,Low
2024-06-30,1,27,27,5,0.1852,168.31,168.31,32.38,33.66,19.9,6.42,0.8,26.2,14.51,0,0,1,1,0,0,1,1,4,25,25,0,0,3,0,4,0,Event_local,Offline_event,Yes,No,0,Verano,Sunday,6,2024,6,Low
2024-07-01,0,0,0,0,0.0,0.0,0.0,0.0,0.0,0.0,0.0,0.0,0.0,0.0,0,0,0,0,0,0,0,0,0,25,25,0,0,0,0,0,0,Closed,None,No,No,0,Verano,Monday,7,2024,5,None
2024-07-02,0,0,0,0,0.0,0.0,0.0,0.0,0.0,0.0,0.0,0.0,0.0,0.0,0,0,0,0,0,0,0,0,0,25,25,0,0,0,0,0,0,Closed,None,No,No,0,Verano,Tuesday,7,2024,5,None
2024-07-03,1,13,13,1,0.0769,40.08,40.08,35.8,40.08,57.1,7.5,1.0,30.3,17.19,0,0,0,0,0,0,1,0,1,25,25,1,0,0,0,4,2,Event_local,Offline_event,No,No,0,Verano,Wednesday,7,2024,5,Low
2024-07-04,0,0,0,0,0.0,0.0,0.0,0.0,0.0,0.0,0.0,0.0,0.0,0.0,0,0,0,0,0,0,0,0,0,25,25,0,0,0,0,0,0,Closed,None,No,No,0,Verano,Thursday,7,2024,5,None
2024-07-05,1,16,16,5,0.3125,181.08,181.08,34.14,36.22,27.9,7.42,1.8,17.4,15.02,1,2,1,1,0,1,0,3,9,25,25,2,2,2,2,1,0,Direct,Direct,No,No,0,Verano,Friday,7,2024,5,Low
2024-07-06,1,17,17,7,0.4118,284.89,284.89,38.93,40.7,37.2,4.74,0.57,18.8,12.21,0,2,0,0,0,0,0,2,4,25,25,1,1,3,1,3,0,Rural_lodging,Partner_referral,No,No,0,Verano,Saturday,7,2024,5,Low
2024-07-07,1,20,20,5,0.25,164.34,164.34,30.17,32.87,50.2,5.37,1.8,24.6,15.01,1,2,0,2,2,0,0,2,9,23,23,2,0,2,0,4,1,Passerby,Walk_in,Yes,No,0,Verano,Sunday,7,2024,5,Low
2024-07-08,0,0,0,0,0.0,0.0,0.0,0.0,0.0,0.0,0.0,0.0,0.0,0.0,0,0,0,0,0,0,0,0,0,23,23,0,0,0,0,0,0,Closed,None,No,No,0,Verano,Monday,7,2024,4,None
2024-07-09,1,12,12,2,0.1667,85.12,85.12,40.13,42.56,40.3,6.03,2.0,21.2,14.63,2,0,0,0,0,0,0,2,4,23,23,0,0,1,0,2,0,Event_local,Offline_event,No,No,0,Verano,Tuesday,7,2024,5,Low
2024-07-10,0,0,0,0,0.0,0.0,0.0,0.0,0.0,0.0,0.0,0.0,0.0,0.0,0,0,0,0,0,0,0,0,0,23,23,0,0,0,0,0,0,Closed,None,No,No,0,Verano,Wednesday,7,2024,5,None
2024-07-11,0,0,0,0,0.0,0.0,0.0,0.0,0.0,0.0,0.0,0.0,0.0,0.0,0,0,0,0,0,0,0,0,0,23,23,0,0,0,0,0,0,Closed,None,No,No,0,Verano,Thursday,7,2024,5,None
2024-07-12,1,16,16,2,0.125,84.71,84.71,39.81,42.35,39.4,6.45,0.0,30.1,16.47,0,0,0,0,0,0,0,0,0,23,23,1,1,1,1,3,1,Direct,Direct,No,No,0,Verano,Friday,7,2024,5,Low
2024-07-13,1,11,11,3,0.2727,125.29,125.29,39.29,41.76,30.7,8.07,1.67,27.3,15.99,1,0,0,1,0,0,2,1,5,23,23,0,0,1,0,1,0,Passerby,Walk_in,No,No,0,Verano,Saturday,7,2024,5,Low
2024-07-14,1,20,20,6,0.3,254.84,254.84,38.44,42.47,46.5,8.68,0.5,26.2,15.59,1,2,0,0,0,0,0,0,3,23,23,0,0,2,0,3,0,Event_local,Offline_event,No,No,0,Verano,Sunday,7,2024,5,Low
2024-07-15,0,0,0,0,0.0,0.0,0.0,0.0,0.0,0.0,0.0,0.0,0.0,0.0,0,0,0,0,0,0,0,0,0,23,23,0,0,0,0,0,0,Closed,None,No,No,0,Verano,Monday,7,2024,5,None
2024-07-16,0,0,0,0,0.0,0.0,0.0,0.0,0.0,0.0,0.0,0.0,0.0,0.0,0,0,0,0,0,0,0,0,0,23,23,0,0,0,0,0,0,Closed,None,No,No,0,Verano,Tuesday,7,2024,5,None
2024-07-17,0,0,0,0,0.0,0.0,0.0,0.0,0.0,0.0,0.0,0.0,0.0,0.0,0,0,0,0,0,0,0,0,0,23,23,0,0,0,0,0,0,Closed,None,No,No,0,Verano,Wednesday,7,2024,5,None
2024-07-18,1,20,20,11,0.55,422.49,422.49,37.14,38.41,40.7,3.11,0.45,19.1,17.98,2,0,1,0,0,0,0,2,5,23,23,0,0,3,0,3,0,Direct,Direct,No,No,0,Verano,Thursday,7,2024,6,Low
2024-07-19,1,19,19,8,0.4211,303.92,303.92,36.24,37.99,30.6,5.72,1.25,32.1,18.43,1,2,3,1,1,0,1,1,10,22,22,1,1,4,1,2,1,Direct,Direct,No,No,0,Verano,Friday,7,2024,5,Low
2024-07-20,1,24,24,13,0.5417,493.92,493.92,36.44,37.99,27.4,5.68,0.54,26.7,13.48,1,2,2,0,0,1,0,1,7,22,22,1,1,7,1,6,0,Direct,Direct,No,No,0,Verano,Saturday,7,2024,5,Medium
2024-07-21,1,16,16,1,0.0625,40.73,40.73,40.0,40.73,19.7,3.7,1.0,17.8,15.37,0,0,0,0,0,0,0,1,1,22,22,1,1,0,1,3,1,Direct,Direct,No,No,0,Verano,Sunday,7,2024,5,Low
2024-07-22,0,0,0,0,0.0,0.0,0.0,0.0,0.0,0.0,0.0,0.0,0.0,0.0,0,0,0,0,0,0,0,0,0,22,22,0,0,0,0,0,0,Closed,None,No,No,0,Verano,Monday,7,2024,5,None
2024-07-23,0,0,0,0,0.0,0.0,0.0,0.0,0.0,0.0,0.0,0.0,0.0,0.0,0,0,0,0,0,0,0,0,0,22,22,0,0,0,0,0,0,Closed,None,No,No,0,Verano,Tuesday,7,2024,5,None
2024-07-24,0,0,0,0,0.0,0.0,0.0,0.0,0.0,0.0,0.0,0.0,0.0,0.0,0,0,0,0,0,0,0,0,0,22,22,0,0,0,0,0,0,Closed,None,No,No,0,Verano,Wednesday,7,2024,5,None
2024-07-25,0,0,0,0,0.0,0.0,0.0,0.0,0.0,0.0,0.0,0.0,0.0,0.0,0,0,0,0,0,0,0,0,0,22,22,0,0,0,0,0,0,Closed,None,No,No,0,Verano,Thursday,7,2024,5,None
2024-07-26,1,11,11,3,0.2727,115.7,115.7,36.13,38.57,37.3,6.53,1.67,18.6,15.16,1,2,0,0,0,0,0,2,5,22,22,0,0,1,0,1,0,Rural_lodging,Partner_referral,Yes,No,0,Verano,Friday,7,2024,6,Low
2024-07-27,1,24,24,4,0.1667,130.74,130.74,29.83,32.69,35.9,7.94,1.5,16.8,16.78,0,1,3,0,0,1,0,1,6,22,22,0,0,2,0,3,0,Rural_lodging,Partner_referral,No,No,0,Verano,Saturday,7,2024,5,Low
2024-07-28,1,19,19,6,0.3158,249.48,249.48,39.23,41.58,38.1,6.17,0.83,24.1,15.39,0,1,2,0,0,1,0,1,5,22,22,0,0,2,0,4,2,Rural_lodging,Partner_referral,No,No,0,Verano,Sunday,7,2024,6,Low
2024-07-29,0,0,0,0,0.0,0.0,0.0,0.0,0.0,0.0,0.0,0.0,0.0,0.0,0,0,0,0,0,0,0,0,0,22,22,0,0,0,0,0,0,Closed,None,No,No,0,Verano,Monday,7,2024,5,None
2024-07-30,1,12,12,4,0.3333,146.24,146.24,35.53,36.56,30.7,3.37,1.0,28.7,17.01,0,0,0,1,1,0,0,2,4,21,21,0,0,2,0,2,0,Direct,Direct,No,No,0,Verano,Tuesday,7,2024,5,Low
2024-07-31,1,17,17,5,0.2941,203.5,203.5,38.25,40.7,42.8,5.72,0.8,32.6,18.24,0,2,0,0,0,0,0,2,4,21,21,0,0,2,0,5,1,Direct,Direct,No,No,0,Verano,Wednesday,7,2024,5,Low
2024-08-01,1,14,14,3,0.2143,122.32,122.32,36.57,40.77,49.2,8.55,1.67,30.8,15.5,0,1,1,0,3,0,0,0,5,44,44,0,0,1,0,1,0,Event_local,Offline_event,Yes,No,0,Verano,Thursday,8,2024,5,Low
2024-08-02,1,23,23,7,0.3043,257.65,257.65,33.8,36.81,50.1,6.0,0.57,10.6,16.21,0,1,0,0,0,1,0,2,4,44,44,0,0,3,0,2,2,Rural_lodging,Partner_referral,No,No,0,Verano,Friday,8,2024,5,Low
2024-08-03,1,15,15,7,0.4667,258.0,258.0,32.87,36.86,48.1,8.28,1.0,24.1,14.91,3,2,0,0,0,0,1,1,7,44,44,1,1,3,1,2,1,Rural_lodging,Partner_referral,No,No,0,Verano,Saturday,8,2024,5,Low
2024-08-04,1,21,21,9,0.4286,335.49,335.49,35.39,37.28,30.3,6.21,0.67,25.9,13.93,2,1,2,0,0,1,0,0,6,44,44,1,0,4,0,3,0,Event_local,Offline_event,No,No,0,Verano,Sunday,8,2024,5,Low
2024-08-05,0,0,0,0,0.0,0.0,0.0,0.0,0.0,0.0,0.0,0.0,0.0,0.0,0,0,0,0,0,0,0,0,0,44,44,0,0,0,0,0,0,Closed,None,No,No,0,Verano,Monday,8,2024,6,None
2024-08-06,1,22,22,5,0.2273,193.73,193.73,34.55,38.75,40.9,10.25,1.2,21.9,14.66,1,0,0,0,0,5,0,0,6,44,44,1,1,2,1,8,3,Direct,Direct,No,No,0,Verano,Tuesday,8,2024,6,Low
2024-08-07,0,0,0,0,0.0,0.0,0.0,0.0,0.0,0.0,0.0,0.0,0.0,0.0,0,0,0,0,0,0,0,0,0,44,44,0,0,0,0,0,0,Closed,None,No,No,0,Verano,Wednesday,8,2024,5,None
2024-08-08,0,0,0,0,0.0,0.0,0.0,0.0,0.0,0.0,0.0,0.0,0.0,0.0,0,0,0,0,0,0,0,0,0,44,44,0,0,0,0,0,0,Closed,None,No,No,0,Verano,Thursday,8,2024,6,None
2024-08-09,0,0,0,0,0.0,0.0,0.0,0.0,0.0,0.0,0.0,0.0,0.0,0.0,0,0,0,0,0,0,0,0,0,44,44,0,0,0,0,0,0,Closed,None,No,No,0,Verano,Friday,8,2024,6,None
2024-08-10,1,20,20,4,0.2,142.91,142.91,33.78,35.73,36.6,5.33,0.75,26.9,16.55,0,0,0,0,1,0,0,2,3,43,43,1,0,2,0,1,0,Passerby,Walk_in,No,No,0,Verano,Saturday,8,2024,5,Low
2024-08-11,1,25,25,7,0.28,291.34,291.34,39.94,41.62,28.1,5.98,0.43,13.6,12.98,0,0,0,0,0,0,1,2,3,43,43,0,0,3,0,3,0,Direct,Direct,No,No,0,Verano,Sunday,8,2024,6,Low
2024-08-12,0,0,0,0,0.0,0.0,0.0,0.0,0.0,0.0,0.0,0.0,0.0,0.0,0,0,0,0,0,0,0,0,0,43,43,0,0,0,0,0,0,Closed,None,No,No,0,Verano,Monday,8,2024,5,None
2024-08-13,0,0,0,0,0.0,0.0,0.0,0.0,0.0,0.0,0.0,0.0,0.0,0.0,0,0,0,0,0,0,0,0,0,43,43,0,0,0,0,0,0,Closed,None,No,No,0,Verano,Tuesday,8,2024,6,None
2024-08-14,0,0,0,0,0.0,0.0,0.0,0.0,0.0,0.0,0.0,0.0,0.0,0.0,0,0,0,0,0,0,0,0,0,43,43,0,0,0,0,0,0,Closed,None,No,Yes,1,Verano,Wednesday,8,2024,6,None
2024-08-15,0,0,0,0,0.0,0.0,0.0,0.0,0.0,0.0,0.0,0.0,0.0,0.0,0,0,0,0,0,0,0,0,0,43,43,0,0,0,0,0,0,Closed,None,No,Yes,1,Verano,Thursday,8,2024,6,None
2024-08-16,1,31,31,8,0.2581,348.41,348.41,38.32,43.55,51.7,10.11,0.88,28.7,16.07,0,0,0,0,4,2,1,0,7,39,39,0,0,4,0,3,0,Rural_lodging,Partner_referral,Yes,Yes,1,Verano,Friday,8,2024,6,Low
2024-08-17,1,22,22,8,0.3636,278.96,278.96,32.73,34.87,33.2,6.46,0.75,21.6,16.24,3,2,1,0,0,0,0,0,6,39,39,1,1,3,1,3,0,Direct,Direct,No,No,0,Verano,Saturday,8,2024,6,Low
2024-08-18,1,17,17,6,0.3529,249.19,249.19,38.92,41.53,35.3,7.4,0.17,13.4,17.23,0,0,0,1,0,0,0,0,1,39,39,0,0,2,0,2,0,Event_local,Offline_event,No,No,0,Verano,Sunday,8,2024,6,Low
2024-08-19,0,0,0,0,0.0,0.0,0.0,0.0,0.0,0.0,0.0,0.0,0.0,0.0,0,0,0,0,0,0,0,0,0,39,39,0,0,0,0,0,0,Closed,None,No,No,0,Verano,Monday,8,2024,5,None
2024-08-20,1,18,18,7,0.3889,295.21,295.21,39.57,42.17,32.6,7.99,0.14,26.6,14.81,0,0,0,0,0,1,0,0,1,39,39,0,0,3,0,3,1,Direct,Direct,No,No,0,Verano,Tuesday,8,2024,5,Low
2024-08-21,0,0,0,0,0.0,0.0,0.0,0.0,0.0,0.0,0.0,0.0,0.0,0.0,0,0,0,0,0,0,0,0,0,39,39,0,0,0,0,0,0,Closed,None,No,No,0,Verano,Wednesday,8,2024,5,None
2024-08-22,0,0,0,0,0.0,0.0,0.0,0.0,0.0,0.0,0.0,0.0,0.0,0.0,0,0,0,0,0,0,0,0,0,39,39,0,0,0,0,0,0,Closed,None,No,No,0,Verano,Thursday,8,2024,6,None
2024-08-23,0,0,0,0,0.0,0.0,0.0,0.0,0.0,0.0,0.0,0.0,0.0,0.0,0,0,0,0,0,0,0,0,0,39,39,0,0,0,0,0,0,Closed,None,No,No,0,Verano,Friday,8,2024,6,None
2024-08-24,1,10,10,2,0.2,81.43,81.43,38.54,40.72,31.1,6.98,0.0,30.6,16.98,0,0,0,0,0,0,0,0,0,39,39,1,0,1,0,3,1,Event_local,Offline_event,No,No,0,Verano,Saturday,8,2024,6,Low
2024-08-25,1,18,18,8,0.4444,280.23,280.23,31.68,35.03,37.6,8.9,0.38,21.1,16.29,0,1,1,1,0,0,0,0,3,39,39,0,0,2,0,3,1,Direct,Direct,No,No,0,Verano,Sunday,8,2024,6,Low
2024-08-26,0,0,0,0,0.0,0.0,0.0,0.0,0.0,0.0,0.0,0.0,0.0,0.0,0,0,0,0,0,0,0,0,0,39,39,0,0,0,0,0,0,Closed,None,No,No,0,Verano,Monday,8,2024,6,None
2024-08-27,0,0,0,0,0.0,0.0,0.0,0.0,0.0,0.0,0.0,0.0,0.0,0.0,0,0,0,0,0,0,0,0,0,39,39,0,0,0,0,0,0,Closed,None,No,No,0,Verano,Tuesday,8,2024,6,None
2024-08-28,1,18,18,8,0.4444,289.4,289.4,33.46,36.18,40.0,6.8,0.88,23.6,14.62,0,3,2,0,0,1,1,0,7,39,39,2,2,4,2,4,2,Rural_lodging,Partner_referral,No,No,0,Verano,Wednesday,8,2024,6,Low
2024-08-29,1,16,16,7,0.4375,256.71,256.71,34.59,36.67,35.2,5.94,0.57,12.7,14.71,0,1,0,0,0,2,1,0,4,39,39,0,0,3,0,1,1,Direct,Direct,No,No,0,Verano,Thursday,8,2024,6,Low
2024-08-30,0,0,0,0,0.0,0.0,0.0,0.0,0.0,0.0,0.0,0.0,0.0,0.0,0,0,0,0,0,0,0,0,0,39,39,0,0,0,0,0,0,Closed,None,No,No,0,Verano,Friday,8,2024,6,None
2024-08-31,1,15,15,4,0.2667,147.77,147.77,36.08,36.94,34.6,2.5,0.75,25.3,13.64,0,0,1,0,0,1,0,1,3,39,39,2,1,1,1,4,0,Direct,Direct,No,No,0,Verano,Saturday,8,2024,5,Low
2024-09-01,1,20,20,4,0.2,130.84,130.84,31.74,32.71,21.2,4.57,1.25,17.7,16.67,0,0,0,1,0,1,0,3,5,39,39,0,0,1,0,4,1,Rural_lodging,Partner_referral,No,No,0,Otoño,Sunday,9,2024,6,Low
2024-09-02,0,0,0,0,0.0,0.0,0.0,0.0,0.0,0.0,0.0,0.0,0.0,0.0,0,0,0,0,0,0,0,0,0,39,39,0,0,0,0,0,0,Closed,None,No,No,0,Otoño,Monday,9,2024,5,None
2024-09-03,0,0,0,0,0.0,0.0,0.0,0.0,0.0,0.0,0.0,0.0,0.0,0.0,0,0,0,0,0,0,0,0,0,39,39,0,0,0,0,0,0,Closed,None,No,No,0,Otoño,Tuesday,9,2024,6,None
2024-09-04,0,0,0,0,0.0,0.0,0.0,0.0,0.0,0.0,0.0,0.0,0.0,0.0,0,0,0,0,0,0,0,0,0,39,39,0,0,0,0,0,0,Closed,None,No,No,0,Otoño,Wednesday,9,2024,6,None
2024-09-05,0,0,0,0,0.0,0.0,0.0,0.0,0.0,0.0,0.0,0.0,0.0,0.0,0,0,0,0,0,0,0,0,0,39,39,0,0,0,0,0,0,Closed,None,No,No,0,Otoño,Thursday,9,2024,6,None
2024-09-06,1,15,15,4,0.2667,157.82,157.82,36.81,39.46,38.0,6.95,1.75,35.3,17.09,4,0,0,1,0,1,0,1,7,39,39,0,0,2,0,1,0,Passerby,Walk_in,No,No,0,Otoño,Friday,9,2024,6,Low
2024-09-07,1,20,20,4,0.2,138.6,138.6,32.2,34.65,33.2,7.39,1.0,24.6,12.67,0,0,0,1,0,2,0,1,4,39,39,1,1,1,1,4,1,Passerby,Walk_in,No,No,0,Otoño,Saturday,9,2024,7,Low
2024-09-08,1,22,22,7,0.3182,259.54,259.54,35.81,37.08,33.1,3.82,1.0,18.3,14.94,1,0,1,1,1,0,0,3,7,38,38,1,0,3,0,1,1,Direct,Direct,No,No,0,Otoño,Sunday,9,2024,6,Low
2024-09-09,0,0,0,0,0.0,0.0,0.0,0.0,0.0,0.0,0.0,0.0,0.0,0.0,0,0,0,0,0,0,0,0,0,38,38,0,0,0,0,0,0,Closed,None,No,No,0,Otoño,Monday,9,2024,6,None
2024-09-10,0,0,0,0,0.0,0.0,0.0,0.0,0.0,0.0,0.0,0.0,0.0,0.0,0,0,0,0,0,0,0,0,0,38,38,0,0,0,0,0,0,Closed,None,No,No,0,Otoño,Tuesday,9,2024,6,None
2024-09-11,0,0,0,0,0.0,0.0,0.0,0.0,0.0,0.0,0.0,0.0,0.0,0.0,0,0,0,0,0,0,0,0,0,38,38,0,0,0,0,0,0,Closed,None,No,No,0,Otoño,Wednesday,9,2024,6,None
2024-09-12,0,0,0,0,0.0,0.0,0.0,0.0,0.0,0.0,0.0,0.0,0.0,0.0,0,0,0,0,0,0,0,0,0,38,38,0,0,0,0,0,0,Closed,None,No,No,0,Otoño,Thursday,9,2024,6,None
2024-09-13,1,11,11,3,0.2727,102.67,102.67,30.11,34.22,41.1,10.01,1.0,22.9,18.11,0,0,1,0,1,0,0,1,3,37,37,0,0,1,0,5,1,Passerby,Walk_in,Yes,No,0,Otoño,Friday,9,2024,6,Low
2024-09-14,1,20,20,7,0.35,262.2,262.2,34.76,37.46,38.3,7.05,0.29,19.0,16.94,1,0,0,1,0,0,0,0,2,37,37,0,0,3,0,6,0,Event_local,Offline_event,No,No,0,Otoño,Saturday,9,2024,6,Low
2024-09-15,1,30,30,10,0.3333,477.13,477.13,44.69,47.71,42.6,7.09,0.7,25.9,19.56,1,1,1,1,0,0,1,2,7,37,37,2,2,6,2,5,0,Direct,Direct,Yes,Yes,1,Otoño,Sunday,9,2024,6,Medium
2024-09-16,0,0,0,0,0.0,0.0,0.0,0.0,0.0,0.0,0.0,0.0,0.0,0.0,0,0,0,0,0,0,0,0,0,37,37,0,0,0,0,0,0,Closed,None,No,Yes,1,Otoño,Monday,9,2024,7,None
2024-09-17,0,0,0,0,0.0,0.0,0.0,0.0,0.0,0.0,0.0,0.0,0.0,0.0,0,0,0,0,0,0,0,0,0,37,37,0,0,0,0,0,0,Closed,None,No,Yes,1,Otoño,Tuesday,9,2024,7,None
2024-09-18,0,0,0,0,0.0,0.0,0.0,0.0,0.0,0.0,0.0,0.0,0.0,0.0,0,0,0,0,0,0,0,0,0,37,37,0,0,0,0,0,0,Closed,None,No,Yes,1,Otoño,Wednesday,9,2024,6,None
2024-09-19,1,19,19,5,0.2632,196.4,196.4,36.57,39.28,44.6,6.07,2.2,18.7,17.6,3,2,1,0,1,0,1,3,11,36,36,1,1,2,1,4,0,Direct,Direct,Yes,Yes,1,Otoño,Thursday,9,2024,6,Low
2024-09-20,1,23,23,8,0.3478,343.93,343.93,38.72,42.99,40.1,10.65,0.38,18.6,15.51,1,0,0,0,0,1,0,1,3,36,36,1,0,3,0,2,0,Rural_lodging,Partner_referral,Yes,Yes,1,Otoño,Friday,9,2024,7,Low
2024-09-21,1,21,21,10,0.4762,385.12,385.12,35.93,38.51,33.6,7.68,0.9,16.7,16.35,2,2,2,1,0,1,0,1,9,36,36,0,0,4,0,5,1,Direct,Direct,Yes,Yes,1,Otoño,Saturday,9,2024,6,Low
2024-09-22,1,20,20,6,0.3,263.07,263.07,40.19,43.85,45.6,8.02,0.83,25.7,15.59,2,0,0,0,2,0,0,1,5,34,34,0,0,2,0,5,1,Event_local,Offline_event,Yes,Yes,1,Otoño,Sunday,9,2024,7,Low
2024-09-23,0,0,0,0,0.0,0.0,0.0,0.0,0.0,0.0,0.0,0.0,0.0,0.0,0,0,0,0,0,0,0,0,0,34,34,0,0,0,0,0,0,Closed,None,No,Yes,1,Otoño,Monday,9,2024,6,None
2024-09-24,0,0,0,0,0.0,0.0,0.0,0.0,0.0,0.0,0.0,0.0,0.0,0.0,0,0,0,0,0,0,0,0,0,34,34,0,0,0,0,0,0,Closed,None,No,Yes,1,Otoño,Tuesday,9,2024,7,None
2024-09-25,0,0,0,0,0.0,0.0,0.0,0.0,0.0,0.0,0.0,0.0,0.0,0.0,0,0,0,0,0,0,0,0,0,34,34,0,0,0,0,0,0,Closed,None,No,Yes,1,Otoño,Wednesday,9,2024,6,None
2024-09-26,0,0,0,0,0.0,0.0,0.0,0.0,0.0,0.0,0.0,0.0,0.0,0.0,0,0,0,0,0,0,0,0,0,34,34,0,0,0,0,0,0,Closed,None,No,Yes,1,Otoño,Thursday,9,2024,7,None
2024-09-27,1,16,16,7,0.4375,275.26,275.26,36.8,39.32,31.8,7.91,0.43,13.3,14.61,1,0,0,0,0,0,1,1,3,34,34,0,0,3,0,6,1,Direct,Direct,Yes,Yes,1,Otoño,Friday,9,2024,7,Low
2024-09-28,1,23,23,5,0.2174,225.34,225.34,42.23,45.07,56.6,5.01,1.6,22.0,15.59,1,0,2,0,1,1,3,0,8,33,33,1,1,2,1,3,0,Rural_lodging,Partner_referral,Yes,Yes,1,Otoño,Saturday,9,2024,6,Low
2024-09-29,1,17,17,7,0.4118,308.57,308.57,41.52,44.08,36.1,7.09,0.71,25.1,18.62,1,1,0,0,1,1,1,0,5,32,32,0,0,3,0,4,2,Rural_lodging,Partner_referral,Yes,Yes,1,Otoño,Sunday,9,2024,7,Low
2024-09-30,0,0,0,0,0.0,0.0,0.0,0.0,0.0,0.0,0.0,0.0,0.0,0.0,0,0,0,0,0,0,0,0,0,32,32,0,0,0,0,0,0,Closed,None,No,Yes,1,Otoño,Monday,9,2024,7,None
2024-10-01,0,0,0,0,0.0,0.0,0.0,0.0,0.0,0.0,0.0,0.0,0.0,0.0,0,0,0,0,0,0,0,0,0,32,32,0,0,0,0,0,0,Closed,None,No,Yes,1,Otoño,Tuesday,10,2024,7,None
2024-10-02,1,15,15,6,0.4,260.8,260.8,40.53,43.47,35.5,8.26,1.33,19.5,12.79,0,1,0,1,0,0,3,3,8,32,32,0,0,3,0,2,0,Rural_lodging,Partner_referral,Yes,Yes,1,Otoño,Wednesday,10,2024,7,Low
2024-10-03,0,0,0,0,0.0,0.0,0.0,0.0,0.0,0.0,0.0,0.0,0.0,0.0,0,0,0,0,0,0,0,0,0,32,32,0,0,0,0,0,0,Closed,None,No,Yes,1,Otoño,Thursday,10,2024,6,None
2024-10-04,1,28,28,9,0.3214,374.97,374.97,38.63,41.66,51.9,5.84,0.78,24.3,13.54,1,1,0,0,0,0,0,5,7,32,32,0,0,3,0,5,1,Rural_lodging,Partner_referral,Yes,Yes,1,Otoño,Friday,10,2024,7,Low
2024-10-05,1,19,19,10,0.5263,345.08,345.08,32.88,34.51,24.1,6.76,0.5,22.1,14.2,1,1,1,0,0,1,1,0,5,32,32,2,1,5,1,4,1,Direct,Direct,Yes,Yes,1,Otoño,Saturday,10,2024,6,Low
2024-10-06,1,21,21,6,0.2857,256.09,256.09,38.19,42.68,47.6,9.43,0.83,23.7,18.12,1,0,1,0,2,0,0,1,5,30,30,2,1,2,1,8,1,Direct,Direct,Yes,Yes,1,Otoño,Sunday,10,2024,7,Low
2024-10-07,0,0,0,0,0.0,0.0,0.0,0.0,0.0,0.0,0.0,0.0,0.0,0.0,0,0,0,0,0,0,0,0,0,30,30,0,0,0,0,0,0,Closed,None,No,Yes,1,Otoño,Monday,10,2024,6,None
2024-10-08,0,0,0,0,0.0,0.0,0.0,0.0,0.0,0.0,0.0,0.0,0.0,0.0,0,0,0,0,0,0,0,0,0,30,30,0,0,0,0,0,0,Closed,None,No,Yes,1,Otoño,Tuesday,10,2024,6,None
2024-10-09,0,0,0,0,0.0,0.0,0.0,0.0,0.0,0.0,0.0,0.0,0.0,0.0,0,0,0,0,0,0,0,0,0,30,30,0,0,0,0,0,0,Closed,None,No,Yes,1,Otoño,Wednesday,10,2024,7,None
2024-10-10,0,0,0,0,0.0,0.0,0.0,0.0,0.0,0.0,0.0,0.0,0.0,0.0,0,0,0,0,0,0,0,0,0,30,30,0,0,0,0,0,0,Closed,None,No,Yes,1,Otoño,Thursday,10,2024,7,None
2024-10-11,0,0,0,0,0.0,0.0,0.0,0.0,0.0,0.0,0.0,0.0,0.0,0.0,0,0,0,0,0,0,0,0,0,30,30,0,0,0,0,0,0,Closed,None,No,Yes,1,Otoño,Friday,10,2024,7,None
2024-10-12,1,23,23,6,0.2609,230.76,230.76,36.61,38.46,39.1,4.74,0.5,19.2,14.26,0,0,1,0,0,1,1,0,3,30,30,1,1,2,1,3,0,Direct,Direct,Yes,Yes,1,Otoño,Saturday,10,2024,7,Low
2024-10-13,1,20,20,6,0.3,254.89,254.89,38.77,42.48,44.1,8.44,1.5,34.3,15.84,1,2,1,0,1,1,0,3,9,29,29,1,0,3,0,5,1,Passerby,Walk_in,Yes,Yes,1,Otoño,Sunday,10,2024,7,Low
2024-10-14,0,0,0,0,0.0,0.0,0.0,0.0,0.0,0.0,0.0,0.0,0.0,0.0,0,0,0,0,0,0,0,0,0,29,29,0,0,0,0,0,0,Closed,None,No,Yes,1,Otoño,Monday,10,2024,7,None
2024-10-15,1,24,24,9,0.375,346.36,346.36,35.52,38.48,40.6,7.31,0.44,29.3,15.3,0,1,0,0,1,1,1,0,4,28,28,0,0,3,0,4,2,Passerby,Walk_in,Yes,Yes,1,Otoño,Tuesday,10,2024,7,Low
2024-10-16,0,0,0,0,0.0,0.0,0.0,0.0,0.0,0.0,0.0,0.0,0.0,0.0,0,0,0,0,0,0,0,0,0,28,28,0,0,0,0,0,0,Closed,None,No,Yes,1,Otoño,Wednesday,10,2024,6,None
2024-10-17,1,19,19,8,0.4211,246.66,246.66,28.36,30.83,38.2,6.49,1.38,20.9,17.72,4,1,2,0,0,0,1,3,11,28,28,1,1,4,1,2,0,Direct,Direct,Yes,Yes,1,Otoño,Thursday,10,2024,7,Low
2024-10-18,1,22,22,6,0.2727,227.49,227.49,35.25,37.91,46.4,5.74,0.67,20.3,17.75,0,1,1,2,0,0,0,0,4,28,28,0,0,2,0,5,0,Direct,Direct,Yes,Yes,1,Otoño,Friday,10,2024,7,Low
2024-10-19,1,13,13,7,0.5385,277.52,277.52,36.76,39.65,44.3,6.51,0.43,32.5,11.82,1,0,1,0,0,1,0,0,3,28,28,0,0,3,0,2,2,Event_local,Offline_event,Yes,Yes,1,Otoño,Saturday,10,2024,7,Low
2024-10-20,1,30,30,12,0.4,496.37,496.37,37.17,41.36,46.0,9.11,0.83,27.6,15.65,4,0,2,1,1,1,0,1,10,27,27,1,1,7,1,3,0,Direct,Direct,Yes,Yes,1,Otoño,Sunday,10,2024,7,Medium
2024-10-21,0,0,0,0,0.0,0.0,0.0,0.0,0.0,0.0,0.0,0.0,0.0,0.0,0,0,0,0,0,0,0,0,0,27,27,0,0,0,0,0,0,Closed,None,No,No,0,Otoño,Monday,10,2024,7,None
2024-10-22,0,0,0,0,0.0,0.0,0.0,0.0,0.0,0.0,0.0,0.0,0.0,0.0,0,0,0,0,0,0,0,0,0,27,27,0,0,0,0,0,0,Closed,None,No,No,0,Otoño,Tuesday,10,2024,6,None
2024-10-23,0,0,0,0,0.0,0.0,0.0,0.0,0.0,0.0,0.0,0.0,0.0,0.0,0,0,0,0,0,0,0,0,0,27,27,0,0,0,0,0,0,Closed,None,No,No,0,Otoño,Wednesday,10,2024,7,None
2024-10-24,0,0,0,0,0.0,0.0,0.0,0.0,0.0,0.0,0.0,0.0,0.0,0.0,0,0,0,0,0,0,0,0,0,27,27,0,0,0,0,0,0,Closed,None,No,No,0,Otoño,Thursday,10,2024,7,None
2024-10-25,0,0,0,0,0.0,0.0,0.0,0.0,0.0,0.0,0.0,0.0,0.0,0.0,0,0,0,0,0,0,0,0,0,27,27,0,0,0,0,0,0,Closed,None,No,No,0,Otoño,Friday,10,2024,7,None
2024-10-26,1,18,18,7,0.3889,278.49,278.49,36.55,39.78,46.4,6.96,1.29,23.3,18.26,3,2,0,0,1,1,1,1,9,26,26,1,1,3,1,1,0,Direct,Direct,Yes,No,0,Otoño,Saturday,10,2024,7,Low
2024-10-27,1,11,11,4,0.3636,140.23,140.23,32.87,35.06,36.8,5.95,0.5,25.3,16.5,0,0,0,0,0,1,1,0,2,26,26,0,0,2,0,5,2,Rural_lodging,Partner_referral,No,No,0,Otoño,Sunday,10,2024,7,Low
2024-10-28,0,0,0,0,0.0,0.0,0.0,0.0,0.0,0.0,0.0,0.0,0.0,0.0,0,0,0,0,0,0,0,0,0,26,26,0,0,0,0,0,0,Closed,None,No,No,0,Otoño,Monday,10,2024,7,None
2024-10-29,0,0,0,0,0.0,0.0,0.0,0.0,0.0,0.0,0.0,0.0,0.0,0.0,0,0,0,0,0,0,0,0,0,26,26,0,0,0,0,0,0,Closed,None,No,No,0,Otoño,Tuesday,10,2024,7,None
2024-10-30,0,0,0,0,0.0,0.0,0.0,0.0,0.0,0.0,0.0,0.0,0.0,0.0,0,0,0,0,0,0,0,0,0,26,26,0,0,0,0,0,0,Closed,None,No,No,0,Otoño,Wednesday,10,2024,7,None
2024-10-31,0,0,0,0,0.0,0.0,0.0,0.0,0.0,0.0,0.0,0.0,0.0,0.0,0,0,0,0,0,0,0,0,0,26,26,0,0,0,0,0,0,Closed,None,No,No,0,Otoño,Thursday,10,2024,7,None
2024-11-01,0,0,0,0,0.0,0.0,0.0,0.0,0.0,0.0,0.0,0.0,0.0,0.0,0,0,0,0,0,0,0,0,0,26,26,0,0,0,0,0,0,Closed,None,No,No,0,Otoño,Friday,11,2024,7,None
2024-11-02,1,22,22,6,0.2727,199.81,199.81,32.15,33.3,46.3,2.5,0.5,28.8,14.57,0,1,0,1,0,1,0,0,3,26,26,1,0,3,0,1,0,Passerby,Walk_in,No,No,0,Otoño,Saturday,11,2024,7,Low
2024-11-03,1,16,16,5,0.3125,188.65,188.65,36.68,37.73,16.0,6.59,0.0,24.2,15.59,0,0,0,0,0,0,0,0,0,26,26,0,0,2,0,2,0,Event_local,Offline_event,No,No,0,Otoño,Sunday,11,2024,7,Low
2024-11-04,0,0,0,0,0.0,0.0,0.0,0.0,0.0,0.0,0.0,0.0,0.0,0.0,0,0,0,0,0,0,0,0,0,26,26,0,0,0,0,0,0,Closed,None,No,No,0,Otoño,Monday,11,2024,7,None
2024-11-05,0,0,0,0,0.0,0.0,0.0,0.0,0.0,0.0,0.0,0.0,0.0,0.0,0,0,0,0,0,0,0,0,0,26,26,0,0,0,0,0,0,Closed,None,No,No,0,Otoño,Tuesday,11,2024,8,None
2024-11-06,0,0,0,0,0.0,0.0,0.0,0.0,0.0,0.0,0.0,0.0,0.0,0.0,0,0,0,0,0,0,0,0,0,26,26,0,0,0,0,0,0,Closed,None,No,No,0,Otoño,Wednesday,11,2024,8,None
2024-11-07,0,0,0,0,0.0,0.0,0.0,0.0,0.0,0.0,0.0,0.0,0.0,0.0,0,0,0,0,0,0,0,0,0,26,26,0,0,0,0,0,0,Closed,None,No,No,0,Otoño,Thursday,11,2024,7,None
2024-11-08,0,0,0,0,0.0,0.0,0.0,0.0,0.0,0.0,0.0,0.0,0.0,0.0,0,0,0,0,0,0,0,0,0,26,26,0,0,0,0,0,0,Closed,None,No,No,0,Otoño,Friday,11,2024,7,None
2024-11-09,1,22,22,8,0.3636,286.65,286.65,33.8,35.83,30.5,6.65,0.75,18.6,11.0,2,0,0,1,0,1,0,2,6,26,26,1,0,3,0,7,1,Direct,Direct,No,No,0,Otoño,Saturday,11,2024,7,Low
2024-11-10,1,21,21,11,0.5238,330.89,330.89,28.0,30.08,29.9,6.96,0.64,21.2,12.85,2,0,0,1,1,2,0,1,7,25,25,0,0,5,0,5,1,Rural_lodging,Partner_referral,Yes,No,0,Otoño,Sunday,11,2024,7,Low
2024-11-11,0,0,0,0,0.0,0.0,0.0,0.0,0.0,0.0,0.0,0.0,0.0,0.0,0,0,0,0,0,0,0,0,0,25,25,0,0,0,0,0,0,Closed,None,No,No,0,Otoño,Monday,11,2024,7,None
2024-11-12,0,0,0,0,0.0,0.0,0.0,0.0,0.0,0.0,0.0,0.0,0.0,0.0,0,0,0,0,0,0,0,0,0,25,25,0,0,0,0,0,0,Closed,None,No,No,0,Otoño,Tuesday,11,2024,7,None
2024-11-13,0,0,0,0,0.0,0.0,0.0,0.0,0.0,0.0,0.0,0.0,0.0,0.0,0,0,0,0,0,0,0,0,0,25,25,0,0,0,0,0,0,Closed,None,No,No,0,Otoño,Wednesday,11,2024,7,None
2024-11-14,0,0,0,0,0.0,0.0,0.0,0.0,0.0,0.0,0.0,0.0,0.0,0.0,0,0,0,0,0,0,0,0,0,25,25,0,0,0,0,0,0,Closed,None,No,No,0,Otoño,Thursday,11,2024,7,None
2024-11-15,0,0,0,0,0.0,0.0,0.0,0.0,0.0,0.0,0.0,0.0,0.0,0.0,0,0,0,0,0,0,0,0,0,25,25,0,0,0,0,0,0,Closed,None,No,No,0,Otoño,Friday,11,2024,8,None
2024-11-16,1,13,13,1,0.0769,39.79,39.79,36.59,39.79,37.9,8.44,1.0,30.9,17.03,0,0,0,0,0,0,0,1,1,25,25,1,0,0,0,2,0,Rural_lodging,Partner_referral,No,No,0,Otoño,Saturday,11,2024,8,Low
2024-11-17,1,15,15,2,0.1333,66.77,66.77,31.93,33.38,35.8,4.06,1.0,26.5,15.54,0,0,0,0,0,0,0,2,2,25,25,0,0,1,0,4,0,Direct,Direct,No,No,0,Otoño,Sunday,11,2024,7,Low
2024-11-18,0,0,0,0,0.0,0.0,0.0,0.0,0.0,0.0,0.0,0.0,0.0,0.0,0,0,0,0,0,0,0,0,0,25,25,0,0,0,0,0,0,Closed,None,No,No,0,Otoño,Monday,11,2024,8,None
2024-11-19,0,0,0,0,0.0,0.0,0.0,0.0,0.0,0.0,0.0,0.0,0.0,0.0,0,0,0,0,0,0,0,0,0,25,25,0,0,0,0,0,0,Closed,None,No,No,0,Otoño,Tuesday,11,2024,7,None
2024-11-20,0,0,0,0,0.0,0.0,0.0,0.0,0.0,0.0,0.0,0.0,0.0,0.0,0,0,0,0,0,0,0,0,0,25,25,0,0,0,0,0,0,Closed,None,No,No,0,Otoño,Wednesday,11,2024,7,None
2024-11-21,0,0,0,0,0.0,0.0,0.0,0.0,0.0,0.0,0.0,0.0,0.0,0.0,0,0,0,0,0,0,0,0,0,25,25,0,0,0,0,0,0,Closed,None,No,No,0,Otoño,Thursday,11,2024,7,None
2024-11-22,1,16,16,8,0.5,304.18,304.18,36.3,38.02,35.5,4.85,0.5,34.2,13.4,0,0,1,0,0,0,0,3,4,25,25,1,1,2,1,1,1,Direct,Direct,No,No,0,Otoño,Friday,11,2024,7,Low
2024-11-23,1,15,15,3,0.2,125.22,125.22,39.95,41.74,29.0,6.16,0.67,29.7,17.12,0,1,0,1,0,0,0,0,2,25,25,0,0,1,0,1,0,Direct,Direct,No,No,0,Otoño,Saturday,11,2024,7,Low
2024-11-24,1,13,13,2,0.1538,76.89,76.89,36.55,38.45,26.1,7.24,1.0,30.3,16.04,0,1,0,0,0,0,0,1,2,25,25,1,0,1,0,1,0,Passerby,Walk_in,No,No,0,Otoño,Sunday,11,2024,8,Low
2024-11-25,0,0,0,0,0.0,0.0,0.0,0.0,0.0,0.0,0.0,0.0,0.0,0.0,0,0,0,0,0,0,0,0,0,25,25,0,0,0,0,0,0,Closed,None,No,No,0,Otoño,Monday,11,2024,7,None
2024-11-26,0,0,0,0,0.0,0.0,0.0,0.0,0.0,0.0,0.0,0.0,0.0,0.0,0,0,0,0,0,0,0,0,0,25,25,0,0,0,0,0,0,Closed,None,No,No,0,Otoño,Tuesday,11,2024,8,None
2024-11-27,0,0,0,0,0.0,0.0,0.0,0.0,0.0,0.0,0.0,0.0,0.0,0.0,0,0,0,0,0,0,0,0,0,25,25,0,0,0,0,0,0,Closed,None,No,No,0,Otoño,Wednesday,11,2024,7,None
2024-11-28,1,9,9,1,0.1111,40.12,40.12,37.06,40.12,34.2,8.96,0.0,25.9,16.38,0,0,0,0,0,0,0,0,0,25,25,0,0,0,0,3,2,Passerby,Walk_in,No,No,0,Otoño,Thursday,11,2024,8,Low
2024-11-29,0,0,0,0,0.0,0.0,0.0,0.0,0.0,0.0,0.0,0.0,0.0,0.0,0,0,0,0,0,0,0,0,0,25,25,0,0,0,0,0,0,Closed,None,No,No,0,Otoño,Friday,11,2024,8,None
2024-11-30,1,15,15,6,0.4,223.8,223.8,34.24,37.3,37.6,8.12,0.5,35.3,16.99,1,0,0,0,0,1,0,1,3,25,25,1,0,2,0,2,1,Direct,Direct,No,No,0,Otoño,Saturday,11,2024,8,Low
2024-12-01,1,6,6,1,0.1667,30.33,30.33,29.34,30.33,22.5,4.39,2.0,16.9,16.13,0,0,1,0,0,1,0,0,2,25,25,0,0,0,0,1,0,Direct,Direct,No,No,0,Invierno,Sunday,12,2024,7,Low
2024-12-02,0,0,0,0,0.0,0.0,0.0,0.0,0.0,0.0,0.0,0.0,0.0,0.0,0,0,0,0,0,0,0,0,0,25,25,0,0,0,0,0,0,Closed,None,No,No,0,Invierno,Monday,12,2024,8,None
2024-12-03,0,0,0,0,0.0,0.0,0.0,0.0,0.0,0.0,0.0,0.0,0.0,0.0,0,0,0,0,0,0,0,0,0,25,25,0,0,0,0,0,0,Closed,None,No,No,0,Invierno,Tuesday,12,2024,8,None
2024-12-04,1,5,5,4,0.8,175.71,175.71,40.07,43.93,41.4,9.34,0.75,19.3,11.0,1,0,0,1,1,0,0,0,3,24,24,0,0,1,0,1,1,Direct,Direct,No,No,0,Invierno,Wednesday,12,2024,8,Low
2024-12-05,0,0,0,0,0.0,0.0,0.0,0.0,0.0,0.0,0.0,0.0,0.0,0.0,0,0,0,0,0,0,0,0,0,24,24,0,0,0,0,0,0,Closed,None,No,No,0,Invierno,Thursday,12,2024,8,None
2024-12-06,1,6,6,2,0.3333,63.74,63.74,29.16,31.87,37.1,7.31,1.0,27.5,16.34,0,0,0,0,0,1,0,1,2,24,24,0,0,1,0,0,0,Direct,Direct,No,No,0,Invierno,Friday,12,2024,8,Low
2024-12-07,1,7,7,2,0.2857,75.36,75.36,35.49,37.68,28.8,7.62,0.5,28.9,15.4,0,0,0,1,0,0,0,0,1,24,24,0,0,1,0,1,0,Direct,Direct,No,No,0,Invierno,Saturday,12,2024,8,Low
2024-12-08,1,11,11,4,0.3636,121.27,121.27,28.0,30.32,32.3,7.18,0.5,22.6,16.93,0,0,0,1,1,0,0,0,2,23,23,0,0,1,0,3,0,Rural_lodging,Partner_referral,No,No,0,Invierno,Sunday,12,2024,8,Low
2024-12-09,0,0,0,0,0.0,0.0,0.0,0.0,0.0,0.0,0.0,0.0,0.0,0.0,0,0,0,0,0,0,0,0,0,23,23,0,0,0,0,0,0,Closed,None,No,No,0,Invierno,Monday,12,2024,8,None
2024-12-10,0,0,0,0,0.0,0.0,0.0,0.0,0.0,0.0,0.0,0.0,0.0,0.0,0,0,0,0,0,0,0,0,0,23,23,0,0,0,0,0,0,Closed,None,No,No,0,Invierno,Tuesday,12,2024,8,None
2024-12-11,0,0,0,0,0.0,0.0,0.0,0.0,0.0,0.0,0.0,0.0,0.0,0.0,0,0,0,0,0,0,0,0,0,23,23,0,0,0,0,0,0,Closed,None,No,No,0,Invierno,Wednesday,12,2024,8,None
2024-12-12,0,0,0,0,0.0,0.0,0.0,0.0,0.0,0.0,0.0,0.0,0.0,0.0,0,0,0,0,0,0,0,0,0,23,23,0,0,0,0,0,0,Closed,None,No,No,0,Invierno,Thursday,12,2024,8,None
2024-12-13,1,10,10,2,0.2,61.74,61.74,28.0,30.87,50.0,5.73,1.0,27.5,12.74,0,0,1,0,0,0,0,1,2,23,23,1,0,1,0,1,1,Event_local,Offline_event,No,No,0,Invierno,Friday,12,2024,8,Low
2024-12-14,1,5,5,1,0.2,39.47,39.47,37.71,39.47,29.1,6.04,2.0,22.1,15.1,1,0,0,0,0,0,0,1,2,23,23,0,0,0,0,1,0,Direct,Direct,No,No,0,Invierno,Saturday,12,2024,8,Low
2024-12-15,1,9,9,1,0.1111,42.58,42.58,38.78,42.58,46.6,8.14,1.0,17.4,14.42,0,0,0,0,0,0,0,1,1,46,46,0,0,0,0,1,0,Passerby,Walk_in,Yes,No,0,Invierno,Sunday,12,2024,8,Low
2024-12-16,0,0,0,0,0.0,0.0,0.0,0.0,0.0,0.0,0.0,0.0,0.0,0.0,0,0,0,0,0,0,0,0,0,46,46,0,0,0,0,0,0,Closed,None,No,No,0,Invierno,Monday,12,2024,8,None
2024-12-17,1,8,8,1,0.125,38.89,38.89,36.75,38.89,26.3,8.15,2.0,24.6,12.04,1,0,0,0,0,0,0,1,2,46,46,1,1,0,1,1,0,Rural_lodging,Partner_referral,No,No,0,Invierno,Tuesday,12,2024,7,Low
2024-12-18,0,0,0,0,0.0,0.0,0.0,0.0,0.0,0.0,0.0,0.0,0.0,0.0,0,0,0,0,0,0,0,0,0,46,46,0,0,0,0,0,0,Closed,None,No,No,0,Invierno,Wednesday,12,2024,8,None
2024-12-19,0,0,0,0,0.0,0.0,0.0,0.0,0.0,0.0,0.0,0.0,0.0,0.0,0,0,0,0,0,0,0,0,0,46,46,0,0,0,0,0,0,Closed,None,No,No,0,Invierno,Thursday,12,2024,8,None
2024-12-20,1,7,7,1,0.1429,39.17,39.17,34.85,39.17,40.7,10.6,1.0,32.3,16.21,0,0,0,0,0,0,1,0,1,46,46,0,0,0,0,2,0,Rural_lodging,Partner_referral,Yes,Yes,1,Invierno,Friday,12,2024,8,Low
2024-12-21,1,11,11,7,0.6364,275.89,275.89,36.34,39.41,44.7,6.88,1.0,15.5,17.48,2,3,0,0,0,2,0,0,7,46,46,0,0,3,0,3,2,Rural_lodging,Partner_referral,Yes,Yes,1,Invierno,Saturday,12,2024,8,Low
2024-12-22,1,14,14,6,0.4286,222.21,222.21,34.38,37.04,39.9,6.66,0.5,19.8,16.36,0,0,0,2,0,0,0,1,3,46,46,0,0,3,0,5,1,Direct,Direct,Yes,Yes,1,Invierno,Sunday,12,2024,8,Low
2024-12-23,1,9,9,3,0.3333,121.82,121.82,37.08,40.61,40.6,8.68,0.67,12.7,17.82,0,0,0,0,2,0,0,0,2,44,44,0,0,1,0,1,0,Rural_lodging,Partner_referral,Yes,Yes,1,Invierno,Monday,12,2024,8,Low
2024-12-24,1,4,4,1,0.25,40.42,40.42,37.61,40.42,41.9,6.71,1.0,21.7,15.65,0,0,0,0,0,0,0,1,1,44,44,0,0,0,0,2,2,Passerby,Walk_in,Yes,Yes,1,Invierno,Tuesday,12,2024,8,Low
2024-12-25,1,11,11,3,0.2727,110.33,110.33,34.06,36.78,36.9,7.38,0.67,22.7,16.92,0,0,0,0,0,2,0,0,2,44,44,0,0,1,0,3,0,Rural_lodging,Partner_referral,Yes,Yes,1,Invierno,Wednesday,12,2024,8,Low
2024-12-26,0,0,0,0,0.0,0.0,0.0,0.0,0.0,0.0,0.0,0.0,0.0,0.0,0,0,0,0,0,0,0,0,0,44,44,0,0,0,0,0,0,Closed,None,No,Yes,1,Invierno,Thursday,12,2024,8,None
2024-12-27,1,7,7,5,0.7143,211.88,211.88,39.63,42.38,40.5,6.78,0.0,24.1,17.09,0,0,0,0,0,0,0,0,0,44,44,0,0,2,0,0,1,Passerby,Walk_in,Yes,Yes,1,Invierno,Friday,12,2024,8,Low
2024-12-28,1,9,9,5,0.5556,176.05,176.05,32.72,35.21,37.7,6.62,2.0,26.5,16.42,1,1,0,0,1,2,4,1,10,43,43,1,1,2,1,5,1,Rural_lodging,Partner_referral,Yes,Yes,1,Invierno,Saturday,12,2024,8,Low
2024-12-29,1,16,16,6,0.375,235.65,235.65,33.65,39.28,50.1,11.22,0.83,28.4,15.32,2,0,0,0,2,1,0,0,5,41,41,0,0,2,0,3,0,Direct,Direct,Yes,Yes,1,Invierno,Sunday,12,2024,9,Low
2024-12-30,1,9,9,5,0.5556,179.65,179.65,33.4,35.93,37.2,6.8,0.8,25.5,14.54,1,0,1,0,1,0,0,1,4,40,40,0,0,2,0,3,1,Event_local,Offline_event,Yes,Yes,1,Invierno,Monday,12,2024,8,Low
2024-12-31,1,13,13,8,0.6154,326.4,326.4,37.67,40.8,39.8,7.86,1.12,22.1,17.24,1,0,2,0,1,3,2,0,9,39,39,1,1,4,1,2,1,Rural_lodging,Partner_referral,Yes,Yes,1,Invierno,Tuesday,12,2024,8,Low
2025-01-01,0,0,0,0,0.0,0.0,0.0,0.0,0.0,0.0,0.0,0.0,0.0,0.0,0,0,0,0,0,0,0,0,0,39,39,0,0,0,0,0,0,Closed,None,No,Yes,1,Invierno,Wednesday,1,2025,9,None
2025-01-02,0,0,0,0,0.0,0.0,0.0,0.0,0.0,0.0,0.0,0.0,0.0,0.0,0,0,0,0,0,0,0,0,0,39,39,0,0,0,0,0,0,Closed,None,No,Yes,1,Invierno,Thursday,1,2025,8,None
2025-01-03,0,0,0,0,0.0,0.0,0.0,0.0,0.0,0.0,0.0,0.0,0.0,0.0,0,0,0,0,0,0,0,0,0,39,39,0,0,0,0,0,0,Closed,None,No,Yes,1,Invierno,Friday,1,2025,8,None
2025-01-04,1,6,6,4,0.6667,143.6,143.6,34.05,35.9,41.2,4.49,0.25,12.0,16.98,0,0,0,0,0,0,1,0,1,39,39,0,0,1,0,0,0,Direct,Direct,Yes,Yes,1,Invierno,Saturday,1,2025,8,Low
2025-01-05,1,16,16,7,0.4375,323.81,323.81,43.7,46.26,45.8,5.58,1.14,26.0,20.35,1,1,3,1,1,0,0,1,8,38,38,1,0,2,0,2,1,Direct,Direct,Yes,Yes,1,Invierno,Sunday,1,2025,8,Low
2025-01-06,0,0,0,0,0.0,0.0,0.0,0.0,0.0,0.0,0.0,0.0,0.0,0.0,0,0,0,0,0,0,0,0,0,38,38,0,0,0,0,0,0,Closed,None,No,Yes,1,Invierno,Monday,1,2025,8,None
2025-01-07,0,0,0,0,0.0,0.0,0.0,0.0,0.0,0.0,0.0,0.0,0.0,0.0,0,0,0,0,0,0,0,0,0,38,38,0,0,0,0,0,0,Closed,None,No,No,0,Invierno,Tuesday,1,2025,9,None
2025-01-08,0,0,0,0,0.0,0.0,0.0,0.0,0.0,0.0,0.0,0.0,0.0,0.0,0,0,0,0,0,0,0,0,0,38,38,0,0,0,0,0,0,Closed,None,No,No,0,Invierno,Wednesday,1,2025,8,None
2025-01-09,0,0,0,0,0.0,0.0,0.0,0.0,0.0,0.0,0.0,0.0,0.0,0.0,0,0,0,0,0,0,0,0,0,38,38,0,0,0,0,0,0,Closed,None,No,No,0,Invierno,Thursday,1,2025,8,None
2025-01-10,0,0,0,0,0.0,0.0,0.0,0.0,0.0,0.0,0.0,0.0,0.0,0.0,0,0,0,0,0,0,0,0,0,38,38,0,0,0,0,0,0,Closed,None,No,No,0,Invierno,Friday,1,2025,9,None
2025-01-11,1,6,6,3,0.5,118.18,118.18,36.6,39.39,44.1,6.34,0.33,25.2,15.74,0,0,0,1,0,0,0,0,1,38,38,1,1,1,1,0,0,Passerby,Walk_in,No,No,0,Invierno,Saturday,1,2025,9,Low
2025-01-12,1,11,11,3,0.2727,108.08,108.08,33.32,36.03,35.6,7.62,0.67,23.9,14.87,0,1,0,0,1,0,0,0,2,37,37,0,0,1,0,2,0,Passerby,Walk_in,No,No,0,Invierno,Sunday,1,2025,8,Low
2025-01-13,0,0,0,0,0.0,0.0,0.0,0.0,0.0,0.0,0.0,0.0,0.0,0.0,0,0,0,0,0,0,0,0,0,37,37,0,0,0,0,0,0,Closed,None,No,No,0,Invierno,Monday,1,2025,9,None
2025-01-14,0,0,0,0,0.0,0.0,0.0,0.0,0.0,0.0,0.0,0.0,0.0,0.0,0,0,0,0,0,0,0,0,0,37,37,0,0,0,0,0,0,Closed,None,No,No,0,Invierno,Tuesday,1,2025,9,None
2025-01-15,0,0,0,0,0.0,0.0,0.0,0.0,0.0,0.0,0.0,0.0,0.0,0.0,0,0,0,0,0,0,0,0,0,37,37,0,0,0,0,0,0,Closed,None,No,No,0,Invierno,Wednesday,1,2025,9,None
2025-01-16,0,0,0,0,0.0,0.0,0.0,0.0,0.0,0.0,0.0,0.0,0.0,0.0,0,0,0,0,0,0,0,0,0,37,37,0,0,0,0,0,0,Closed,None,No,No,0,Invierno,Thursday,1,2025,8,None
2025-01-17,0,0,0,0,0.0,0.0,0.0,0.0,0.0,0.0,0.0,0.0,0.0,0.0,0,0,0,0,0,0,0,0,0,37,37,0,0,0,0,0,0,Closed,None,No,No,0,Invierno,Friday,1,2025,8,None
2025-01-18,1,4,4,1,0.25,40.5,40.5,38.22,40.5,45.3,5.04,0.0,29.6,18.22,0,0,0,0,0,0,0,0,0,37,37,0,0,0,0,1,0,Direct,Direct,No,No,0,Invierno,Saturday,1,2025,8,Low
2025-01-19,1,8,8,4,0.5,163.38,163.38,38.05,40.84,34.6,8.09,0.75,19.8,12.3,1,0,0,0,0,2,0,0,3,37,37,0,0,2,0,0,0,Direct,Direct,No,No,0,Invierno,Sunday,1,2025,8,Low
2025-01-20,0,0,0,0,0.0,0.0,0.0,0.0,0.0,0.0,0.0,0.0,0.0,0.0,0,0,0,0,0,0,0,0,0,37,37,0,0,0,0,0,0,Closed,None,No,No,0,Invierno,Monday,1,2025,9,None
2025-01-21,0,0,0,0,0.0,0.0,0.0,0.0,0.0,0.0,0.0,0.0,0.0,0.0,0,0,0,0,0,0,0,0,0,37,37,0,0,0,0,0,0,Closed,None,No,No,0,Invierno,Tuesday,1,2025,9,None
2025-01-22,0,0,0,0,0.0,0.0,0.0,0.0,0.0,0.0,0.0,0.0,0.0,0.0,0,0,0,0,0,0,0,0,0,37,37,0,0,0,0,0,0,Closed,None,No,No,0,Invierno,Wednesday,1,2025,9,None
2025-01-23,0,0,0,0,0.0,0.0,0.0,0.0,0.0,0.0,0.0,0.0,0.0,0.0,0,0,0,0,0,0,0,0,0,37,37,0,0,0,0,0,0,Closed,None,No,No,0,Invierno,Thursday,1,2025,9,None
2025-01-24,0,0,0,0,0.0,0.0,0.0,0.0,0.0,0.0,0.0,0.0,0.0,0.0,0,0,0,0,0,0,0,0,0,37,37,0,0,0,0,0,0,Closed,None,No,No,0,Invierno,Friday,1,2025,9,None
2025-01-25,1,11,11,3,0.2727,108.57,108.57,34.61,36.19,23.2,6.83,0.67,20.7,17.07,1,0,0,0,1,0,0,0,2,36,36,0,0,1,0,2,1,Direct,Direct,Yes,No,0,Invierno,Saturday,1,2025,8,Low
2025-01-26,1,8,8,3,0.375,109.67,109.67,34.94,36.56,23.7,6.82,0.33,25.3,15.04,0,0,0,0,0,1,0,0,1,36,36,0,0,1,0,3,0,Direct,Direct,No,No,0,Invierno,Sunday,1,2025,8,Low
2025-01-27,0,0,0,0,0.0,0.0,0.0,0.0,0.0,0.0,0.0,0.0,0.0,0.0,0,0,0,0,0,0,0,0,0,36,36,0,0,0,0,0,0,Closed,None,No,No,0,Invierno,Monday,1,2025,9,None
2025-01-28,0,0,0,0,0.0,0.0,0.0,0.0,0.0,0.0,0.0,0.0,0.0,0.0,0,0,0,0,0,0,0,0,0,36,36,0,0,0,0,0,0,Closed,None,No,No,0,Invierno,Tuesday,1,2025,9,None
2025-01-29,0,0,0,0,0.0,0.0,0.0,0.0,0.0,0.0,0.0,0.0,0.0,0.0,0,0,0,0,0,0,0,0,0,36,36,0,0,0,0,0,0,Closed,None,No,No,0,Invierno,Wednesday,1,2025,8,None
2025-01-30,0,0,0,0,0.0,0.0,0.0,0.0,0.0,0.0,0.0,0.0,0.0,0.0,0,0,0,0,0,0,0,0,0,36,36,0,0,0,0,0,0,Closed,None,No,No,0,Invierno,Thursday,1,2025,9,None
2025-01-31,1,10,10,2,0.2,66.83,66.83,31.25,33.42,34.0,6.35,1.0,29.2,14.81,1,0,0,0,0,1,0,0,2,36,36,0,0,1,0,3,0,Rural_lodging,Partner_referral,No,No,0,Invierno,Friday,1,2025,9,Low
2025-02-01,1,15,15,6,0.4,235.63,235.63,36.3,39.27,38.8,7.66,0.67,19.8,14.13,2,0,2,0,0,0,0,0,4,36,36,2,1,3,1,3,0,Event_local,Offline_event,No,No,0,Invierno,Saturday,2,2025,9,Low
2025-02-02,1,10,10,8,0.8,236.53,236.53,28.54,29.57,22.9,4.48,0.88,14.4,15.59,2,2,0,1,0,2,0,0,7,36,36,0,0,3,0,3,1,Direct,Direct,No,No,0,Invierno,Sunday,2,2025,9,Low
2025-02-03,1,7,7,3,0.4286,101.62,101.62,32.02,33.87,21.1,8.76,0.67,32.2,16.7,1,0,1,0,0,0,0,0,2,36,36,0,0,1,0,1,0,Event_local,Offline_event,No,No,0,Invierno,Monday,2,2025,9,Low
2025-02-04,0,0,0,0,0.0,0.0,0.0,0.0,0.0,0.0,0.0,0.0,0.0,0.0,0,0,0,0,0,0,0,0,0,36,36,0,0,0,0,0,0,Closed,None,No,No,0,Invierno,Tuesday,2,2025,9,None
2025-02-05,0,0,0,0,0.0,0.0,0.0,0.0,0.0,0.0,0.0,0.0,0.0,0.0,0,0,0,0,0,0,0,0,0,36,36,0,0,0,0,0,0,Closed,None,No,No,0,Invierno,Wednesday,2,2025,9,None
2025-02-06,0,0,0,0,0.0,0.0,0.0,0.0,0.0,0.0,0.0,0.0,0.0,0.0,0,0,0,0,0,0,0,0,0,36,36,0,0,0,0,0,0,Closed,None,No,No,0,Invierno,Thursday,2,2025,9,None
2025-02-07,0,0,0,0,0.0,0.0,0.0,0.0,0.0,0.0,0.0,0.0,0.0,0.0,0,0,0,0,0,0,0,0,0,36,36,0,0,0,0,0,0,Closed,None,No,No,0,Invierno,Friday,2,2025,9,None
2025-02-08,1,4,4,1,0.25,39.35,39.35,35.56,39.35,60.4,6.27,0.0,25.2,12.08,0,0,0,0,0,0,0,0,0,36,36,0,0,0,0,1,0,Rural_lodging,Partner_referral,No,No,0,Invierno,Saturday,2,2025,9,Low
2025-02-09,1,7,7,1,0.1429,41.32,41.32,39.52,41.32,28.0,6.43,0.0,18.9,15.12,0,0,0,0,0,0,0,0,0,36,36,1,0,0,0,2,0,Rural_lodging,Partner_referral,No,No,0,Invierno,Sunday,2,2025,9,Low
2025-02-10,0,0,0,0,0.0,0.0,0.0,0.0,0.0,0.0,0.0,0.0,0.0,0.0,0,0,0,0,0,0,0,0,0,36,36,0,0,0,0,0,0,Closed,None,No,No,0,Invierno,Monday,2,2025,10,None
2025-02-11,0,0,0,0,0.0,0.0,0.0,0.0,0.0,0.0,0.0,0.0,0.0,0.0,0,0,0,0,0,0,0,0,0,36,36,0,0,0,0,0,0,Closed,None,No,No,0,Invierno,Tuesday,2,2025,9,None
2025-02-12,0,0,0,0,0.0,0.0,0.0,0.0,0.0,0.0,0.0,0.0,0.0,0.0,0,0,0,0,0,0,0,0,0,36,36,0,0,0,0,0,0,Closed,None,No,No,0,Invierno,Wednesday,2,2025,9,None
2025-02-13,0,0,0,0,0.0,0.0,0.0,0.0,0.0,0.0,0.0,0.0,0.0,0.0,0,0,0,0,0,0,0,0,0,36,36,0,0,0,0,0,0,Closed,None,No,No,0,Invierno,Thursday,2,2025,9,None
2025-02-14,0,0,0,0,0.0,0.0,0.0,0.0,0.0,0.0,0.0,0.0,0.0,0.0,0,0,0,0,0,0,0,0,0,36,36,0,0,0,0,0,0,Closed,None,No,No,0,Invierno,Friday,2,2025,9,None
2025-02-15,1,9,9,2,0.2222,72.63,72.63,34.63,36.31,36.6,4.6,0.5,26.5,14.56,1,0,0,0,0,0,0,0,1,36,36,0,0,1,0,2,0,Rural_lodging,Partner_referral,No,No,0,Invierno,Saturday,2,2025,9,Low
2025-02-16,1,5,5,1,0.2,41.8,41.8,38.88,41.8,55.2,5.3,2.0,20.8,13.28,0,0,0,0,0,2,0,0,2,36,36,0,0,0,0,2,0,Direct,Direct,No,No,0,Invierno,Sunday,2,2025,9,Low
2025-02-17,0,0,0,0,0.0,0.0,0.0,0.0,0.0,0.0,0.0,0.0,0.0,0.0,0,0,0,0,0,0,0,0,0,36,36,0,0,0,0,0,0,Closed,None,No,No,0,Invierno,Monday,2,2025,9,None
2025-02-18,0,0,0,0,0.0,0.0,0.0,0.0,0.0,0.0,0.0,0.0,0.0,0.0,0,0,0,0,0,0,0,0,0,36,36,0,0,0,0,0,0,Closed,None,No,No,0,Invierno,Tuesday,2,2025,9,None
2025-02-19,0,0,0,0,0.0,0.0,0.0,0.0,0.0,0.0,0.0,0.0,0.0,0.0,0,0,0,0,0,0,0,0,0,36,36,0,0,0,0,0,0,Closed,None,No,No,0,Invierno,Wednesday,2,2025,9,None
2025-02-20,0,0,0,0,0.0,0.0,0.0,0.0,0.0,0.0,0.0,0.0,0.0,0.0,0,0,0,0,0,0,0,0,0,36,36,0,0,0,0,0,0,Closed,None,No,No,0,Invierno,Thursday,2,2025,9,None
2025-02-21,0,0,0,0,0.0,0.0,0.0,0.0,0.0,0.0,0.0,0.0,0.0,0.0,0,0,0,0,0,0,0,0,0,36,36,0,0,0,0,0,0,Closed,None,No,No,0,Invierno,Friday,2,2025,9,None
2025-02-22,1,8,8,4,0.5,161.38,161.38,37.11,40.34,51.1,6.32,1.75,38.7,15.86,1,0,0,1,0,3,1,1,7,36,36,0,0,2,0,2,0,Rural_lodging,Partner_referral,No,No,0,Invierno,Saturday,2,2025,10,Low
2025-02-23,1,5,5,4,0.8,142.67,142.67,33.56,35.67,33.7,6.24,0.25,34.3,15.02,0,0,0,1,0,0,0,0,1,36,36,1,1,2,1,1,0,Passerby,Walk_in,No,No,0,Invierno,Sunday,2,2025,9,Low
2025-02-24,0,0,0,0,0.0,0.0,0.0,0.0,0.0,0.0,0.0,0.0,0.0,0.0,0,0,0,0,0,0,0,0,0,36,36,0,0,0,0,0,0,Closed,None,No,No,0,Invierno,Monday,2,2025,10,None
2025-02-25,0,0,0,0,0.0,0.0,0.0,0.0,0.0,0.0,0.0,0.0,0.0,0.0,0,0,0,0,0,0,0,0,0,36,36,0,0,0,0,0,0,Closed,None,No,No,0,Invierno,Tuesday,2,2025,9,None
2025-02-26,0,0,0,0,0.0,0.0,0.0,0.0,0.0,0.0,0.0,0.0,0.0,0.0,0,0,0,0,0,0,0,0,0,36,36,0,0,0,0,0,0,Closed,None,No,No,0,Invierno,Wednesday,2,2025,9,None
2025-02-27,0,0,0,0,0.0,0.0,0.0,0.0,0.0,0.0,0.0,0.0,0.0,0.0,0,0,0,0,0,0,0,0,0,36,36,0,0,0,0,0,0,Closed,None,No,No,0,Invierno,Thursday,2,2025,10,None
2025-02-28,1,6,6,1,0.1667,31.32,31.32,30.31,31.32,40.3,2.5,1.0,31.3,11.85,0,0,0,0,0,0,1,0,1,36,36,0,0,0,0,1,1,Direct,Direct,No,No,0,Invierno,Friday,2,2025,9,Low
2025-03-01,1,26,26,11,0.4231,383.25,383.25,32.71,34.84,34.3,6.22,0.45,33.2,16.38,2,1,0,0,0,1,0,1,5,36,36,0,0,5,0,7,2,Event_local,Offline_event,No,No,0,Primavera,Saturday,3,2025,9,Low
2025-03-02,1,23,23,7,0.3043,235.42,235.42,30.36,33.63,36.8,8.9,0.86,25.2,12.73,2,3,0,0,0,0,0,1,6,36,36,0,0,2,0,5,1,Direct,Direct,No,No,0,Primavera,Sunday,3,2025,9,Low
2025-03-03,0,0,0,0,0.0,0.0,0.0,0.0,0.0,0.0,0.0,0.0,0.0,0.0,0,0,0,0,0,0,0,0,0,36,36,0,0,0,0,0,0,Closed,None,No,No,0,Primavera,Monday,3,2025,9,None
2025-03-04,0,0,0,0,0.0,0.0,0.0,0.0,0.0,0.0,0.0,0.0,0.0,0.0,0,0,0,0,0,0,0,0,0,36,36,0,0,0,0,0,0,Closed,None,No,No,0,Primavera,Tuesday,3,2025,9,None
2025-03-05,0,0,0,0,0.0,0.0,0.0,0.0,0.0,0.0,0.0,0.0,0.0,0.0,0,0,0,0,0,0,0,0,0,36,36,0,0,0,0,0,0,Closed,None,No,No,0,Primavera,Wednesday,3,2025,9,None
2025-03-06,0,0,0,0,0.0,0.0,0.0,0.0,0.0,0.0,0.0,0.0,0.0,0.0,0,0,0,0,0,0,0,0,0,36,36,0,0,0,0,0,0,Closed,None,No,No,0,Primavera,Thursday,3,2025,9,None
2025-03-07,0,0,0,0,0.0,0.0,0.0,0.0,0.0,0.0,0.0,0.0,0.0,0.0,0,0,0,0,0,0,0,0,0,36,36,0,0,0,0,0,0,Closed,None,No,No,0,Primavera,Friday,3,2025,10,None
2025-03-08,1,11,11,1,0.0909,35.55,35.55,33.27,35.55,32.6,6.98,0.0,19.2,17.01,0,0,0,0,0,0,0,0,0,36,36,1,0,0,0,3,3,Passerby,Walk_in,No,No,0,Primavera,Saturday,3,2025,10,Low
2025-03-09,1,10,10,2,0.2,81.44,81.44,39.35,40.72,30.8,4.43,0.0,24.9,16.5,0,0,0,0,0,0,0,0,0,36,36,0,0,1,0,1,0,Event_local,Offline_event,No,No,0,Primavera,Sunday,3,2025,10,Low
2025-03-10,0,0,0,0,0.0,0.0,0.0,0.0,0.0,0.0,0.0,0.0,0.0,0.0,0,0,0,0,0,0,0,0,0,36,36,0,0,0,0,0,0,Closed,None,No,No,0,Primavera,Monday,3,2025,9,None
2025-03-11,0,0,0,0,0.0,0.0,0.0,0.0,0.0,0.0,0.0,0.0,0.0,0.0,0,0,0,0,0,0,0,0,0,36,36,0,0,0,0,0,0,Closed,None,No,No,0,Primavera,Tuesday,3,2025,9,None
2025-03-12,0,0,0,0,0.0,0.0,0.0,0.0,0.0,0.0,0.0,0.0,0.0,0.0,0,0,0,0,0,0,0,0,0,36,36,0,0,0,0,0,0,Closed,None,No,No,0,Primavera,Wednesday,3,2025,9,None
2025-03-13,0,0,0,0,0.0,0.0,0.0,0.0,0.0,0.0,0.0,0.0,0.0,0.0,0,0,0,0,0,0,0,0,0,36,36,0,0,0,0,0,0,Closed,None,No,No,0,Primavera,Thursday,3,2025,9,None
2025-03-14,0,0,0,0,0.0,0.0,0.0,0.0,0.0,0.0,0.0,0.0,0.0,0.0,0,0,0,0,0,0,0,0,0,36,36,0,0,0,0,0,0,Closed,None,No,Yes,1,Primavera,Friday,3,2025,10,None
2025-03-15,1,18,18,3,0.1667,119.44,119.44,35.68,39.81,45.7,9.03,1.0,29.9,13.81,0,0,1,0,0,0,2,0,3,36,36,1,1,1,1,2,1,Passerby,Walk_in,Yes,Yes,1,Primavera,Saturday,3,2025,10,Low
2025-03-16,1,11,11,1,0.0909,48.95,48.95,44.49,48.95,50.0,8.9,1.0,22.4,14.93,0,0,0,0,0,0,1,0,1,36,36,0,0,0,0,6,1,Direct,Direct,Yes,Yes,1,Primavera,Sunday,3,2025,10,Low
2025-03-17,0,0,0,0,0.0,0.0,0.0,0.0,0.0,0.0,0.0,0.0,0.0,0.0,0,0,0,0,0,0,0,0,0,36,36,0,0,0,0,0,0,Closed,None,No,No,0,Primavera,Monday,3,2025,10,None
2025-03-18,0,0,0,0,0.0,0.0,0.0,0.0,0.0,0.0,0.0,0.0,0.0,0.0,0,0,0,0,0,0,0,0,0,36,36,0,0,0,0,0,0,Closed,None,No,No,0,Primavera,Tuesday,3,2025,10,None
2025-03-19,0,0,0,0,0.0,0.0,0.0,0.0,0.0,0.0,0.0,0.0,0.0,0.0,0,0,0,0,0,0,0,0,0,36,36,0,0,0,0,0,0,Closed,None,No,No,0,Primavera,Wednesday,3,2025,10,None
2025-03-20,0,0,0,0,0.0,0.0,0.0,0.0,0.0,0.0,0.0,0.0,0.0,0.0,0,0,0,0,0,0,0,0,0,36,36,0,0,0,0,0,0,Closed,None,No,No,0,Primavera,Thursday,3,2025,10,None
2025-03-21,0,0,0,0,0.0,0.0,0.0,0.0,0.0,0.0,0.0,0.0,0.0,0.0,0,0,0,0,0,0,0,0,0,36,36,0,0,0,0,0,0,Closed,None,No,Yes,1,Primavera,Friday,3,2025,9,None
2025-03-22,1,17,17,8,0.4706,300.46,300.46,33.37,37.56,40.4,10.37,0.75,36.6,12.18,0,2,1,0,0,1,1,1,6,36,36,1,0,2,0,4,0,Passerby,Walk_in,Yes,Yes,1,Primavera,Saturday,3,2025,10,Low
2025-03-23,1,19,19,6,0.3158,253.1,253.1,40.46,42.18,26.5,6.51,1.17,30.1,12.6,2,0,2,0,0,2,1,0,7,36,36,1,1,2,1,5,1,Direct,Direct,Yes,Yes,1,Primavera,Sunday,3,2025,10,Low
2025-03-24,0,0,0,0,0.0,0.0,0.0,0.0,0.0,0.0,0.0,0.0,0.0,0.0,0,0,0,0,0,0,0,0,0,36,36,0,0,0,0,0,0,Closed,None,No,No,0,Primavera,Monday,3,2025,10,None
2025-03-25,0,0,0,0,0.0,0.0,0.0,0.0,0.0,0.0,0.0,0.0,0.0,0.0,0,0,0,0,0,0,0,0,0,36,36,0,0,0,0,0,0,Closed,None,No,No,0,Primavera,Tuesday,3,2025,10,None
2025-03-26,0,0,0,0,0.0,0.0,0.0,0.0,0.0,0.0,0.0,0.0,0.0,0.0,0,0,0,0,0,0,0,0,0,36,36,0,0,0,0,0,0,Closed,None,No,No,0,Primavera,Wednesday,3,2025,10,None
2025-03-27,0,0,0,0,0.0,0.0,0.0,0.0,0.0,0.0,0.0,0.0,0.0,0.0,0,0,0,0,0,0,0,0,0,36,36,0,0,0,0,0,0,Closed,None,No,No,0,Primavera,Thursday,3,2025,10,None
2025-03-28,0,0,0,0,0.0,0.0,0.0,0.0,0.0,0.0,0.0,0.0,0.0,0.0,0,0,0,0,0,0,0,0,0,36,36,0,0,0,0,0,0,Closed,None,No,No,0,Primavera,Friday,3,2025,10,None
2025-03-29,1,10,10,4,0.4,147.94,147.94,34.39,36.98,35.2,7.37,0.5,24.1,14.9,0,1,0,0,0,0,0,1,2,36,36,1,0,2,0,1,0,Passerby,Walk_in,No,No,0,Primavera,Saturday,3,2025,10,Low
2025-03-30,1,23,23,5,0.2174,193.7,193.7,36.34,38.74,32.9,7.29,0.6,30.0,14.36,0,0,0,1,0,0,0,2,3,36,36,0,0,2,0,4,1,Passerby,Walk_in,No,No,0,Primavera,Sunday,3,2025,10,Low
2025-03-31,0,0,0,0,0.0,0.0,0.0,0.0,0.0,0.0,0.0,0.0,0.0,0.0,0,0,0,0,0,0,0,0,0,36,36,0,0,0,0,0,0,Closed,None,No,No,0,Primavera,Monday,3,2025,10,None
2025-04-01,0,0,0,0,0.0,0.0,0.0,0.0,0.0,0.0,0.0,0.0,0.0,0.0,0,0,0,0,0,0,0,0,0,36,36,0,0,0,0,0,0,Closed,None,No,No,0,Primavera,Tuesday,4,2025,10,None
2025-04-02,0,0,0,0,0.0,0.0,0.0,0.0,0.0,0.0,0.0,0.0,0.0,0.0,0,0,0,0,0,0,0,0,0,36,36,0,0,0,0,0,0,Closed,None,No,No,0,Primavera,Wednesday,4,2025,10,None
2025-04-03,0,0,0,0,0.0,0.0,0.0,0.0,0.0,0.0,0.0,0.0,0.0,0.0,0,0,0,0,0,0,0,0,0,36,36,0,0,0,0,0,0,Closed,None,No,No,0,Primavera,Thursday,4,2025,10,None
2025-04-04,0,0,0,0,0.0,0.0,0.0,0.0,0.0,0.0,0.0,0.0,0.0,0.0,0,0,0,0,0,0,0,0,0,36,36,0,0,0,0,0,0,Closed,None,No,No,0,Primavera,Friday,4,2025,10,None
2025-04-05,1,9,9,2,0.2222,67.48,67.48,32.15,33.74,35.6,4.46,0.5,20.7,18.47,0,0,0,0,0,0,0,1,1,36,36,0,0,1,0,4,0,Direct,Direct,No,No,0,Primavera,Saturday,4,2025,10,Low
2025-04-06,1,13,13,3,0.2308,126.8,126.8,39.78,42.27,35.6,6.99,2.33,34.6,19.4,1,1,2,0,0,0,1,2,7,36,36,0,0,1,0,3,1,Direct,Direct,No,No,0,Primavera,Sunday,4,2025,10,Low
2025-04-07,0,0,0,0,0.0,0.0,0.0,0.0,0.0,0.0,0.0,0.0,0.0,0.0,0,0,0,0,0,0,0,0,0,36,36,0,0,0,0,0,0,Closed,None,No,No,0,Primavera,Monday,4,2025,10,None
2025-04-08,0,0,0,0,0.0,0.0,0.0,0.0,0.0,0.0,0.0,0.0,0.0,0.0,0,0,0,0,0,0,0,0,0,36,36,0,0,0,0,0,0,Closed,None,No,No,0,Primavera,Tuesday,4,2025,10,None
2025-04-09,1,12,12,2,0.1667,80.18,80.18,37.75,40.09,35.1,6.69,1.0,19.1,19.64,0,0,0,1,1,0,0,0,2,35,35,0,0,1,0,2,2,Direct,Direct,No,No,0,Primavera,Wednesday,4,2025,10,Low
2025-04-10,1,6,6,3,0.5,112.52,112.52,36.0,37.51,20.8,7.23,0.67,25.9,15.38,1,0,0,0,0,1,0,0,2,35,35,0,0,1,0,3,0,Passerby,Walk_in,No,No,0,Primavera,Thursday,4,2025,10,Low
2025-04-11,0,0,0,0,0.0,0.0,0.0,0.0,0.0,0.0,0.0,0.0,0.0,0.0,0,0,0,0,0,0,0,0,0,35,35,0,0,0,0,0,0,Closed,None,No,Yes,1,Primavera,Friday,4,2025,10,None
2025-04-12,1,16,16,6,0.375,217.17,217.17,32.66,36.19,40.6,8.71,1.5,21.4,15.0,1,1,4,1,2,0,0,0,9,33,33,0,0,2,0,6,5,Event_local,Offline_event,Yes,Yes,1,Primavera,Saturday,4,2025,10,Low
2025-04-13,1,15,15,2,0.1333,92.54,92.54,42.88,46.27,44.7,7.57,1.0,29.4,17.69,1,0,0,0,1,0,0,0,2,32,32,0,0,1,0,3,1,Rural_lodging,Partner_referral,Yes,Yes,1,Primavera,Sunday,4,2025,11,Low
2025-04-14,1,16,16,4,0.25,165.23,165.23,38.89,41.31,32.8,7.36,0.5,24.5,13.03,1,0,1,0,0,0,0,0,2,32,32,0,0,2,0,1,1,Event_local,Offline_event,No,No,0,Primavera,Monday,4,2025,10,Low
2025-04-15,0,0,0,0,0.0,0.0,0.0,0.0,0.0,0.0,0.0,0.0,0.0,0.0,0,0,0,0,0,0,0,0,0,32,32,0,0,0,0,0,0,Closed,None,No,No,0,Primavera,Tuesday,4,2025,11,None
2025-04-16,0,0,0,0,0.0,0.0,0.0,0.0,0.0,0.0,0.0,0.0,0.0,0.0,0,0,0,0,0,0,0,0,0,32,32,0,0,0,0,0,0,Closed,None,No,No,0,Primavera,Wednesday,4,2025,10,None
2025-04-17,0,0,0,0,0.0,0.0,0.0,0.0,0.0,0.0,0.0,0.0,0.0,0.0,0,0,0,0,0,0,0,0,0,32,32,0,0,0,0,0,0,Closed,None,No,No,0,Primavera,Thursday,4,2025,10,None
2025-04-18,0,0,0,0,0.0,0.0,0.0,0.0,0.0,0.0,0.0,0.0,0.0,0.0,0,0,0,0,0,0,0,0,0,32,32,0,0,0,0,0,0,Closed,None,No,Yes,1,Primavera,Friday,4,2025,10,None
2025-04-19,1,16,16,4,0.25,136.99,136.99,30.6,34.25,41.7,8.76,1.0,26.7,19.96,0,1,0,0,0,0,1,2,4,32,32,1,1,2,1,6,0,Event_local,Offline_event,Yes,Yes,1,Primavera,Saturday,4,2025,11,Low
2025-04-20,1,25,25,11,0.44,480.02,480.02,39.63,43.64,43.7,9.18,0.64,29.5,16.25,1,2,2,0,0,1,1,0,7,32,32,0,0,5,0,7,3,Direct,Direct,Yes,Yes,1,Primavera,Sunday,4,2025,10,Medium
2025-04-21,0,0,0,0,0.0,0.0,0.0,0.0,0.0,0.0,0.0,0.0,0.0,0.0,0,0,0,0,0,0,0,0,0,32,32,0,0,0,0,0,0,Closed,None,No,No,0,Primavera,Monday,4,2025,10,None
2025-04-22,0,0,0,0,0.0,0.0,0.0,0.0,0.0,0.0,0.0,0.0,0.0,0.0,0,0,0,0,0,0,0,0,0,32,32,0,0,0,0,0,0,Closed,None,No,No,0,Primavera,Tuesday,4,2025,10,None
2025-04-23,0,0,0,0,0.0,0.0,0.0,0.0,0.0,0.0,0.0,0.0,0.0,0.0,0,0,0,0,0,0,0,0,0,32,32,0,0,0,0,0,0,Closed,None,No,No,0,Primavera,Wednesday,4,2025,10,None
2025-04-24,0,0,0,0,0.0,0.0,0.0,0.0,0.0,0.0,0.0,0.0,0.0,0.0,0,0,0,0,0,0,0,0,0,32,32,0,0,0,0,0,0,Closed,None,No,No,0,Primavera,Thursday,4,2025,11,None
2025-04-25,0,0,0,0,0.0,0.0,0.0,0.0,0.0,0.0,0.0,0.0,0.0,0.0,0,0,0,0,0,0,0,0,0,32,32,0,0,0,0,0,0,Closed,None,No,Yes,1,Primavera,Friday,4,2025,10,None
2025-04-26,1,13,13,6,0.4615,236.54,236.54,37.57,39.42,44.4,4.18,0.5,21.8,13.02,1,1,0,0,0,0,0,1,3,32,32,0,0,2,0,5,2,Passerby,Walk_in,No,No,0,Primavera,Saturday,4,2025,10,Low
2025-04-27,1,21,21,5,0.2381,210.37,210.37,39.75,42.07,37.1,6.26,0.8,22.6,15.21,1,1,0,0,0,0,1,1,4,32,32,0,0,1,0,5,1,Rural_lodging,Partner_referral,Yes,No,0,Primavera,Sunday,4,2025,10,Low
2025-04-28,0,0,0,0,0.0,0.0,0.0,0.0,0.0,0.0,0.0,0.0,0.0,0.0,0,0,0,0,0,0,0,0,0,32,32,0,0,0,0,0,0,Closed,None,No,No,0,Primavera,Monday,4,2025,10,None
2025-04-29,0,0,0,0,0.0,0.0,0.0,0.0,0.0,0.0,0.0,0.0,0.0,0.0,0,0,0,0,0,0,0,0,0,32,32,0,0,0,0,0,0,Closed,None,No,No,0,Primavera,Tuesday,4,2025,10,None
2025-04-30,0,0,0,0,0.0,0.0,0.0,0.0,0.0,0.0,0.0,0.0,0.0,0.0,0,0,0,0,0,0,0,0,0,32,32,0,0,0,0,0,0,Closed,None,No,No,0,Primavera,Wednesday,4,2025,10,None
2025-05-01,0,0,0,0,0.0,0.0,0.0,0.0,0.0,0.0,0.0,0.0,0.0,0.0,0,0,0,0,0,0,0,0,0,32,32,0,0,0,0,0,0,Closed,None,No,Yes,1,Primavera,Thursday,5,2025,11,None
2025-05-02,0,0,0,0,0.0,0.0,0.0,0.0,0.0,0.0,0.0,0.0,0.0,0.0,0,0,0,0,0,0,0,0,0,32,32,0,0,0,0,0,0,Closed,None,No,Yes,1,Primavera,Friday,5,2025,10,None
2025-05-03,1,18,18,7,0.3889,288.29,288.29,38.69,41.18,39.1,6.38,0.86,16.0,15.66,2,1,1,0,1,0,0,1,6,31,31,1,1,2,1,8,2,Rural_lodging,Partner_referral,Yes,Yes,1,Primavera,Saturday,5,2025,11,Low
2025-05-04,1,19,19,9,0.4737,413.31,413.31,44.38,45.92,61.6,2.5,1.11,23.4,14.06,1,0,3,2,2,1,0,1,10,29,29,0,0,3,0,4,0,Event_local,Offline_event,Yes,Yes,1,Primavera,Sunday,5,2025,11,Low
2025-05-05,0,0,0,0,0.0,0.0,0.0,0.0,0.0,0.0,0.0,0.0,0.0,0.0,0,0,0,0,0,0,0,0,0,29,29,0,0,0,0,0,0,Closed,None,No,No,0,Primavera,Monday,5,2025,11,None
2025-05-06,0,0,0,0,0.0,0.0,0.0,0.0,0.0,0.0,0.0,0.0,0.0,0.0,0,0,0,0,0,0,0,0,0,29,29,0,0,0,0,0,0,Closed,None,No,No,0,Primavera,Tuesday,5,2025,11,None
2025-05-07,0,0,0,0,0.0,0.0,0.0,0.0,0.0,0.0,0.0,0.0,0.0,0.0,0,0,0,0,0,0,0,0,0,29,29,0,0,0,0,0,0,Closed,None,No,No,0,Primavera,Wednesday,5,2025,11,None
2025-05-08,0,0,0,0,0.0,0.0,0.0,0.0,0.0,0.0,0.0,0.0,0.0,0.0,0,0,0,0,0,0,0,0,0,29,29,0,0,0,0,0,0,Closed,None,No,No,0,Primavera,Thursday,5,2025,10,None
2025-05-09,0,0,0,0,0.0,0.0,0.0,0.0,0.0,0.0,0.0,0.0,0.0,0.0,0,0,0,0,0,0,0,0,0,29,29,0,0,0,0,0,0,Closed,None,No,No,0,Primavera,Friday,5,2025,11,None
2025-05-10,1,15,15,3,0.2,101.2,101.2,31.94,33.73,35.0,5.12,0.67,21.9,17.1,0,0,0,0,0,2,0,0,2,29,29,0,0,1,0,2,0,Rural_lodging,Partner_referral,No,No,0,Primavera,Saturday,5,2025,11,Low
2025-05-11,1,23,23,9,0.3913,311.78,311.78,30.71,34.64,46.8,8.42,1.11,34.7,17.52,2,2,2,1,0,2,0,1,10,29,29,1,1,4,1,11,1,Direct,Direct,Yes,No,0,Primavera,Sunday,5,2025,11,Low
2025-05-12,0,0,0,0,0.0,0.0,0.0,0.0,0.0,0.0,0.0,0.0,0.0,0.0,0,0,0,0,0,0,0,0,0,29,29,0,0,0,0,0,0,Closed,None,No,No,0,Primavera,Monday,5,2025,11,None
2025-05-13,0,0,0,0,0.0,0.0,0.0,0.0,0.0,0.0,0.0,0.0,0.0,0.0,0,0,0,0,0,0,0,0,0,29,29,0,0,0,0,0,0,Closed,None,No,No,0,Primavera,Tuesday,5,2025,11,None
2025-05-14,0,0,0,0,0.0,0.0,0.0,0.0,0.0,0.0,0.0,0.0,0.0,0.0,0,0,0,0,0,0,0,0,0,29,29,0,0,0,0,0,0,Closed,None,No,No,0,Primavera,Wednesday,5,2025,11,None
2025-05-15,1,11,11,4,0.3636,146.46,146.46,34.58,36.62,25.7,7.95,0.75,19.4,15.31,1,0,0,0,1,0,0,1,3,28,28,0,0,1,0,1,0,Passerby,Walk_in,No,No,0,Primavera,Thursday,5,2025,11,Low
2025-05-16,0,0,0,0,0.0,0.0,0.0,0.0,0.0,0.0,0.0,0.0,0.0,0.0,0,0,0,0,0,0,0,0,0,28,28,0,0,0,0,0,0,Closed,None,No,No,0,Primavera,Friday,5,2025,11,None
2025-05-17,1,11,11,3,0.2727,113.83,113.83,35.07,37.94,39.9,7.21,1.0,21.3,17.68,2,1,0,0,0,0,0,0,3,28,28,0,0,1,0,4,2,Direct,Direct,No,No,0,Primavera,Saturday,5,2025,11,Low
2025-05-18,1,19,19,8,0.4211,323.69,323.69,38.72,40.46,25.9,6.72,0.75,24.1,16.2,0,1,1,1,0,0,0,3,6,28,28,0,0,4,0,8,0,Rural_lodging,Partner_referral,No,No,0,Primavera,Sunday,5,2025,11,Low
2025-05-19,0,0,0,0,0.0,0.0,0.0,0.0,0.0,0.0,0.0,0.0,0.0,0.0,0,0,0,0,0,0,0,0,0,28,28,0,0,0,0,0,0,Closed,None,No,No,0,Primavera,Monday,5,2025,12,None
2025-05-20,0,0,0,0,0.0,0.0,0.0,0.0,0.0,0.0,0.0,0.0,0.0,0.0,0,0,0,0,0,0,0,0,0,28,28,0,0,0,0,0,0,Closed,None,No,No,0,Primavera,Tuesday,5,2025,11,None
2025-05-21,0,0,0,0,0.0,0.0,0.0,0.0,0.0,0.0,0.0,0.0,0.0,0.0,0,0,0,0,0,0,0,0,0,28,28,0,0,0,0,0,0,Closed,None,No,No,0,Primavera,Wednesday,5,2025,11,None
2025-05-22,0,0,0,0,0.0,0.0,0.0,0.0,0.0,0.0,0.0,0.0,0.0,0.0,0,0,0,0,0,0,0,0,0,28,28,0,0,0,0,0,0,Closed,None,No,No,0,Primavera,Thursday,5,2025,11,None
2025-05-23,0,0,0,0,0.0,0.0,0.0,0.0,0.0,0.0,0.0,0.0,0.0,0.0,0,0,0,0,0,0,0,0,0,28,28,0,0,0,0,0,0,Closed,None,No,No,0,Primavera,Friday,5,2025,11,None
2025-05-24,1,12,12,3,0.25,101.88,101.88,31.26,33.96,48.1,5.62,0.33,21.1,15.5,0,1,0,0,0,0,0,0,1,28,28,0,0,1,0,6,1,Direct,Direct,Yes,No,0,Primavera,Saturday,5,2025,11,Low
2025-05-25,1,11,11,3,0.2727,97.87,97.87,30.39,32.62,26.5,8.44,1.0,19.6,16.43,2,0,1,0,0,0,0,0,3,28,28,0,0,1,0,2,0,Event_local,Offline_event,No,No,0,Primavera,Sunday,5,2025,11,Low
2025-05-26,0,0,0,0,0.0,0.0,0.0,0.0,0.0,0.0,0.0,0.0,0.0,0.0,0,0,0,0,0,0,0,0,0,28,28,0,0,0,0,0,0,Closed,None,No,No,0,Primavera,Monday,5,2025,11,None
2025-05-27,0,0,0,0,0.0,0.0,0.0,0.0,0.0,0.0,0.0,0.0,0.0,0.0,0,0,0,0,0,0,0,0,0,28,28,0,0,0,0,0,0,Closed,None,No,No,0,Primavera,Tuesday,5,2025,11,None
2025-05-28,0,0,0,0,0.0,0.0,0.0,0.0,0.0,0.0,0.0,0.0,0.0,0.0,0,0,0,0,0,0,0,0,0,28,28,0,0,0,0,0,0,Closed,None,No,No,0,Primavera,Wednesday,5,2025,11,None
2025-05-29,0,0,0,0,0.0,0.0,0.0,0.0,0.0,0.0,0.0,0.0,0.0,0.0,0,0,0,0,0,0,0,0,0,28,28,0,0,0,0,0,0,Closed,None,No,No,0,Primavera,Thursday,5,2025,11,None
2025-05-30,0,0,0,0,0.0,0.0,0.0,0.0,0.0,0.0,0.0,0.0,0.0,0.0,0,0,0,0,0,0,0,0,0,28,28,0,0,0,0,0,0,Closed,None,No,No,0,Primavera,Friday,5,2025,11,None
2025-05-31,1,21,21,6,0.2857,213.21,213.21,33.58,35.54,33.5,5.84,1.17,19.0,11.45,1,0,2,1,0,0,1,2,7,28,28,0,0,3,0,4,1,Rural_lodging,Partner_referral,No,No,0,Primavera,Saturday,5,2025,11,Low
2025-06-01,1,24,24,7,0.2917,297.12,297.12,39.3,42.45,36.7,8.57,1.29,17.0,14.92,3,3,0,0,0,0,0,3,9,28,28,0,0,3,0,7,2,Direct,Direct,No,No,0,Verano,Sunday,6,2025,12,Low
2025-06-02,0,0,0,0,0.0,0.0,0.0,0.0,0.0,0.0,0.0,0.0,0.0,0.0,0,0,0,0,0,0,0,0,0,28,28,0,0,0,0,0,0,Closed,None,No,No,0,Verano,Monday,6,2025,11,None
2025-06-03,0,0,0,0,0.0,0.0,0.0,0.0,0.0,0.0,0.0,0.0,0.0,0.0,0,0,0,0,0,0,0,0,0,28,28,0,0,0,0,0,0,Closed,None,No,No,0,Verano,Tuesday,6,2025,11,None
2025-06-04,0,0,0,0,0.0,0.0,0.0,0.0,0.0,0.0,0.0,0.0,0.0,0.0,0,0,0,0,0,0,0,0,0,28,28,0,0,0,0,0,0,Closed,None,No,No,0,Verano,Wednesday,6,2025,11,None
2025-06-05,0,0,0,0,0.0,0.0,0.0,0.0,0.0,0.0,0.0,0.0,0.0,0.0,0,0,0,0,0,0,0,0,0,28,28,0,0,0,0,0,0,Closed,None,No,No,0,Verano,Thursday,6,2025,11,None
2025-06-06,1,15,15,2,0.1333,72.19,72.19,34.1,36.09,31.9,6.27,2.5,20.0,18.46,2,1,0,0,0,0,0,2,5,28,28,0,0,1,0,4,1,Direct,Direct,No,No,0,Verano,Friday,6,2025,11,Low
2025-06-07,1,21,21,6,0.2857,267.24,267.24,42.56,44.54,31.6,6.25,0.5,27.4,16.95,0,0,0,1,1,0,0,1,3,27,27,1,0,2,0,5,2,Direct,Direct,No,No,0,Verano,Saturday,6,2025,11,Low
2025-06-08,1,26,26,9,0.3462,333.86,333.86,34.22,37.1,35.4,8.13,0.44,10.3,16.68,0,2,0,2,0,0,0,0,4,27,27,1,1,4,1,10,4,Rural_lodging,Partner_referral,No,No,0,Verano,Sunday,6,2025,11,Low
2025-06-09,0,0,0,0,0.0,0.0,0.0,0.0,0.0,0.0,0.0,0.0,0.0,0.0,0,0,0,0,0,0,0,0,0,27,27,0,0,0,0,0,0,Closed,None,No,No,0,Verano,Monday,6,2025,11,None
2025-06-10,0,0,0,0,0.0,0.0,0.0,0.0,0.0,0.0,0.0,0.0,0.0,0.0,0,0,0,0,0,0,0,0,0,27,27,0,0,0,0,0,0,Closed,None,No,No,0,Verano,Tuesday,6,2025,11,None
2025-06-11,0,0,0,0,0.0,0.0,0.0,0.0,0.0,0.0,0.0,0.0,0.0,0.0,0,0,0,0,0,0,0,0,0,27,27,0,0,0,0,0,0,Closed,None,No,No,0,Verano,Wednesday,6,2025,12,None
2025-06-12,0,0,0,0,0.0,0.0,0.0,0.0,0.0,0.0,0.0,0.0,0.0,0.0,0,0,0,0,0,0,0,0,0,27,27,0,0,0,0,0,0,Closed,None,No,No,0,Verano,Thursday,6,2025,11,None
2025-06-13,1,23,23,5,0.2174,177.7,177.7,32.06,35.54,42.9,8.1,1.0,25.1,12.51,0,2,0,1,0,0,0,2,5,27,27,0,0,2,0,6,1,Event_local,Offline_event,No,No,0,Verano,Friday,6,2025,11,Low
2025-06-14,1,16,16,11,0.6875,357.4,357.4,30.67,32.49,41.7,4.36,0.91,29.5,15.08,4,1,0,1,1,1,1,1,10,26,26,1,1,5,1,4,1,Event_local,Offline_event,No,No,0,Verano,Saturday,6,2025,12,Low
2025-06-15,1,14,14,7,0.5,298.13,298.13,40.35,42.59,38.6,5.81,1.0,27.7,15.65,0,1,3,0,1,0,1,1,7,25,25,0,0,3,0,2,2,Passerby,Walk_in,No,No,0,Verano,Sunday,6,2025,11,Low
2025-06-16,0,0,0,0,0.0,0.0,0.0,0.0,0.0,0.0,0.0,0.0,0.0,0.0,0,0,0,0,0,0,0,0,0,25,25,0,0,0,0,0,0,Closed,None,No,No,0,Verano,Monday,6,2025,12,None
2025-06-17,0,0,0,0,0.0,0.0,0.0,0.0,0.0,0.0,0.0,0.0,0.0,0.0,0,0,0,0,0,0,0,0,0,25,25,0,0,0,0,0,0,Closed,None,No,No,0,Verano,Tuesday,6,2025,11,None
2025-06-18,1,18,18,4,0.2222,152.97,152.97,36.12,38.24,38.7,5.49,1.25,15.1,12.37,1,0,2,0,1,0,0,1,5,24,24,1,0,1,0,3,1,Direct,Direct,Yes,No,0,Verano,Wednesday,6,2025,12,Low
2025-06-19,0,0,0,0,0.0,0.0,0.0,0.0,0.0,0.0,0.0,0.0,0.0,0.0,0,0,0,0,0,0,0,0,0,24,24,0,0,0,0,0,0,Closed,None,No,No,0,Verano,Thursday,6,2025,12,None
2025-06-20,0,0,0,0,0.0,0.0,0.0,0.0,0.0,0.0,0.0,0.0,0.0,0.0,0,0,0,0,0,0,0,0,0,24,24,0,0,0,0,0,0,Closed,None,No,No,0,Verano,Friday,6,2025,12,None
2025-06-21,1,16,16,5,0.3125,198.22,198.22,37.13,39.64,31.5,7.97,1.0,29.4,14.5,2,0,0,0,3,0,0,0,5,21,21,0,0,2,0,5,1,Passerby,Walk_in,Yes,No,0,Verano,Saturday,6,2025,12,Low
2025-06-22,1,17,17,9,0.5294,345.94,345.94,37.11,38.44,26.9,4.94,0.56,37.0,14.99,1,0,2,0,1,0,1,0,5,20,20,0,0,3,0,5,0,Passerby,Walk_in,No,No,0,Verano,Sunday,6,2025,12,Low
2025-06-23,0,0,0,0,0.0,0.0,0.0,0.0,0.0,0.0,0.0,0.0,0.0,0.0,0,0,0,0,0,0,0,0,0,20,20,0,0,0,0,0,0,Closed,None,No,No,0,Verano,Monday,6,2025,11,None
2025-06-24,0,0,0,0,0.0,0.0,0.0,0.0,0.0,0.0,0.0,0.0,0.0,0.0,0,0,0,0,0,0,0,0,0,20,20,0,0,0,0,0,0,Closed,None,No,No,0,Verano,Tuesday,6,2025,11,None
2025-06-25,0,0,0,0,0.0,0.0,0.0,0.0,0.0,0.0,0.0,0.0,0.0,0.0,0,0,0,0,0,0,0,0,0,20,20,0,0,0,0,0,0,Closed,None,No,No,0,Verano,Wednesday,6,2025,11,None
2025-06-26,0,0,0,0,0.0,0.0,0.0,0.0,0.0,0.0,0.0,0.0,0.0,0.0,0,0,0,0,0,0,0,0,0,20,20,0,0,0,0,0,0,Closed,None,No,No,0,Verano,Thursday,6,2025,11,None
2025-06-27,1,19,19,7,0.3684,303.96,303.96,41.2,43.42,35.2,6.32,1.29,21.1,15.47,1,1,3,0,1,1,0,2,9,19,19,0,0,4,0,5,1,Rural_lodging,Partner_referral,No,No,0,Verano,Friday,6,2025,12,Low
2025-06-28,1,22,22,5,0.2273,157.16,157.16,29.0,31.43,45.3,5.37,1.2,27.2,16.74,1,1,0,1,0,2,0,1,6,19,19,1,1,2,1,5,0,Direct,Direct,No,No,0,Verano,Saturday,6,2025,11,Low
2025-06-29,1,17,17,8,0.4706,259.92,259.92,31.77,32.49,20.0,3.58,0.75,22.5,15.36,0,3,1,0,0,0,2,0,6,19,19,1,0,3,0,4,0,Direct,Direct,No,No,0,Verano,Sunday,6,2025,12,Low
2025-06-30,0,0,0,0,0.0,0.0,0.0,0.0,0.0,0.0,0.0,0.0,0.0,0.0,0,0,0,0,0,0,0,0,0,19,19,0,0,0,0,0,0,Closed,None,No,No,0,Verano,Monday,6,2025,11,None
2025-07-01,0,0,0,0,0.0,0.0,0.0,0.0,0.0,0.0,0.0,0.0,0.0,0.0,0,0,0,0,0,0,0,0,0,19,19,0,0,0,0,0,0,Closed,None,No,No,0,Verano,Tuesday,7,2025,11,None
2025-07-02,0,0,0,0,0.0,0.0,0.0,0.0,0.0,0.0,0.0,0.0,0.0,0.0,0,0,0,0,0,0,0,0,0,19,19,0,0,0,0,0,0,Closed,None,No,No,0,Verano,Wednesday,7,2025,11,None
2025-07-03,0,0,0,0,0.0,0.0,0.0,0.0,0.0,0.0,0.0,0.0,0.0,0.0,0,0,0,0,0,0,0,0,0,19,19,0,0,0,0,0,0,Closed,None,No,No,0,Verano,Thursday,7,2025,12,None
2025-07-04,1,8,8,4,0.5,130.17,130.17,30.44,32.54,38.9,5.4,0.5,23.0,17.6,0,1,1,0,0,0,0,0,2,19,19,0,0,1,0,3,1,Direct,Direct,No,No,0,Verano,Friday,7,2025,11,Low
2025-07-05,1,12,12,5,0.4167,196.97,196.97,38.17,39.39,22.6,5.41,0.4,26.0,18.44,1,0,0,0,0,0,0,1,2,19,19,1,0,2,0,5,0,Passerby,Walk_in,No,No,0,Verano,Saturday,7,2025,12,Low
2025-07-06,1,14,14,3,0.2143,107.88,107.88,35.06,35.96,35.9,2.5,1.67,21.6,16.18,0,0,0,0,0,4,0,1,5,19,19,0,0,1,0,4,0,Passerby,Walk_in,No,No,0,Verano,Sunday,7,2025,12,Low
2025-07-07,0,0,0,0,0.0,0.0,0.0,0.0,0.0,0.0,0.0,0.0,0.0,0.0,0,0,0,0,0,0,0,0,0,19,19,0,0,0,0,0,0,Closed,None,No,No,0,Verano,Monday,7,2025,11,None
2025-07-08,1,20,20,3,0.15,115.54,115.54,36.05,38.51,42.7,5.76,0.33,28.7,15.16,0,0,0,0,0,0,0,1,1,19,19,1,0,1,0,5,0,Direct,Direct,No,No,0,Verano,Tuesday,7,2025,11,Low
2025-07-09,1,15,15,5,0.3333,178.43,178.43,34.11,35.69,31.8,4.94,1.0,15.6,18.69,1,1,0,0,0,0,0,3,5,19,19,1,0,2,0,3,2,Direct,Direct,No,No,0,Verano,Wednesday,7,2025,12,Low
2025-07-10,0,0,0,0,0.0,0.0,0.0,0.0,0.0,0.0,0.0,0.0,0.0,0.0,0,0,0,0,0,0,0,0,0,19,19,0,0,0,0,0,0,Closed,None,No,No,0,Verano,Thursday,7,2025,12,None
2025-07-11,1,18,18,5,0.2778,188.87,188.87,34.83,37.77,41.2,7.16,1.0,32.1,15.46,2,0,0,1,1,0,0,1,5,18,18,0,0,2,0,4,3,Direct,Direct,Yes,No,0,Verano,Friday,7,2025,11,Low
2025-07-12,1,15,15,3,0.2,118.28,118.28,38.11,39.43,33.7,3.9,0.0,35.1,15.47,0,0,0,0,0,0,0,0,0,18,18,1,0,1,0,2,0,Direct,Direct,No,No,0,Verano,Saturday,7,2025,12,Low
2025-07-13,1,17,17,9,0.5294,276.16,276.16,29.04,30.68,31.9,5.13,1.11,29.8,15.41,1,1,1,2,1,2,0,2,10,17,17,0,0,4,0,4,1,Rural_lodging,Partner_referral,No,No,0,Verano,Sunday,7,2025,12,Low
2025-07-14,0,0,0,0,0.0,0.0,0.0,0.0,0.0,0.0,0.0,0.0,0.0,0.0,0,0,0,0,0,0,0,0,0,17,17,0,0,0,0,0,0,Closed,None,No,No,0,Verano,Monday,7,2025,12,None
2025-07-15,0,0,0,0,0.0,0.0,0.0,0.0,0.0,0.0,0.0,0.0,0.0,0.0,0,0,0,0,0,0,0,0,0,17,17,0,0,0,0,0,0,Closed,None,No,No,0,Verano,Tuesday,7,2025,11,None
2025-07-16,0,0,0,0,0.0,0.0,0.0,0.0,0.0,0.0,0.0,0.0,0.0,0.0,0,0,0,0,0,0,0,0,0,17,17,0,0,0,0,0,0,Closed,None,No,No,0,Verano,Wednesday,7,2025,12,None
2025-07-17,1,13,13,5,0.3846,173.4,173.4,33.38,34.68,35.2,3.69,0.2,22.8,14.25,1,0,0,0,0,0,0,0,1,17,17,2,1,2,1,1,0,Direct,Direct,No,No,0,Verano,Thursday,7,2025,12,Low
2025-07-18,1,12,12,4,0.3333,142.28,142.28,34.72,35.57,15.6,5.46,1.5,24.5,14.68,1,1,0,0,0,1,1,2,6,17,17,0,0,1,0,5,2,Direct,Direct,No,No,0,Verano,Friday,7,2025,11,Low
2025-07-19,1,26,26,7,0.2692,241.78,241.78,32.17,34.54,27.2,8.71,0.71,18.1,17.66,1,1,1,0,0,1,0,1,5,17,17,0,0,2,0,8,2,Rural_lodging,Partner_referral,No,No,0,Verano,Saturday,7,2025,12,Low
2025-07-20,1,17,17,5,0.2941,186.62,186.62,35.97,37.32,27.4,4.96,0.8,26.9,18.33,0,0,1,0,0,1,0,2,4,17,17,0,0,2,0,5,0,Direct,Direct,No,No,0,Verano,Sunday,7,2025,11,Low
2025-07-21,0,0,0,0,0.0,0.0,0.0,0.0,0.0,0.0,0.0,0.0,0.0,0.0,0,0,0,0,0,0,0,0,0,17,17,0,0,0,0,0,0,Closed,None,No,No,0,Verano,Monday,7,2025,11,None
2025-07-22,0,0,0,0,0.0,0.0,0.0,0.0,0.0,0.0,0.0,0.0,0.0,0.0,0,0,0,0,0,0,0,0,0,17,17,0,0,0,0,0,0,Closed,None,No,No,0,Verano,Tuesday,7,2025,11,None
2025-07-23,0,0,0,0,0.0,0.0,0.0,0.0,0.0,0.0,0.0,0.0,0.0,0.0,0,0,0,0,0,0,0,0,0,17,17,0,0,0,0,0,0,Closed,None,No,No,0,Verano,Wednesday,7,2025,11,None
2025-07-24,0,0,0,0,0.0,0.0,0.0,0.0,0.0,0.0,0.0,0.0,0.0,0.0,0,0,0,0,0,0,0,0,0,17,17,0,0,0,0,0,0,Closed,None,No,No,0,Verano,Thursday,7,2025,11,None
2025-07-25,0,0,0,0,0.0,0.0,0.0,0.0,0.0,0.0,0.0,0.0,0.0,0.0,0,0,0,0,0,0,0,0,0,17,17,0,0,0,0,0,0,Closed,None,No,No,0,Verano,Friday,7,2025,11,None
2025-07-26,1,27,27,4,0.1481,142.07,142.07,32.46,35.52,39.5,7.75,2.0,23.1,12.75,0,1,1,0,0,1,0,5,8,17,17,1,0,2,0,7,2,Rural_lodging,Partner_referral,No,No,0,Verano,Saturday,7,2025,12,Low
2025-07-27,1,19,19,7,0.3684,274.08,274.08,37.43,39.15,44.5,3.86,0.86,16.1,18.01,1,0,1,0,1,0,1,2,6,16,16,2,2,4,2,7,1,Direct,Direct,No,No,0,Verano,Sunday,7,2025,12,Low
2025-07-28,0,0,0,0,0.0,0.0,0.0,0.0,0.0,0.0,0.0,0.0,0.0,0.0,0,0,0,0,0,0,0,0,0,16,16,0,0,0,0,0,0,Closed,None,No,No,0,Verano,Monday,7,2025,12,None
2025-07-29,0,0,0,0,0.0,0.0,0.0,0.0,0.0,0.0,0.0,0.0,0.0,0.0,0,0,0,0,0,0,0,0,0,16,16,0,0,0,0,0,0,Closed,None,No,No,0,Verano,Tuesday,7,2025,11,None
2025-07-30,0,0,0,0,0.0,0.0,0.0,0.0,0.0,0.0,0.0,0.0,0.0,0.0,0,0,0,0,0,0,0,0,0,16,16,0,0,0,0,0,0,Closed,None,No,No,0,Verano,Wednesday,7,2025,11,None
2025-07-31,0,0,0,0,0.0,0.0,0.0,0.0,0.0,0.0,0.0,0.0,0.0,0.0,0,0,0,0,0,0,0,0,0,16,16,0,0,0,0,0,0,Closed,None,No,No,0,Verano,Thursday,7,2025,11,None
2025-08-01,1,11,11,2,0.1818,80.38,80.38,37.99,40.19,31.7,6.93,2.0,19.1,17.02,1,0,0,2,0,0,0,1,4,44,44,0,0,1,0,3,0,Rural_lodging,Partner_referral,No,No,0,Verano,Friday,8,2025,12,Low
2025-08-02,1,24,24,7,0.2917,276.26,276.26,38.09,39.47,39.6,3.46,0.71,17.2,11.0,1,0,1,0,1,0,0,2,5,43,43,0,0,2,0,6,1,Direct,Direct,No,No,0,Verano,Saturday,8,2025,11,Low
2025-08-03,1,18,18,6,0.3333,209.78,209.78,32.93,34.96,30.7,6.62,0.17,27.6,17.04,0,0,0,0,0,1,0,0,1,43,43,0,0,3,0,4,0,Direct,Direct,No,No,0,Verano,Sunday,8,2025,11,Low
2025-08-04,0,0,0,0,0.0,0.0,0.0,0.0,0.0,0.0,0.0,0.0,0.0,0.0,0,0,0,0,0,0,0,0,0,43,43,0,0,0,0,0,0,Closed,None,No,No,0,Verano,Monday,8,2025,11,None
2025-08-05,0,0,0,0,0.0,0.0,0.0,0.0,0.0,0.0,0.0,0.0,0.0,0.0,0,0,0,0,0,0,0,0,0,43,43,0,0,0,0,0,0,Closed,None,No,No,0,Verano,Tuesday,8,2025,12,None
2025-08-06,0,0,0,0,0.0,0.0,0.0,0.0,0.0,0.0,0.0,0.0,0.0,0.0,0,0,0,0,0,0,0,0,0,43,43,0,0,0,0,0,0,Closed,None,No,No,0,Verano,Wednesday,8,2025,11,None
2025-08-07,0,0,0,0,0.0,0.0,0.0,0.0,0.0,0.0,0.0,0.0,0.0,0.0,0,0,0,0,0,0,0,0,0,43,43,0,0,0,0,0,0,Closed,None,No,No,0,Verano,Thursday,8,2025,12,None
2025-08-08,1,15,15,3,0.2,113.7,113.7,35.77,37.9,38.7,5.52,1.0,28.0,18.66,0,1,0,0,0,0,1,1,3,43,43,0,0,1,0,1,0,Direct,Direct,No,No,0,Verano,Friday,8,2025,11,Low
2025-08-09,1,20,20,8,0.4,266.85,266.85,30.88,33.36,38.4,6.45,0.62,26.0,17.97,1,0,1,1,1,0,0,1,5,42,42,0,0,4,0,4,0,Direct,Direct,No,No,0,Verano,Saturday,8,2025,12,Low
2025-08-10,1,24,24,7,0.2917,286.96,286.96,38.7,40.99,36.7,6.24,1.14,27.2,16.11,2,0,2,0,2,2,0,0,8,40,40,0,0,3,0,4,1,Rural_lodging,Partner_referral,No,No,0,Verano,Sunday,8,2025,12,Low
2025-08-11,0,0,0,0,0.0,0.0,0.0,0.0,0.0,0.0,0.0,0.0,0.0,0.0,0,0,0,0,0,0,0,0,0,40,40,0,0,0,0,0,0,Closed,None,No,No,0,Verano,Monday,8,2025,12,None
2025-08-12,0,0,0,0,0.0,0.0,0.0,0.0,0.0,0.0,0.0,0.0,0.0,0.0,0,0,0,0,0,0,0,0,0,40,40,0,0,0,0,0,0,Closed,None,No,No,0,Verano,Tuesday,8,2025,12,None
2025-08-13,0,0,0,0,0.0,0.0,0.0,0.0,0.0,0.0,0.0,0.0,0.0,0.0,0,0,0,0,0,0,0,0,0,40,40,0,0,0,0,0,0,Closed,None,No,No,0,Verano,Wednesday,8,2025,12,None
2025-08-14,0,0,0,0,0.0,0.0,0.0,0.0,0.0,0.0,0.0,0.0,0.0,0.0,0,0,0,0,0,0,0,0,0,40,40,0,0,0,0,0,0,Closed,None,No,Yes,1,Verano,Thursday,8,2025,11,None
2025-08-15,1,30,30,14,0.4667,524.71,524.71,32.66,37.48,43.6,11.05,0.79,18.8,15.38,2,2,1,1,0,0,2,3,11,40,40,0,0,4,0,7,0,Event_local,Offline_event,Yes,Yes,1,Verano,Friday,8,2025,12,Medium
2025-08-16,1,23,23,13,0.5652,465.04,465.04,31.46,35.77,47.7,9.05,1.0,9.4,13.85,2,1,3,1,0,1,2,3,13,40,40,0,0,5,0,5,1,Direct,Direct,Yes,Yes,1,Verano,Saturday,8,2025,12,Medium
2025-08-17,1,25,25,11,0.44,452.57,452.57,38.93,41.14,31.7,6.98,0.64,23.8,15.01,0,0,3,1,1,1,1,0,7,39,39,1,0,4,0,9,1,Rural_lodging,Partner_referral,Yes,No,0,Verano,Sunday,8,2025,12,Medium
2025-08-18,0,0,0,0,0.0,0.0,0.0,0.0,0.0,0.0,0.0,0.0,0.0,0.0,0,0,0,0,0,0,0,0,0,39,39,0,0,0,0,0,0,Closed,None,No,No,0,Verano,Monday,8,2025,11,None
2025-08-19,1,17,17,4,0.2353,152.02,152.02,34.82,38.01,49.7,6.42,0.5,14.3,16.34,0,0,1,0,0,0,0,1,2,39,39,0,0,1,0,6,4,Direct,Direct,No,No,0,Verano,Tuesday,8,2025,11,Low
2025-08-20,0,0,0,0,0.0,0.0,0.0,0.0,0.0,0.0,0.0,0.0,0.0,0.0,0,0,0,0,0,0,0,0,0,39,39,0,0,0,0,0,0,Closed,None,No,No,0,Verano,Wednesday,8,2025,12,None
2025-08-21,0,0,0,0,0.0,0.0,0.0,0.0,0.0,0.0,0.0,0.0,0.0,0.0,0,0,0,0,0,0,0,0,0,39,39,0,0,0,0,0,0,Closed,None,No,No,0,Verano,Thursday,8,2025,12,None
2025-08-22,0,0,0,0,0.0,0.0,0.0,0.0,0.0,0.0,0.0,0.0,0.0,0.0,0,0,0,0,0,0,0,0,0,39,39,0,0,0,0,0,0,Closed,None,No,No,0,Verano,Friday,8,2025,12,None
2025-08-23,1,24,24,9,0.375,329.71,329.71,34.97,36.63,39.7,4.19,0.56,16.3,16.32,1,0,0,2,1,0,0,1,5,38,38,1,0,4,0,8,3,Passerby,Walk_in,No,No,0,Verano,Saturday,8,2025,11,Low
2025-08-24,1,15,15,3,0.2,119.49,119.49,36.9,39.83,46.8,6.27,2.0,21.5,15.95,0,2,0,1,1,0,1,1,6,37,37,0,0,1,0,4,1,Passerby,Walk_in,No,No,0,Verano,Sunday,8,2025,12,Low
2025-08-25,0,0,0,0,0.0,0.0,0.0,0.0,0.0,0.0,0.0,0.0,0.0,0.0,0,0,0,0,0,0,0,0,0,37,37,0,0,0,0,0,0,Closed,None,No,No,0,Verano,Monday,8,2025,12,None
2025-08-26,0,0,0,0,0.0,0.0,0.0,0.0,0.0,0.0,0.0,0.0,0.0,0.0,0,0,0,0,0,0,0,0,0,37,37,0,0,0,0,0,0,Closed,None,No,No,0,Verano,Tuesday,8,2025,11,None
2025-08-27,0,0,0,0,0.0,0.0,0.0,0.0,0.0,0.0,0.0,0.0,0.0,0.0,0,0,0,0,0,0,0,0,0,37,37,0,0,0,0,0,0,Closed,None,No,No,0,Verano,Wednesday,8,2025,12,None
2025-08-28,1,15,15,1,0.0667,40.56,40.56,37.99,40.56,38.3,6.73,3.0,22.7,14.75,1,0,0,0,0,1,0,1,3,37,37,0,0,0,0,1,0,Rural_lodging,Partner_referral,No,No,0,Verano,Thursday,8,2025,12,Low
2025-08-29,1,17,17,8,0.4706,316.48,316.48,37.7,39.56,30.9,6.02,1.0,16.2,15.74,2,1,1,1,0,0,1,2,8,37,37,1,0,3,0,4,0,Direct,Direct,No,No,0,Verano,Friday,8,2025,12,Low
2025-08-30,1,15,15,8,0.5333,332.29,332.29,39.45,41.54,41.7,4.99,1.38,20.5,11.86,2,3,2,1,1,0,1,1,11,36,36,1,1,3,1,7,2,Passerby,Walk_in,Yes,No,0,Verano,Saturday,8,2025,11,Low
2025-08-31,1,22,22,7,0.3182,260.3,260.3,33.85,37.19,35.2,9.46,0.86,12.2,15.31,1,1,0,1,0,0,1,2,6,36,36,1,0,2,0,6,0,Direct,Direct,No,No,0,Verano,Sunday,8,2025,12,Low
2025-09-01,0,0,0,0,0.0,0.0,0.0,0.0,0.0,0.0,0.0,0.0,0.0,0.0,0,0,0,0,0,0,0,0,0,36,36,0,0,0,0,0,0,Closed,None,No,No,0,Otoño,Monday,9,2025,12,None
2025-09-02,0,0,0,0,0.0,0.0,0.0,0.0,0.0,0.0,0.0,0.0,0.0,0.0,0,0,0,0,0,0,0,0,0,36,36,0,0,0,0,0,0,Closed,None,No,No,0,Otoño,Tuesday,9,2025,12,None
2025-09-03,0,0,0,0,0.0,0.0,0.0,0.0,0.0,0.0,0.0,0.0,0.0,0.0,0,0,0,0,0,0,0,0,0,36,36,0,0,0,0,0,0,Closed,None,No,No,0,Otoño,Wednesday,9,2025,11,None
2025-09-04,0,0,0,0,0.0,0.0,0.0,0.0,0.0,0.0,0.0,0.0,0.0,0.0,0,0,0,0,0,0,0,0,0,36,36,0,0,0,0,0,0,Closed,None,No,No,0,Otoño,Thursday,9,2025,11,None
2025-09-05,1,15,15,4,0.2667,155.87,155.87,36.98,38.97,37.3,5.33,0.0,25.4,17.89,0,0,0,0,0,0,0,0,0,36,36,0,0,1,0,8,0,Event_local,Offline_event,No,No,0,Otoño,Friday,9,2025,11,Low
2025-09-06,1,18,18,8,0.4444,331.86,331.86,37.98,41.48,41.1,8.51,0.38,28.4,12.84,0,0,1,0,0,0,0,2,3,36,36,0,0,3,0,7,0,Event_local,Offline_event,No,No,0,Otoño,Saturday,9,2025,11,Low
2025-09-07,1,12,12,5,0.4167,197.69,197.69,36.54,39.54,47.0,6.37,0.6,14.2,15.91,1,0,1,0,0,1,0,0,3,36,36,0,0,2,0,3,0,Rural_lodging,Partner_referral,No,No,0,Otoño,Sunday,9,2025,11,Low
2025-09-08,0,0,0,0,0.0,0.0,0.0,0.0,0.0,0.0,0.0,0.0,0.0,0.0,0,0,0,0,0,0,0,0,0,36,36,0,0,0,0,0,0,Closed,None,No,No,0,Otoño,Monday,9,2025,11,None
2025-09-09,0,0,0,0,0.0,0.0,0.0,0.0,0.0,0.0,0.0,0.0,0.0,0.0,0,0,0,0,0,0,0,0,0,36,36,0,0,0,0,0,0,Closed,None,No,No,0,Otoño,Tuesday,9,2025,12,None
2025-09-10,0,0,0,0,0.0,0.0,0.0,0.0,0.0,0.0,0.0,0.0,0.0,0.0,0,0,0,0,0,0,0,0,0,36,36,0,0,0,0,0,0,Closed,None,No,No,0,Otoño,Wednesday,9,2025,12,None
2025-09-11,0,0,0,0,0.0,0.0,0.0,0.0,0.0,0.0,0.0,0.0,0.0,0.0,0,0,0,0,0,0,0,0,0,36,36,0,0,0,0,0,0,Closed,None,No,No,0,Otoño,Thursday,9,2025,12,None
2025-09-12,1,9,9,1,0.1111,35.75,35.75,34.39,35.75,25.6,5.33,1.0,22.1,14.27,0,0,0,0,0,0,0,1,1,36,36,0,0,0,0,2,0,Direct,Direct,No,No,0,Otoño,Friday,9,2025,11,Low
2025-09-13,1,14,14,1,0.0714,37.11,37.11,33.48,37.11,37.6,9.65,2.0,31.3,16.11,0,0,0,0,0,0,0,2,2,36,36,0,0,0,0,3,1,Rural_lodging,Partner_referral,No,No,0,Otoño,Saturday,9,2025,12,Low
2025-09-14,1,16,16,10,0.625,353.3,353.3,33.93,35.33,36.7,3.82,1.1,18.6,15.75,2,3,1,1,2,1,0,1,11,34,34,1,1,4,1,5,1,Direct,Direct,No,No,0,Otoño,Sunday,9,2025,12,Low
2025-09-15,0,0,0,0,0.0,0.0,0.0,0.0,0.0,0.0,0.0,0.0,0.0,0.0,0,0,0,0,0,0,0,0,0,34,34,0,0,0,0,0,0,Closed,None,No,Yes,1,Otoño,Monday,9,2025,11,None
2025-09-16,0,0,0,0,0.0,0.0,0.0,0.0,0.0,0.0,0.0,0.0,0.0,0.0,0,0,0,0,0,0,0,0,0,34,34,0,0,0,0,0,0,Closed,None,No,Yes,1,Otoño,Tuesday,9,2025,11,None
2025-09-17,0,0,0,0,0.0,0.0,0.0,0.0,0.0,0.0,0.0,0.0,0.0,0.0,0,0,0,0,0,0,0,0,0,34,34,0,0,0,0,0,0,Closed,None,No,Yes,1,Otoño,Wednesday,9,2025,12,None
2025-09-18,0,0,0,0,0.0,0.0,0.0,0.0,0.0,0.0,0.0,0.0,0.0,0.0,0,0,0,0,0,0,0,0,0,34,34,0,0,0,0,0,0,Closed,None,No,Yes,1,Otoño,Thursday,9,2025,11,None
2025-09-19,1,25,25,18,0.72,825.74,825.74,43.82,45.87,31.3,6.58,0.94,18.3,19.88,5,5,1,1,0,2,2,1,17,34,34,2,1,7,1,9,2,Direct,Direct,Yes,Yes,1,Otoño,Friday,9,2025,12,Medium
2025-09-20,1,20,20,9,0.45,348.3,348.3,35.9,38.7,39.8,7.02,0.44,32.8,15.56,0,0,0,1,1,0,1,1,4,33,33,0,0,2,0,4,2,Direct,Direct,Yes,Yes,1,Otoño,Saturday,9,2025,11,Low
2025-09-21,1,25,25,3,0.12,108.11,108.11,32.76,36.04,43.8,7.48,0.33,28.2,18.29,1,0,0,0,0,0,0,0,1,33,33,0,0,1,0,11,1,Event_local,Offline_event,Yes,Yes,1,Otoño,Sunday,9,2025,12,Low
2025-09-22,0,0,0,0,0.0,0.0,0.0,0.0,0.0,0.0,0.0,0.0,0.0,0.0,0,0,0,0,0,0,0,0,0,33,33,0,0,0,0,0,0,Closed,None,No,Yes,1,Otoño,Monday,9,2025,11,None
2025-09-23,0,0,0,0,0.0,0.0,0.0,0.0,0.0,0.0,0.0,0.0,0.0,0.0,0,0,0,0,0,0,0,0,0,33,33,0,0,0,0,0,0,Closed,None,No,Yes,1,Otoño,Tuesday,9,2025,11,None
2025-09-24,0,0,0,0,0.0,0.0,0.0,0.0,0.0,0.0,0.0,0.0,0.0,0.0,0,0,0,0,0,0,0,0,0,33,33,0,0,0,0,0,0,Closed,None,No,Yes,1,Otoño,Wednesday,9,2025,12,None
2025-09-25,0,0,0,0,0.0,0.0,0.0,0.0,0.0,0.0,0.0,0.0,0.0,0.0,0,0,0,0,0,0,0,0,0,33,33,0,0,0,0,0,0,Closed,None,No,Yes,1,Otoño,Thursday,9,2025,11,None
2025-09-26,1,15,15,5,0.3333,220.64,220.64,41.62,44.13,42.7,5.87,1.0,31.4,14.33,2,0,0,0,0,0,3,0,5,33,33,0,0,2,0,2,1,Direct,Direct,Yes,Yes,1,Otoño,Friday,9,2025,12,Low
2025-09-27,1,21,21,9,0.4286,305.88,305.88,32.16,33.99,31.6,5.79,0.56,11.2,18.32,1,1,0,1,1,0,0,1,5,32,32,1,0,4,0,5,0,Rural_lodging,Partner_referral,Yes,Yes,1,Otoño,Saturday,9,2025,11,Low
2025-09-28,1,26,26,10,0.3846,380.44,380.44,36.79,38.04,30.0,4.18,0.9,13.6,16.74,1,2,0,0,0,2,2,2,9,32,32,1,1,4,1,8,2,Rural_lodging,Partner_referral,Yes,Yes,1,Otoño,Sunday,9,2025,12,Low
2025-09-29,0,0,0,0,0.0,0.0,0.0,0.0,0.0,0.0,0.0,0.0,0.0,0.0,0,0,0,0,0,0,0,0,0,32,32,0,0,0,0,0,0,Closed,None,No,Yes,1,Otoño,Monday,9,2025,12,None
2025-09-30,0,0,0,0,0.0,0.0,0.0,0.0,0.0,0.0,0.0,0.0,0.0,0.0,0,0,0,0,0,0,0,0,0,32,32,0,0,0,0,0,0,Closed,None,No,Yes,1,Otoño,Tuesday,9,2025,11,None
2025-10-01,0,0,0,0,0.0,0.0,0.0,0.0,0.0,0.0,0.0,0.0,0.0,0.0,0,0,0,0,0,0,0,0,0,32,32,0,0,0,0,0,0,Closed,None,No,Yes,1,Otoño,Wednesday,10,2025,12,None
2025-10-02,0,0,0,0,0.0,0.0,0.0,0.0,0.0,0.0,0.0,0.0,0.0,0.0,0,0,0,0,0,0,0,0,0,32,32,0,0,0,0,0,0,Closed,None,No,Yes,1,Otoño,Thursday,10,2025,11,None
2025-10-03,1,25,25,13,0.52,512.11,512.11,37.19,39.39,32.0,6.89,0.54,15.1,17.0,3,2,1,0,0,0,0,1,7,32,32,1,0,5,0,4,1,Direct,Direct,Yes,Yes,1,Otoño,Friday,10,2025,12,Medium
2025-10-04,1,21,21,11,0.5238,403.31,403.31,33.48,36.66,49.5,6.42,0.55,16.9,18.56,1,2,2,0,0,1,0,0,6,32,32,1,0,4,0,6,2,Passerby,Walk_in,Yes,Yes,1,Otoño,Saturday,10,2025,12,Low
2025-10-05,1,19,19,8,0.4211,326.7,326.7,36.94,40.84,37.6,10.37,1.12,20.5,15.14,2,1,0,1,1,1,1,2,9,31,31,2,0,3,0,8,4,Rural_lodging,Partner_referral,Yes,Yes,1,Otoño,Sunday,10,2025,12,Low
2025-10-06,0,0,0,0,0.0,0.0,0.0,0.0,0.0,0.0,0.0,0.0,0.0,0.0,0,0,0,0,0,0,0,0,0,31,31,0,0,0,0,0,0,Closed,None,No,Yes,1,Otoño,Monday,10,2025,12,None
2025-10-07,0,0,0,0,0.0,0.0,0.0,0.0,0.0,0.0,0.0,0.0,0.0,0.0,0,0,0,0,0,0,0,0,0,31,31,0,0,0,0,0,0,Closed,None,No,Yes,1,Otoño,Tuesday,10,2025,11,None
2025-10-08,0,0,0,0,0.0,0.0,0.0,0.0,0.0,0.0,0.0,0.0,0.0,0.0,0,0,0,0,0,0,0,0,0,31,31,0,0,0,0,0,0,Closed,None,No,Yes,1,Otoño,Wednesday,10,2025,12,None
2025-10-09,0,0,0,0,0.0,0.0,0.0,0.0,0.0,0.0,0.0,0.0,0.0,0.0,0,0,0,0,0,0,0,0,0,31,31,0,0,0,0,0,0,Closed,None,No,Yes,1,Otoño,Thursday,10,2025,12,None
2025-10-10,1,20,20,8,0.4,338.16,338.16,40.61,42.27,30.7,5.41,0.62,22.0,18.73,0,1,0,0,0,0,2,2,5,31,31,1,0,3,0,6,1,Event_local,Offline_event,Yes,Yes,1,Otoño,Friday,10,2025,12,Low
2025-10-11,1,15,15,5,0.3333,180.85,180.85,33.0,36.17,40.3,7.86,1.2,23.5,12.4,0,0,1,0,1,0,0,4,6,30,30,0,0,1,0,3,1,Rural_lodging,Partner_referral,Yes,Yes,1,Otoño,Saturday,10,2025,11,Low
2025-10-12,1,19,19,4,0.2105,139.43,139.43,33.66,34.86,47.9,2.5,2.0,21.3,18.35,1,0,2,0,1,0,0,4,8,29,29,0,0,2,0,7,5,Direct,Direct,Yes,Yes,1,Otoño,Sunday,10,2025,12,Low
2025-10-13,0,0,0,0,0.0,0.0,0.0,0.0,0.0,0.0,0.0,0.0,0.0,0.0,0,0,0,0,0,0,0,0,0,29,29,0,0,0,0,0,0,Closed,None,No,Yes,1,Otoño,Monday,10,2025,12,None
2025-10-14,1,12,12,6,0.5,253.22,253.22,39.34,42.2,36.2,7.91,0.67,28.1,15.6,0,1,0,0,0,1,0,2,4,29,29,1,1,2,1,3,2,Rural_lodging,Partner_referral,Yes,Yes,1,Otoño,Tuesday,10,2025,11,Low
2025-10-15,0,0,0,0,0.0,0.0,0.0,0.0,0.0,0.0,0.0,0.0,0.0,0.0,0,0,0,0,0,0,0,0,0,29,29,0,0,0,0,0,0,Closed,None,No,Yes,1,Otoño,Wednesday,10,2025,11,None
2025-10-16,0,0,0,0,0.0,0.0,0.0,0.0,0.0,0.0,0.0,0.0,0.0,0.0,0,0,0,0,0,0,0,0,0,29,29,0,0,0,0,0,0,Closed,None,No,Yes,1,Otoño,Thursday,10,2025,11,None
2025-10-17,1,25,25,11,0.44,488.45,488.45,39.74,44.4,49.1,9.5,0.91,26.6,17.6,0,4,0,1,0,2,0,3,10,29,29,1,0,4,0,4,2,Event_local,Offline_event,Yes,Yes,1,Otoño,Friday,10,2025,12,Medium
2025-10-18,1,22,22,13,0.5909,489.67,489.67,35.58,37.67,31.1,6.72,0.62,30.5,14.61,1,0,2,1,1,1,0,2,8,28,28,1,1,4,1,3,0,Direct,Direct,Yes,Yes,1,Otoño,Saturday,10,2025,11,Medium
2025-10-19,1,28,28,13,0.4643,540.97,540.97,38.93,41.61,37.5,7.14,1.08,27.6,17.41,2,2,2,2,1,3,0,2,14,27,27,2,1,4,1,11,1,Direct,Direct,Yes,Yes,1,Otoño,Sunday,10,2025,12,Medium
2025-10-20,0,0,0,0,0.0,0.0,0.0,0.0,0.0,0.0,0.0,0.0,0.0,0.0,0,0,0,0,0,0,0,0,0,27,27,0,0,0,0,0,0,Closed,None,No,Yes,1,Otoño,Monday,10,2025,11,None
2025-10-21,0,0,0,0,0.0,0.0,0.0,0.0,0.0,0.0,0.0,0.0,0.0,0.0,0,0,0,0,0,0,0,0,0,27,27,0,0,0,0,0,0,Closed,None,No,No,0,Otoño,Tuesday,10,2025,12,None
2025-10-22,0,0,0,0,0.0,0.0,0.0,0.0,0.0,0.0,0.0,0.0,0.0,0.0,0,0,0,0,0,0,0,0,0,27,27,0,0,0,0,0,0,Closed,None,No,No,0,Otoño,Wednesday,10,2025,12,None
2025-10-23,0,0,0,0,0.0,0.0,0.0,0.0,0.0,0.0,0.0,0.0,0.0,0.0,0,0,0,0,0,0,0,0,0,27,27,0,0,0,0,0,0,Closed,None,No,No,0,Otoño,Thursday,10,2025,11,None
2025-10-24,1,13,13,6,0.4615,275.54,275.54,43.75,45.92,36.9,5.89,1.0,31.1,14.77,0,2,2,1,0,0,0,1,6,27,27,0,0,2,0,3,0,Rural_lodging,Partner_referral,No,No,0,Otoño,Friday,10,2025,12,Low
2025-10-25,1,16,16,4,0.25,174.11,174.11,41.81,43.53,31.3,5.49,0.75,18.3,17.79,1,0,0,0,0,1,0,1,3,27,27,1,0,1,0,3,1,Direct,Direct,No,No,0,Otoño,Saturday,10,2025,11,Low
2025-10-26,1,20,20,7,0.35,305.17,305.17,42.41,43.6,17.3,6.84,0.71,24.0,17.13,1,0,0,0,1,3,0,0,5,26,26,0,0,3,0,4,1,Rural_lodging,Partner_referral,No,No,0,Otoño,Sunday,10,2025,11,Low
2025-10-27,1,18,18,9,0.5,287.5,287.5,30.12,31.94,25.8,7.09,0.89,17.2,15.42,3,2,1,0,1,0,0,1,8,25,25,0,0,4,0,6,1,Rural_lodging,Partner_referral,Yes,No,0,Otoño,Monday,10,2025,11,Low
2025-10-28,0,0,0,0,0.0,0.0,0.0,0.0,0.0,0.0,0.0,0.0,0.0,0.0,0,0,0,0,0,0,0,0,0,25,25,0,0,0,0,0,0,Closed,None,No,No,0,Otoño,Tuesday,10,2025,11,None
2025-10-29,0,0,0,0,0.0,0.0,0.0,0.0,0.0,0.0,0.0,0.0,0.0,0.0,0,0,0,0,0,0,0,0,0,25,25,0,0,0,0,0,0,Closed,None,No,No,0,Otoño,Wednesday,10,2025,12,None
2025-10-30,0,0,0,0,0.0,0.0,0.0,0.0,0.0,0.0,0.0,0.0,0.0,0.0,0,0,0,0,0,0,0,0,0,25,25,0,0,0,0,0,0,Closed,None,No,No,0,Otoño,Thursday,10,2025,12,None
2025-10-31,1,12,12,6,0.5,225.55,225.55,35.65,37.59,34.0,5.72,0.83,21.5,12.89,1,1,0,0,0,1,1,1,5,25,25,2,1,2,1,3,1,Rural_lodging,Partner_referral,No,No,0,Otoño,Friday,10,2025,11,Low
2025-11-01,1,16,16,4,0.25,148.94,148.94,35.76,37.23,28.0,5.26,0.75,25.8,13.27,1,1,0,0,0,0,0,1,3,25,25,0,0,1,0,5,1,Direct,Direct,No,No,0,Otoño,Saturday,11,2025,11,Low
2025-11-02,1,13,13,4,0.3077,123.04,123.04,28.26,30.76,29.2,8.57,1.0,32.0,14.14,1,0,1,0,0,0,1,1,4,25,25,0,0,2,0,4,0,Direct,Direct,Yes,No,0,Otoño,Sunday,11,2025,11,Low
2025-11-03,0,0,0,0,0.0,0.0,0.0,0.0,0.0,0.0,0.0,0.0,0.0,0.0,0,0,0,0,0,0,0,0,0,25,25,0,0,0,0,0,0,Closed,None,No,No,0,Otoño,Monday,11,2025,11,None
2025-11-04,0,0,0,0,0.0,0.0,0.0,0.0,0.0,0.0,0.0,0.0,0.0,0.0,0,0,0,0,0,0,0,0,0,25,25,0,0,0,0,0,0,Closed,None,No,No,0,Otoño,Tuesday,11,2025,11,None
2025-11-05,0,0,0,0,0.0,0.0,0.0,0.0,0.0,0.0,0.0,0.0,0.0,0.0,0,0,0,0,0,0,0,0,0,25,25,0,0,0,0,0,0,Closed,None,No,No,0,Otoño,Wednesday,11,2025,12,None
2025-11-06,0,0,0,0,0.0,0.0,0.0,0.0,0.0,0.0,0.0,0.0,0.0,0.0,0,0,0,0,0,0,0,0,0,25,25,0,0,0,0,0,0,Closed,None,No,No,0,Otoño,Thursday,11,2025,12,None
2025-11-07,0,0,0,0,0.0,0.0,0.0,0.0,0.0,0.0,0.0,0.0,0.0,0.0,0,0,0,0,0,0,0,0,0,25,25,0,0,0,0,0,0,Closed,None,No,No,0,Otoño,Friday,11,2025,12,None
2025-11-08,1,15,15,6,0.4,244.8,244.8,38.59,40.8,30.7,7.18,0.83,16.0,11.89,2,0,2,1,0,0,0,0,5,25,25,0,0,3,0,5,0,Direct,Direct,No,No,0,Otoño,Saturday,11,2025,11,Low
2025-11-09,1,19,19,5,0.2632,164.33,164.33,30.96,32.87,35.0,5.45,2.0,21.5,13.54,0,0,1,0,2,1,1,5,10,23,23,0,0,2,0,6,1,Passerby,Walk_in,Yes,No,0,Otoño,Sunday,11,2025,11,Low
2025-11-10,0,0,0,0,0.0,0.0,0.0,0.0,0.0,0.0,0.0,0.0,0.0,0.0,0,0,0,0,0,0,0,0,0,23,23,0,0,0,0,0,0,Closed,None,No,No,0,Otoño,Monday,11,2025,11,None
2025-11-11,0,0,0,0,0.0,0.0,0.0,0.0,0.0,0.0,0.0,0.0,0.0,0.0,0,0,0,0,0,0,0,0,0,23,23,0,0,0,0,0,0,Closed,None,No,No,0,Otoño,Tuesday,11,2025,12,None
2025-11-12,0,0,0,0,0.0,0.0,0.0,0.0,0.0,0.0,0.0,0.0,0.0,0.0,0,0,0,0,0,0,0,0,0,23,23,0,0,0,0,0,0,Closed,None,No,No,0,Otoño,Wednesday,11,2025,12,None
2025-11-13,0,0,0,0,0.0,0.0,0.0,0.0,0.0,0.0,0.0,0.0,0.0,0.0,0,0,0,0,0,0,0,0,0,23,23,0,0,0,0,0,0,Closed,None,No,No,0,Otoño,Thursday,11,2025,11,None
2025-11-14,0,0,0,0,0.0,0.0,0.0,0.0,0.0,0.0,0.0,0.0,0.0,0.0,0,0,0,0,0,0,0,0,0,23,23,0,0,0,0,0,0,Closed,None,No,No,0,Otoño,Friday,11,2025,11,None
2025-11-15,1,19,19,4,0.2105,164.42,164.42,39.47,41.1,29.6,5.52,1.25,16.2,14.72,0,1,0,0,0,2,0,2,5,50,50,0,0,2,0,3,1,Rural_lodging,Partner_referral,No,No,0,Otoño,Saturday,11,2025,11,Low
2025-11-16,1,17,17,6,0.3529,267.43,267.43,41.89,44.57,34.9,7.68,0.5,22.3,15.14,0,1,0,0,0,0,0,2,3,50,50,1,0,2,0,6,3,Direct,Direct,No,No,0,Otoño,Sunday,11,2025,12,Low
2025-11-17,0,0,0,0,0.0,0.0,0.0,0.0,0.0,0.0,0.0,0.0,0.0,0.0,0,0,0,0,0,0,0,0,0,50,50,0,0,0,0,0,0,Closed,None,No,No,0,Otoño,Monday,11,2025,11,None
2025-11-18,0,0,0,0,0.0,0.0,0.0,0.0,0.0,0.0,0.0,0.0,0.0,0.0,0,0,0,0,0,0,0,0,0,50,50,0,0,0,0,0,0,Closed,None,No,No,0,Otoño,Tuesday,11,2025,11,None
2025-11-19,1,17,17,4,0.2353,156.8,156.8,35.09,39.2,40.1,10.23,0.5,26.4,13.97,0,0,0,0,0,0,0,2,2,50,50,0,0,2,0,6,2,Rural_lodging,Partner_referral,No,No,0,Otoño,Wednesday,11,2025,11,Low
2025-11-20,0,0,0,0,0.0,0.0,0.0,0.0,0.0,0.0,0.0,0.0,0.0,0.0,0,0,0,0,0,0,0,0,0,50,50,0,0,0,0,0,0,Closed,None,No,No,0,Otoño,Thursday,11,2025,11,None
2025-11-21,0,0,0,0,0.0,0.0,0.0,0.0,0.0,0.0,0.0,0.0,0.0,0.0,0,0,0,0,0,0,0,0,0,50,50,0,0,0,0,0,0,Closed,None,No,No,0,Otoño,Friday,11,2025,12,None
2025-11-22,1,14,14,3,0.2143,100.47,100.47,31.26,33.49,40.1,5.55,0.67,29.5,11.57,0,0,0,0,0,0,0,2,2,50,50,0,0,1,0,5,1,Event_local,Offline_event,No,No,0,Otoño,Saturday,11,2025,12,Low
2025-11-23,1,29,29,4,0.1379,148.48,148.48,34.07,37.12,34.3,8.87,0.75,21.3,14.56,0,0,0,1,0,0,0,2,3,50,50,0,0,2,0,8,3,Direct,Direct,No,No,0,Otoño,Sunday,11,2025,12,Low
2025-11-24,0,0,0,0,0.0,0.0,0.0,0.0,0.0,0.0,0.0,0.0,0.0,0.0,0,0,0,0,0,0,0,0,0,50,50,0,0,0,0,0,0,Closed,None,No,No,0,Otoño,Monday,11,2025,12,None
2025-11-25,0,0,0,0,0.0,0.0,0.0,0.0,0.0,0.0,0.0,0.0,0.0,0.0,0,0,0,0,0,0,0,0,0,50,50,0,0,0,0,0,0,Closed,None,No,No,0,Otoño,Tuesday,11,2025,12,None
2025-11-26,0,0,0,0,0.0,0.0,0.0,0.0,0.0,0.0,0.0,0.0,0.0,0.0,0,0,0,0,0,0,0,0,0,50,50,0,0,0,0,0,0,Closed,None,No,No,0,Otoño,Wednesday,11,2025,12,None
2025-11-27,0,0,0,0,0.0,0.0,0.0,0.0,0.0,0.0,0.0,0.0,0.0,0.0,0,0,0,0,0,0,0,0,0,50,50,0,0,0,0,0,0,Closed,None,No,No,0,Otoño,Thursday,11,2025,12,None
2025-11-28,0,0,0,0,0.0,0.0,0.0,0.0,0.0,0.0,0.0,0.0,0.0,0.0,0,0,0,0,0,0,0,0,0,50,50,0,0,0,0,0,0,Closed,None,No,No,0,Otoño,Friday,11,2025,12,None
2025-11-29,1,14,14,3,0.2143,123.35,123.35,38.06,41.12,48.5,6.3,0.67,24.0,16.56,0,0,1,0,1,0,0,0,2,49,49,0,0,1,0,3,0,Direct,Direct,No,No,0,Otoño,Saturday,11,2025,12,Low
2025-11-30,1,15,15,4,0.2667,176.9,176.9,43.38,44.22,16.3,5.16,1.0,29.1,14.83,0,0,0,1,0,1,0,2,4,49,49,0,0,1,0,5,1,Direct,Direct,No,No,0,Otoño,Sunday,11,2025,12,Low
2025-12-01,0,0,0,0,0.0,0.0,0.0,0.0,0.0,0.0,0.0,0.0,0.0,0.0,0,0,0,0,0,0,0,0,0,49,49,0,0,0,0,0,0,Closed,None,No,No,0,Invierno,Monday,12,2025,11,None
2025-12-02,0,0,0,0,0.0,0.0,0.0,0.0,0.0,0.0,0.0,0.0,0.0,0.0,0,0,0,0,0,0,0,0,0,49,49,0,0,0,0,0,0,Closed,None,No,No,0,Invierno,Tuesday,12,2025,11,None
2025-12-03,0,0,0,0,0.0,0.0,0.0,0.0,0.0,0.0,0.0,0.0,0.0,0.0,0,0,0,0,0,0,0,0,0,49,49,0,0,0,0,0,0,Closed,None,No,No,0,Invierno,Wednesday,12,2025,12,None
2025-12-04,0,0,0,0,0.0,0.0,0.0,0.0,0.0,0.0,0.0,0.0,0.0,0.0,0,0,0,0,0,0,0,0,0,49,49,0,0,0,0,0,0,Closed,None,No,No,0,Invierno,Thursday,12,2025,11,None
2025-12-05,1,5,5,2,0.4,72.96,72.96,33.97,36.48,42.7,5.89,1.0,34.3,14.44,0,0,1,0,0,0,0,1,2,49,49,0,0,1,0,0,1,Rural_lodging,Partner_referral,No,No,0,Invierno,Friday,12,2025,11,Low
2025-12-06,1,7,7,2,0.2857,90.84,90.84,43.68,45.42,28.3,6.16,0.5,16.7,15.58,0,0,0,0,1,0,0,0,1,48,48,0,0,1,0,3,0,Rural_lodging,Partner_referral,No,No,0,Invierno,Saturday,12,2025,12,Low
2025-12-07,1,12,12,4,0.3333,141.86,141.86,34.47,35.46,14.7,6.74,0.25,12.7,17.76,0,0,0,0,0,0,1,0,1,48,48,0,0,2,0,6,0,Direct,Direct,No,No,0,Invierno,Sunday,12,2025,11,Low
2025-12-08,0,0,0,0,0.0,0.0,0.0,0.0,0.0,0.0,0.0,0.0,0.0,0.0,0,0,0,0,0,0,0,0,0,48,48,0,0,0,0,0,0,Closed,None,No,No,0,Invierno,Monday,12,2025,12,None
2025-12-09,0,0,0,0,0.0,0.0,0.0,0.0,0.0,0.0,0.0,0.0,0.0,0.0,0,0,0,0,0,0,0,0,0,48,48,0,0,0,0,0,0,Closed,None,No,No,0,Invierno,Tuesday,12,2025,12,None
2025-12-10,0,0,0,0,0.0,0.0,0.0,0.0,0.0,0.0,0.0,0.0,0.0,0.0,0,0,0,0,0,0,0,0,0,48,48,0,0,0,0,0,0,Closed,None,No,No,0,Invierno,Wednesday,12,2025,12,None
2025-12-11,0,0,0,0,0.0,0.0,0.0,0.0,0.0,0.0,0.0,0.0,0.0,0.0,0,0,0,0,0,0,0,0,0,48,48,0,0,0,0,0,0,Closed,None,No,No,0,Invierno,Thursday,12,2025,11,None
2025-12-12,1,12,12,3,0.25,94.73,94.73,30.25,31.58,21.4,6.21,0.67,27.4,16.38,1,0,0,0,0,1,0,0,2,48,48,0,0,1,0,5,0,Passerby,Walk_in,No,No,0,Invierno,Friday,12,2025,12,Low
2025-12-13,1,10,10,4,0.4,145.77,145.77,34.84,36.44,26.8,5.97,1.0,26.1,14.87,1,1,0,0,0,0,0,2,4,48,48,0,0,2,0,6,2,Direct,Direct,No,No,0,Invierno,Saturday,12,2025,11,Low
2025-12-14,1,9,9,5,0.5556,191.37,191.37,37.16,38.27,22.5,4.97,0.4,32.6,13.41,0,0,0,0,1,0,1,0,2,47,47,0,0,2,0,2,1,Direct,Direct,No,No,0,Invierno,Sunday,12,2025,12,Low
2025-12-15,1,5,5,2,0.4,68.59,68.59,32.08,34.29,28.8,7.67,0.0,21.0,19.18,0,0,0,0,0,0,0,0,0,47,47,0,0,1,0,3,2,Direct,Direct,Yes,No,0,Invierno,Monday,12,2025,11,Low
2025-12-16,0,0,0,0,0.0,0.0,0.0,0.0,0.0,0.0,0.0,0.0,0.0,0.0,0,0,0,0,0,0,0,0,0,47,47,0,0,0,0,0,0,Closed,None,No,No,0,Invierno,Tuesday,12,2025,12,None
2025-12-17,0,0,0,0,0.0,0.0,0.0,0.0,0.0,0.0,0.0,0.0,0.0,0.0,0,0,0,0,0,0,0,0,0,47,47,0,0,0,0,0,0,Closed,None,No,No,0,Invierno,Wednesday,12,2025,12,None
2025-12-18,0,0,0,0,0.0,0.0,0.0,0.0,0.0,0.0,0.0,0.0,0.0,0.0,0,0,0,0,0,0,0,0,0,47,47,0,0,0,0,0,0,Closed,None,No,No,0,Invierno,Thursday,12,2025,11,None
2025-12-19,1,7,7,3,0.4286,120.74,120.74,39.08,40.25,12.8,9.12,0.67,27.8,20.42,0,0,0,1,0,0,0,1,2,47,47,0,0,1,0,2,0,Rural_lodging,Partner_referral,No,No,0,Invierno,Friday,12,2025,11,Low
2025-12-20,1,10,10,1,0.1,36.85,36.85,33.86,36.85,31.8,9.4,2.0,18.2,15.5,0,0,0,0,0,0,1,1,2,47,47,0,0,0,0,4,0,Rural_lodging,Partner_referral,Yes,Yes,1,Invierno,Saturday,12,2025,11,Low
2025-12-21,1,10,10,4,0.4,160.24,160.24,36.5,40.06,48.6,7.32,1.75,32.8,12.35,0,1,0,0,0,4,1,1,7,47,47,1,0,1,0,2,0,Passerby,Walk_in,Yes,Yes,1,Invierno,Sunday,12,2025,12,Low
2025-12-22,0,0,0,0,0.0,0.0,0.0,0.0,0.0,0.0,0.0,0.0,0.0,0.0,0,0,0,0,0,0,0,0,0,47,47,0,0,0,0,0,0,Closed,None,No,Yes,1,Invierno,Monday,12,2025,12,None
2025-12-23,0,0,0,0,0.0,0.0,0.0,0.0,0.0,0.0,0.0,0.0,0.0,0.0,0,0,0,0,0,0,0,0,0,47,47,0,0,0,0,0,0,Closed,None,No,Yes,1,Invierno,Tuesday,12,2025,12,None
2025-12-24,0,0,0,0,0.0,0.0,0.0,0.0,0.0,0.0,0.0,0.0,0.0,0.0,0,0,0,0,0,0,0,0,0,47,47,0,0,0,0,0,0,Closed,None,No,Yes,1,Invierno,Wednesday,12,2025,11,None
2025-12-25,0,0,0,0,0.0,0.0,0.0,0.0,0.0,0.0,0.0,0.0,0.0,0.0,0,0,0,0,0,0,0,0,0,47,47,0,0,0,0,0,0,Closed,None,No,Yes,1,Invierno,Thursday,12,2025,11,None
2025-12-26,1,13,13,9,0.6923,349.96,349.96,36.25,38.88,28.9,9.1,1.11,13.0,13.99,0,3,0,2,1,0,2,2,10,46,46,1,1,4,1,4,0,Direct,Direct,Yes,Yes,1,Invierno,Friday,12,2025,12,Low
2025-12-27,1,10,10,3,0.3,139.31,139.31,43.77,46.44,43.1,6.18,0.67,13.5,18.26,0,0,0,0,0,1,1,0,2,46,46,1,0,1,0,4,1,Direct,Direct,Yes,Yes,1,Invierno,Saturday,12,2025,12,Low
2025-12-28,1,21,21,7,0.3333,299.56,299.56,39.62,42.79,60.4,5.26,1.14,23.1,14.05,2,1,1,1,1,1,1,0,8,45,45,2,2,3,2,2,0,Rural_lodging,Partner_referral,Yes,Yes,1,Invierno,Sunday,12,2025,12,Low
2025-12-29,0,0,0,0,0.0,0.0,0.0,0.0,0.0,0.0,0.0,0.0,0.0,0.0,0,0,0,0,0,0,0,0,0,45,45,0,0,0,0,0,0,Closed,None,No,Yes,1,Invierno,Monday,12,2025,12,None
2025-12-30,0,0,0,0,0.0,0.0,0.0,0.0,0.0,0.0,0.0,0.0,0.0,0.0,0,0,0,0,0,0,0,0,0,45,45,0,0,0,0,0,0,Closed,None,No,Yes,1,Invierno,Tuesday,12,2025,11,None
